tradedate,secid,open,high,low,close,volume,numtrades,value,settleprice
2023-01-03,AFH3,2481.0,2504.0,2463.0,2479.0,1571,330,3907329.0,2483.0
2023-01-03,AFM3,2533.0,2544.0,2531.0,2536.0,11,8,27870.0,2535.0
2023-01-03,AKH3,12107.0,12352.0,12087.0,12339.0,459,175,5620203.0,12326.0
2023-01-03,ALH3,5982.0,6055.0,5962.0,6029.0,2555,780,15361199.0,6029.0
2023-01-03,ALM3,6110.0,6154.0,6099.0,6142.0,49,28,300751.0,6142.0
2023-01-03,AUH3,0.6698,0.6737,0.6698,0.6737,18,2,859092.32,0.6742
2023-01-03,BRG3,87.6,89.1,87.59,87.87,60646,25303,3803221819.84,87.98
2023-01-03,BRH3,89.79,91.14,89.62,90.09,1810,1241,116078222.72,90.09
2023-01-03,BRJ3,91.13,92.29,90.86,91.65,334,142,21816798.46,91.65
2023-01-03,BRK3,91.38,93.78,91.06,92.91,130,93,8561236.49,92.91
2023-01-03,BRM3,90.88,93.07,90.56,92.47,31,26,2023127.06,92.47
2023-01-03,BRN3,89.56,92.24,89.56,91.68,3,3,194368.25,91.67
2023-01-03,BRQ3,90.4,90.4,90.4,90.4,2,2,128498.54,90.52
2023-01-03,BRU3,90.5,93.35,90.5,93.0,7,7,460661.57,93.0
2023-01-03,BRV3,93.95,93.95,92.9,92.9,4,4,264850.54,92.89
2023-01-03,BRX3,92.84,106.97,92.84,106.97,11,9,761460.43,93.38
2023-01-03,CFH3,0.9356,0.9356,0.9356,0.9356,1,1,71274.48,0.9356
2023-01-03,CHH3,86191.0,87400.0,86105.0,87349.0,84,75,7288807.0,87251.0
2023-01-03,CNYRUBF,9.91,10.18,9.87,10.12,25668,3300,257809960.0,10.08
2023-01-03,CRH3,10.004,10.24,9.952,10.157,1139968,68236,11522163971.0,10.163
2023-01-03,CRM3,10.188,10.397,10.117,10.317,4027,1183,41382293.0,10.321
2023-01-03,CRU3,10.345,10.6,10.3,10.557,47,33,491616.0,10.557
2023-01-03,CRZ3,10.764,10.999,10.301,10.9,45,20,480150.0,10.981
2023-01-03,DYH3,6088.0,6625.0,6088.0,6555.0,1881,515,12203907.0,6555.0
2023-01-03,EDH3,1.0388,1.0418,1.034,1.0384,70904,25076,5227216518.56,1.0378
2023-01-03,EDM3,1.0342,1.0368,1.0316,1.033,661,414,48544849.68,1.0327
2023-01-03,EDU3,1.0255,1.0345,1.0234,1.0235,1040,62,76256796.14,1.0235
2023-01-03,EURRUBF,73.9,75.46,73.26,75.04,3865,1844,286906340.0,74.82
2023-01-03,EuH3,72801.0,74543.0,72268.0,74175.0,80392,32443,5902567537.0,74119.0
2023-01-03,EuH4,77753.0,77753.0,77753.0,77753.0,1,1,77753.0,77753.0
2023-01-03,EuM3,73291.0,74950.0,72932.0,74478.0,682,445,50418602.0,74518.0
2023-01-03,EuU3,74309.0,75865.0,74268.0,75803.0,23,21,1729764.0,75803.0
2023-01-03,EuZ3,76408.0,76408.0,76408.0,76408.0,1,1,76408.0,76408.0
2023-01-03,FNH3,6193.0,6193.0,6193.0,6193.0,1,1,6193.0,6220.0
2023-01-03,FSH3,8383.0,8383.0,8335.0,8342.0,20,11,166871.0,8342.0
2023-01-03,FSM3,8620.0,8620.0,8620.0,8620.0,2,2,17240.0,8620.0
2023-01-03,FVH3,15323.0,15397.0,14977.0,15281.0,532,194,8112934.0,15304.0
2023-01-03,GDH3,1797.6,1822.0,1790.8,1808.8,76595,26989,9855738434.91,1807.7
2023-01-03,GDM3,1793.4,1818.2,1791.8,1806.4,1760,1180,226102294.97,1804.5
2023-01-03,GDU3,1806.3,1832.4,1795.9,1809.6,101,85,13061172.66,1814.6
2023-01-03,GDZ3,1828.0,1845.0,1828.0,1834.4,14,10,1828289.69,1834.4
2023-01-03,GKH3,15529.0,15811.0,15516.0,15730.0,8561,4172,134698292.0,15747.0
2023-01-03,GKM3,15664.0,15924.0,15664.0,15924.0,19,13,301211.0,15924.0
2023-01-03,GKU3,15602.0,15602.0,14901.0,14901.0,18,18,274101.0,14901.0
2023-01-03,GUH3,1.2079,1.2079,1.1926,1.1987,32,26,2725490.93,1.199
2023-01-03,GZH3,16548.0,16695.0,16483.0,16631.0,25188,9190,418426462.0,16605.0
2023-01-03,GZM3,16833.0,16954.0,16785.0,16886.0,52,50,877657.0,16879.0
2023-01-03,GZM4,17824.0,17824.0,17824.0,17824.0,1,1,17824.0,17826.0
2023-01-03,GZU4,18381.0,18382.0,18381.0,18382.0,2,2,36763.0,18289.0
2023-01-03,HOH3,25760.0,25760.0,25550.0,25550.0,3,3,76870.0,25550.0
2023-01-03,HOU3,25850.0,25850.0,24880.0,25400.0,32,6,812200.0,25850.0
2023-01-03,HSH3,20673.0,21058.0,20576.0,21030.0,350,147,659411.85,20976.0
2023-01-03,HSM3,20317.0,21989.0,20317.0,21970.0,29,14,55656.04,21000.0
2023-01-03,HYH3,7738.0,7862.0,7738.0,7790.0,312,114,2437717.0,7790.0
2023-01-03,HYM3,7989.0,7989.0,7920.0,7920.0,10,5,79529.0,7920.0
2023-01-03,IRH3,34449.0,34700.0,34242.0,34589.0,67,30,2307870.0,34589.0
2023-01-03,JPH3,134.48,134.48,131.03,132.5,22,22,1543098.81,132.5
2023-01-03,LKH3,41311.0,42000.0,41293.0,41948.0,3284,2249,137125153.0,41973.0
2023-01-03,LKM3,42307.0,42912.0,42307.0,42846.0,42,42,1793712.0,42878.0
2023-01-03,LKU3,42100.0,42100.0,42100.0,42100.0,2,2,84200.0,42798.0
2023-01-03,MAH3,5305.0,5976.0,5305.0,5976.0,7,3,39816.0,5743.0
2023-01-03,MCH3,10660.0,11088.0,10638.0,10959.0,146,77,1598445.0,10959.0
2023-01-03,MEH3,9320.0,9483.0,9254.0,9460.0,1690,952,15876396.0,9460.0
2023-01-03,MEM3,9265.0,9265.0,9265.0,9265.0,1,1,9265.0,9374.0
2023-01-03,MGH3,33245.0,33784.0,33176.0,33774.0,134,100,4482032.0,33725.0
2023-01-03,MLH3,4430.0,4585.0,4422.0,4563.0,1571,483,7082745.0,4578.0
2023-01-03,MLM3,4511.0,4654.0,4511.0,4654.0,8,8,36727.0,4654.0
2023-01-03,MMH3,2189.8,2205.0,2185.35,2200.7,15145,5257,332704157.0,2200.8
2023-01-03,MMM3,2173.6,2192.95,2173.6,2187.15,28,22,612078.0,2187.15
2023-01-03,MMU3,2225.1,2227.5,2225.1,2227.5,3,3,66777.0,2227.5
2023-01-03,MMU5,2489.85,2489.9,2489.85,2489.9,2,2,49797.5,2421.55
2023-01-03,MMZ4,2414.8,2414.85,2414.8,2414.85,2,2,48296.5,2414.85
2023-01-03,MNH3,4424.0,4452.0,4389.0,4452.0,4901,993,21678439.0,4442.0
2023-01-03,MNM3,4512.0,4531.0,4483.0,4531.0,53,31,238887.0,4524.0
2023-01-03,MTH3,23899.0,23942.0,23876.0,23923.0,125,56,2987255.0,23925.0
2023-01-03,MXH3,219000.0,220475.0,218500.0,220000.0,6322,4219,1388926800.0,220025.0
2023-01-03,MXM3,216100.0,219100.0,216100.0,218900.0,31,27,6777000.0,218900.0
2023-01-03,NAH3,11065.0,11235.0,11020.0,11086.0,36995,3747,292734813.78,11082.0
2023-01-03,NAM3,11017.0,11200.0,11001.0,11002.0,66,49,521389.09,11049.0
2023-01-03,NAU3,11255.0,11389.0,11200.0,11389.0,80,24,646513.62,11359.0
2023-01-03,NAZ3,11802.0,11802.0,11802.0,11802.0,3,3,25163.76,11329.0
2023-01-03,NGF3,4.842,4.913,4.225,4.288,245816,92623,7876637117.81,4.293
2023-01-03,NGG3,4.815,4.889,4.38,4.464,21176,12917,691390212.3,4.463
2023-01-03,NGH3,4.897,4.911,4.496,4.556,2021,958,66976352.55,4.556
2023-01-03,NGJ3,5.089,5.716,4.515,4.515,522,338,18171612.28,4.609
2023-01-03,NGK3,5.08,5.08,4.7,4.7,34,29,1158483.97,4.7
2023-01-03,NGM3,4.873,4.95,4.873,4.947,18,9,629493.59,4.947
2023-01-03,NKH3,108868.0,110181.0,108868.0,109311.0,90,75,9858803.0,109461.0
2023-01-03,NKM3,107650.0,109090.0,107650.0,109090.0,11,3,1185590.0,109090.0
2023-01-03,NMH3,11587.0,11600.0,11180.0,11479.0,3649,2550,41746290.0,11479.0
2023-01-03,NMM3,11700.0,11749.0,11386.0,11679.0,22,19,253249.0,11679.0
2023-01-03,OGH3,5368.0,5700.0,5368.0,5700.0,11,3,61698.0,5700.0
2023-01-03,OZH3,14251.0,14791.0,14180.0,14605.0,409,205,5983981.0,14650.0
2023-01-03,PDH3,1866.87,1895.0,1863.0,1870.0,30,26,4000819.13,1870.0
2023-01-03,PDM3,1929.41,1949.7,1929.41,1949.7,2,2,275696.11,1932.55
2023-01-03,PHH3,6449.0,6563.0,6351.0,6541.0,828,261,5364842.0,6542.0
2023-01-03,PIH3,6039.0,6077.0,6038.0,6052.0,61,11,370050.0,6071.0
2023-01-03,POH3,3769.0,3857.0,3760.0,3817.0,4108,1367,15714884.0,3819.0
2023-01-03,POM3,3892.0,3914.0,3890.0,3899.0,23,22,89653.0,3890.0
2023-01-03,PSH3,1162.0,1306.0,1162.0,1306.0,17,4,22058.0,1301.0
2023-01-03,PTH3,1073.8,1104.9,1069.8,1084.8,414,249,32076632.28,1085.5
2023-01-03,PTM3,1089.4,1123.2,1089.4,1123.2,7,7,548883.49,1114.4
2023-01-03,PZH3,77698.0,79969.0,77537.0,79400.0,456,382,36195602.0,79573.0
2023-01-03,RBH3,13019.0,13049.0,13019.0,13049.0,21,3,273629.0,13049.0
2023-01-03,RIH3,98260.0,99410.0,96840.0,96930.0,50144,36044,6980374190.07,97080.0
2023-01-03,RIH4,98250.0,98250.0,98010.0,98010.0,2,2,278971.81,98010.0
2023-01-03,RIM3,97860.0,98560.0,96580.0,96700.0,124,117,17187427.11,96740.0
2023-01-03,RIU3,97510.0,97580.0,96050.0,96050.0,4,4,552456.87,96130.0
2023-01-03,RIZ3,96020.0,96020.0,95630.0,95630.0,2,2,272418.98,95820.0
2023-01-03,RLH3,4068.0,4175.0,4064.0,4153.0,445,142,1837536.0,4154.0
2023-01-03,RMH3,987.0,996.5,972.0,974.5,11137,4494,155507092.15,975.0
2023-01-03,RMM3,977.0,983.5,967.5,969.0,151,80,2088918.57,969.0
2023-01-03,RMU3,964.0,964.0,964.0,964.0,3,3,41108.16,964.0
2023-01-03,RNH3,35192.0,35999.0,35192.0,35471.0,2490,1359,88777022.0,35514.0
2023-01-03,RNH5,37869.0,37869.0,37000.0,37000.0,2,2,74869.0,37000.0
2023-01-03,RNM3,35511.0,35616.0,35511.0,35600.0,3,3,106727.0,35614.0
2023-01-03,RNM4,36190.0,36190.0,36190.0,36190.0,1,1,36190.0,36187.0
2023-01-03,RNZ4,38838.0,38838.0,38838.0,38838.0,2,2,77676.0,35054.0
2023-01-03,RTH3,5695.0,5737.0,5676.0,5712.0,102,24,583029.0,5712.0
2023-01-03,SAH3,29.5,30.37,29.3,29.85,22,20,668497.52,29.85
2023-01-03,SEH3,1166.0,1176.0,1150.0,1176.0,108,40,126065.0,1176.0
2023-01-03,SFH3,385.21,389.41,383.61,386.39,38148,8859,1049045317.06,386.3
2023-01-03,SFM3,385.56,388.0,383.51,386.09,547,419,15010596.46,386.17
2023-01-03,SFU3,384.82,385.98,384.82,385.58,10,8,274200.74,385.58
2023-01-03,SFZ3,391.63,391.63,391.63,391.63,1,1,27833.93,390.1
2023-01-03,SGH3,26415.0,26653.0,26415.0,26588.0,145,90,3846288.0,26588.0
2023-01-03,SNH3,22102.0,22252.0,21986.0,22215.0,1152,507,25481513.0,22212.0
2023-01-03,SOH3,4603.0,4619.0,4560.0,4568.0,1143,247,5234590.0,4568.0
2023-01-03,SPH3,14197.0,14415.0,14137.0,14232.0,3242,1886,46287264.0,14257.0
2023-01-03,SPM3,14368.0,14368.0,14280.0,14280.0,23,17,330016.0,14280.0
2023-01-03,SRH3,14369.0,14583.0,14319.0,14369.0,123605,31270,1785949804.0,14402.0
2023-01-03,SRM3,14537.0,14759.0,14537.0,14595.0,777,550,11366834.0,14612.0
2023-01-03,SRU3,14705.0,14944.0,14705.0,14805.0,35,23,518563.0,14821.0
2023-01-03,SRZ3,14972.0,15190.0,14972.0,15150.0,18,11,271549.0,15103.0
2023-01-03,SSH3,2454.0,2494.0,2411.0,2469.0,172,71,423295.0,2468.0
2023-01-03,SVH3,23.35,23.9,23.23,23.6,25700,7431,432104905.37,23.61
2023-01-03,SVM3,23.45,24.0,23.44,23.76,694,438,11736081.33,23.76
2023-01-03,SVU3,24.42,24.77,24.15,24.56,17,11,294715.11,24.54
2023-01-03,SVZ3,24.86,24.86,24.86,24.86,1,1,17668.55,24.86
2023-01-03,SXH3,3699.8,3796.9,3683.8,3714.3,380,38,1060924.87,3715.9
2023-01-03,SXM3,3615.0,4004.0,3384.1,3420.0,71,38,195413.01,3673.2
2023-01-03,SXU3,3569.0,3750.0,3565.0,3750.0,6,6,16332.76,3655.8
2023-01-03,SiH3,70362.0,72128.0,69873.0,71749.0,923414,316981,65603477010.0,71694.0
2023-01-03,SiH4,74887.0,75824.0,74887.0,75603.0,10,10,753918.0,75603.0
2023-01-03,SiM3,70983.0,72645.0,70605.0,72317.0,6418,4730,459866591.0,72278.0
2023-01-03,SiM4,75124.0,76000.0,75124.0,76000.0,5,5,378605.0,76000.0
2023-01-03,SiU3,72162.0,73730.0,71900.0,73502.0,169,148,12312583.0,73502.0
2023-01-03,SiU4,76000.0,77000.0,76000.0,77000.0,5,5,382085.0,77000.0
2023-01-03,SiZ3,73772.0,75359.0,73310.0,75000.0,50,40,3721549.0,75000.0
2023-01-03,SiZ4,77400.0,77900.0,77400.0,77900.0,11,3,851900.0,77900.0
2023-01-03,TIH3,25853.0,26404.0,25779.0,26309.0,373,223,9794100.0,26291.0
2023-01-03,TIM3,26596.0,26596.0,26596.0,26596.0,1,1,26596.0,26736.0
2023-01-03,TTH3,34889.0,35179.0,34823.0,35134.0,119,89,4172568.0,35134.0
2023-01-03,TTU3,36500.0,36500.0,36500.0,36500.0,1,1,36500.0,36700.0
2023-01-03,USDRUBF,69.95,71.63,69.45,71.17,30594,11027,2160226780.0,71.12
2023-01-03,VBH3,1685.0,1689.0,1659.0,1663.0,71316,7580,118978814.0,1664.0
2023-01-03,VBM3,1720.0,1720.0,1696.0,1701.0,1075,409,1832419.0,1701.0
2023-01-03,VBU3,1747.0,1785.0,1747.0,1752.0,69,21,121531.0,1752.0
2023-01-03,VIF3,39.3,39.3,39.25,39.25,2,2,11165.44,39.25
2023-01-03,W4F3,15030.0,15270.0,14970.0,15000.0,13,10,196000.0,15020.0
2023-01-03,W4G3,15360.0,15530.0,15360.0,15530.0,7,7,108150.0,15460.0
2023-01-03,W4H3,15270.0,15430.0,15020.0,15430.0,4,4,60780.0,15260.0
2023-01-03,YNH3,18455.0,18696.0,18371.0,18628.0,3647,1946,67598356.0,18593.0
2023-01-03,YNM3,18808.0,19004.0,18717.0,18905.0,103,87,1943536.0,18964.0
2023-01-03,YNU3,18996.0,19153.0,18904.0,19153.0,5,5,95113.0,19153.0
2023-01-04,AFH3,2482.0,2518.0,2478.0,2508.0,1724,237,4319450.0,2513.0
2023-01-04,AFM3,2532.0,2560.0,2524.0,2560.0,63,30,160717.0,2560.0
2023-01-04,AKH3,12369.0,12404.0,12245.0,12404.0,214,87,2642804.0,12404.0
2023-01-04,ALH3,6030.0,6062.0,5995.0,6004.0,2371,753,14276824.0,6006.0
2023-01-04,ALM3,6142.0,6175.0,6119.0,6121.0,133,61,818426.0,6121.0
2023-01-04,ALU3,6200.0,6250.0,6200.0,6230.0,4,4,24900.0,6220.0
2023-01-04,BRF4,92.02,92.02,92.02,92.02,1,1,66167.35,92.02
2023-01-04,BRG3,88.04,88.35,83.71,83.75,90513,38203,5565583886.25,83.79
2023-01-04,BRH3,90.35,90.35,86.09,86.09,2722,1963,171981582.0,86.12
2023-01-04,BRJ3,91.91,91.91,86.87,87.1,1079,504,68672540.66,87.1
2023-01-04,BRK3,92.78,92.78,88.91,89.21,301,126,19429989.8,89.21
2023-01-04,BRM3,90.9,91.94,89.08,89.21,18,17,1166988.68,89.21
2023-01-04,BRN3,90.81,91.0,88.5,89.4,4,4,258650.91,89.4
2023-01-04,BRQ3,90.51,90.84,87.16,87.16,6,6,386829.49,87.16
2023-01-04,BRU3,91.75,91.75,89.55,90.0,3,3,195079.35,90.0
2023-01-04,BRV3,91.0,91.0,91.0,91.0,9,9,588905.19,91.0
2023-01-04,BRX3,91.27,92.27,74.0,88.0,29,24,1784433.2,88.0
2023-01-04,BRZ3,90.8,90.8,90.8,90.8,2,2,130580.2,90.8
2023-01-04,CFH3,0.9358,0.9358,0.9285,0.9285,16,3,1137793.82,0.9285
2023-01-04,CHH3,87349.0,88111.0,86821.0,86821.0,90,76,7874947.0,86980.0
2023-01-04,CNYRUBF,10.1,10.29,10.09,10.24,18972,2292,193903120.0,10.26
2023-01-04,CRH3,10.167,10.371,10.16,10.326,1034017,63880,10642022810.0,10.33
2023-01-04,CRH4,10.891,10.994,10.891,10.994,2,2,21885.0,10.994
2023-01-04,CRM3,10.346,10.536,10.32,10.51,7940,1593,82792939.0,10.499
2023-01-04,CRU3,10.6,10.748,10.6,10.748,30,28,319983.0,10.748
2023-01-04,DYH3,6571.0,6629.0,6568.0,6583.0,336,75,2217017.0,6590.0
2023-01-04,EDH3,1.0384,1.0429,1.0359,1.0412,35174,15226,2631131561.03,1.041
2023-01-04,EDM3,1.0322,1.0366,1.0318,1.0345,372,300,27669370.53,1.0347
2023-01-04,EDU3,1.0259,1.0259,1.022,1.022,2727,20,200415092.59,1.0221
2023-01-04,EURRUBF,75.04,76.55,75.04,76.21,2210,1342,167311180.0,76.1
2023-01-04,EuH3,74187.0,75277.0,74064.0,75098.0,61835,25507,4621531905.0,75069.0
2023-01-04,EuH4,77753.0,77753.0,77753.0,77753.0,1,1,77753.0,77773.0
2023-01-04,EuM3,74536.0,75600.0,74536.0,75486.0,834,455,62682561.0,75484.0
2023-01-04,EuU3,76499.0,76589.0,76092.0,76587.0,6,6,458717.0,76587.0
2023-01-04,FNH3,6649.0,6649.0,6649.0,6649.0,1,1,6649.0,6230.0
2023-01-04,FSH3,8342.0,8395.0,8282.0,8319.0,19,10,159047.0,8282.0
2023-01-04,FSM3,8301.0,8301.0,8300.0,8300.0,2,2,16601.0,8300.0
2023-01-04,FVH3,15344.0,15494.0,15301.0,15355.0,602,279,9255358.0,15355.0
2023-01-04,GDH3,1810.0,1830.0,1801.9,1824.8,81220,31119,10624433273.39,1825.1
2023-01-04,GDM3,1805.9,1825.1,1799.0,1821.7,1627,1172,212517445.66,1821.5
2023-01-04,GDU3,1813.0,1840.3,1813.0,1834.0,95,81,12518442.49,1834.0
2023-01-04,GDZ3,1835.9,1850.0,1835.9,1849.8,11,8,1459715.58,1849.8
2023-01-04,GKH3,15751.0,15919.0,15730.0,15805.0,6905,3414,109147993.0,15784.0
2023-01-04,GKM3,15841.0,16000.0,15731.0,15905.0,20,17,317750.0,15905.0
2023-01-04,GUH3,1.197,1.2044,1.197,1.203,13,11,1123874.22,1.203
2023-01-04,GZH3,16637.0,16647.0,16360.0,16550.0,27409,10726,452333553.0,16508.0
2023-01-04,GZM3,16880.0,16890.0,16633.0,16823.0,94,87,1577657.0,16775.0
2023-01-04,GZU3,17043.0,17048.0,16972.0,16974.0,30,9,510137.0,16974.0
2023-01-04,GZU4,18288.0,18288.0,18288.0,18288.0,1,1,18288.0,18288.0
2023-01-04,GZZ3,16969.0,16969.0,16969.0,16969.0,1,1,16969.0,16969.0
2023-01-04,HOH3,25730.0,25730.0,25500.0,25500.0,17,6,433890.0,25550.0
2023-01-04,HSH3,21011.0,21930.0,20913.0,21891.0,1082,315,2106222.38,21891.0
2023-01-04,HSM3,22499.0,22690.0,21445.0,22576.0,20,10,40583.66,21640.0
2023-01-04,HSU3,23499.0,23499.0,21001.0,21001.0,7,4,14337.26,21537.0
2023-01-04,HYH3,7799.0,7827.0,7725.0,7725.0,118,48,917470.0,7728.0
2023-01-04,IRH3,34599.0,34707.0,34302.0,34672.0,27,21,932808.0,34672.0
2023-01-04,JPH3,132.16,132.5,131.55,132.5,10,9,699874.6,132.5
2023-01-04,LKH3,41965.0,42244.0,41512.0,41708.0,4891,3366,204612161.0,41713.0
2023-01-04,LKM3,42849.0,42887.0,42435.0,42713.0,127,119,5411951.0,42654.0
2023-01-04,LKU3,42207.0,42899.0,42207.0,42899.0,5,5,213802.0,42899.0
2023-01-04,MAH3,5651.0,6346.0,5651.0,6262.0,11,9,64816.0,5743.0
2023-01-04,MCH3,11171.0,11275.0,10675.0,11022.0,164,80,1789975.0,11022.0
2023-01-04,MEH3,9469.0,9472.0,9400.0,9445.0,1153,855,10883450.0,9445.0
2023-01-04,MGH3,33695.0,33967.0,33397.0,33699.0,135,112,4533013.0,33600.0
2023-01-04,MLH3,4563.0,4668.0,4525.0,4563.0,1699,536,7789728.0,4559.0
2023-01-04,MLM3,4631.0,4733.0,4625.0,4646.0,15,13,70255.0,4643.0
2023-01-04,MMH3,2202.95,2209.0,2186.6,2191.0,19899,6630,437371774.0,2191.3
2023-01-04,MMH5,2384.1,2384.1,2384.1,2384.1,1,1,23841.0,2384.1
2023-01-04,MMM3,2190.0,2193.9,2180.0,2183.25,48,37,1051079.5,2183.25
2023-01-04,MMZ4,2415.0,2415.0,2415.0,2415.0,2,2,48300.0,2415.0
2023-01-04,MNH3,4452.0,4452.0,4420.0,4434.0,4373,626,19393003.0,4432.0
2023-01-04,MNM3,4528.0,4528.0,4510.0,4519.0,28,20,126453.0,4517.0
2023-01-04,MTH3,23957.0,23957.0,23800.0,23911.0,183,61,4365848.0,23911.0
2023-01-04,MXH3,220300.0,222500.0,218625.0,219075.0,7623,4988,1674846475.0,219150.0
2023-01-04,MXM3,220600.0,220600.0,217375.0,217375.0,12,12,2623150.0,217675.0
2023-01-04,NAH3,11085.0,11188.0,10968.0,11116.0,30588,4049,243797912.43,11117.0
2023-01-04,NAM3,10979.0,11150.0,10964.0,11086.0,113,55,897072.37,11086.0
2023-01-04,NAU3,11210.0,11636.0,11154.0,11154.0,36,23,292763.37,11212.0
2023-01-04,NAZ3,11700.0,11700.0,11700.0,11700.0,1,1,8412.89,11365.0
2023-01-04,NGF3,4.298,4.387,4.142,4.363,287716,118870,8826466750.64,4.356
2023-01-04,NGG3,4.474,4.51,4.246,4.451,29508,17320,928396496.12,4.449
2023-01-04,NGH3,4.582,4.589,4.265,4.53,2025,1179,64329101.93,4.52
2023-01-04,NGJ3,4.586,4.617,4.45,4.561,338,190,10982866.48,4.592
2023-01-04,NGK3,4.672,4.722,4.636,4.704,49,36,1646446.65,4.704
2023-01-04,NGM3,4.874,4.935,4.605,4.935,18,7,627209.21,4.935
2023-01-04,NKH3,109129.0,109541.0,107571.0,108005.0,162,135,17543849.0,107918.0
2023-01-04,NMH3,11481.0,11520.0,11263.0,11319.0,1055,589,12052538.0,11319.0
2023-01-04,NMM3,11497.0,11516.0,11497.0,11516.0,9,4,103511.0,11516.0
2023-01-04,OGH3,5503.0,5503.0,5503.0,5503.0,1,1,5503.0,5603.0
2023-01-04,OZH3,14712.0,14775.0,14476.0,14656.0,1058,482,15481057.0,14627.0
2023-01-04,PDH3,1862.61,1862.61,1800.25,1853.0,272,111,35836074.44,1853.01
2023-01-04,PDM3,1869.3,1879.1,1869.3,1879.1,2,2,269528.71,1895.1
2023-01-04,PHH3,6532.0,6641.0,6500.0,6563.0,655,222,4313687.0,6563.0
2023-01-04,PIH3,6074.0,6104.0,6048.0,6079.0,113,28,685629.0,6081.0
2023-01-04,POH3,3824.0,3903.0,3823.0,3880.0,3424,1368,13260909.0,3874.0
2023-01-04,POM3,3902.0,3965.0,3897.0,3962.0,54,43,211339.0,3951.0
2023-01-04,PSH3,1269.0,1269.0,1269.0,1269.0,16,3,20304.0,1269.0
2023-01-04,PTH3,1084.1,1108.2,1082.0,1088.0,371,217,29199927.47,1090.1
2023-01-04,PTM3,1104.0,1132.9,1104.0,1125.6,16,14,1291305.93,1123.4
2023-01-04,PZH3,79670.0,81168.0,79441.0,80811.0,432,381,34851622.0,80811.0
2023-01-04,RIH3,96930.0,97740.0,95640.0,95950.0,59380,41977,8248885076.94,95990.0
2023-01-04,RIH4,97260.0,97260.0,97260.0,97260.0,1,1,139870.58,97260.0
2023-01-04,RIM3,96600.0,97220.0,95400.0,95430.0,154,148,21304089.65,95570.0
2023-01-04,RIU3,96020.0,96570.0,95420.0,95520.0,6,6,826596.87,95450.0
2023-01-04,RIZ3,96810.0,96810.0,96810.0,96810.0,1,1,139223.43,95890.0
2023-01-04,RLH3,4154.0,4164.0,4113.0,4127.0,193,72,800712.0,4127.0
2023-01-04,RMH3,975.5,981.5,961.5,965.5,12171,4947,169783582.66,965.0
2023-01-04,RMM3,966.5,973.5,955.0,956.0,157,95,2174678.08,956.5
2023-01-04,RMU3,974.5,974.5,974.5,974.5,2,2,28028.72,974.5
2023-01-04,RNH3,35524.0,35524.0,34789.0,34976.0,7792,2817,274849061.0,34973.0
2023-01-04,RNM3,35600.0,35600.0,35161.0,35161.0,4,4,141522.0,35167.0
2023-01-04,RNU3,35744.0,35744.0,35744.0,35744.0,1,1,35744.0,35465.0
2023-01-04,RNZ4,38677.0,38677.0,36000.0,36000.0,2,2,74677.0,36152.0
2023-01-04,RTH3,5714.0,5714.0,5629.0,5678.0,354,101,2007848.0,5678.0
2023-01-04,SAH3,30.15,30.17,29.8,29.81,6,5,182788.56,29.81
2023-01-04,SEH3,1177.0,1183.0,1176.0,1176.0,23,9,27124.0,1176.0
2023-01-04,SFH3,386.3,387.45,383.8,386.0,37134,8363,1030394786.53,386.51
2023-01-04,SFM3,386.25,387.6,384.51,386.95,446,302,12378451.82,387.09
2023-01-04,SFU3,385.57,398.0,375.26,386.96,50,37,1385848.1,386.96
2023-01-04,SFZ3,385.0,385.17,384.0,384.0,3,3,82990.6,384.0
2023-01-04,SGH3,26560.0,26610.0,26336.0,26336.0,137,99,3630500.0,26356.0
2023-01-04,SGM3,26960.0,26960.0,26900.0,26900.0,8,6,215500.0,26900.0
2023-01-04,SNH3,22200.0,22477.0,22040.0,22154.0,1459,679,32425895.0,22130.0
2023-01-04,SNM3,22706.0,22727.0,22660.0,22660.0,16,9,363290.0,22589.0
2023-01-04,SOH3,4569.0,4576.0,4535.0,4555.0,652,98,2972047.0,4555.0
2023-01-04,SPH3,14258.0,14321.0,14163.0,14215.0,2285,1512,32503030.0,14202.0
2023-01-04,SPM3,14383.0,14398.0,14301.0,14320.0,12,9,172048.0,14320.0
2023-01-04,SRH3,14377.0,14450.0,14277.0,14357.0,94565,25113,1357989438.0,14354.0
2023-01-04,SRM3,14591.0,14640.0,14500.0,14570.0,345,283,5025426.0,14553.0
2023-01-04,SRU3,14792.0,14840.0,14750.0,14775.0,14,11,207017.0,14775.0
2023-01-04,SRZ3,14975.0,15780.0,14424.0,15011.0,92,39,1393940.0,15011.0
2023-01-04,SSH3,2451.0,2511.0,2450.0,2464.0,345,82,855500.0,2464.0
2023-01-04,SVH3,23.61,23.8,23.37,23.56,20874,6339,354510835.48,23.59
2023-01-04,SVM3,23.66,23.93,23.56,23.75,411,291,7022260.37,23.74
2023-01-04,SVU3,24.31,24.57,24.31,24.39,63,15,1111557.02,24.39
2023-01-04,SVZ3,24.85,24.85,24.85,24.85,16,5,285895.84,24.82
2023-01-04,SXH3,3705.0,3814.2,3705.0,3810.0,372,49,1070812.85,3810.0
2023-01-04,SXM3,3427.0,3810.0,3427.0,3800.0,44,29,123608.36,3766.2
2023-01-04,SXZ3,3355.0,3355.0,3355.0,3355.0,200,1,510632.0,3717.9
2023-01-04,SiH3,71793.0,72593.0,71310.0,72326.0,855587,304623,61626362035.0,72334.0
2023-01-04,SiH4,75601.0,75782.0,75555.0,75782.0,6,6,453731.0,75790.0
2023-01-04,SiM3,72389.0,73194.0,71973.0,72954.0,8177,5714,594245023.0,72969.0
2023-01-04,SiM4,76180.0,77500.0,75882.0,76800.0,14,14,1069587.0,76800.0
2023-01-04,SiU3,73521.0,74289.0,73139.0,74210.0,215,174,15862082.0,74152.0
2023-01-04,SiU4,76510.0,76600.0,76000.0,76511.0,20,11,1524316.0,76511.0
2023-01-04,SiZ3,75193.0,75800.0,74902.0,75600.0,118,66,8910615.0,75600.0
2023-01-04,SiZ4,78200.0,78200.0,78200.0,78200.0,3,3,234600.0,78200.0
2023-01-04,TIH3,26304.0,26508.0,26046.0,26046.0,337,229,8852373.0,26174.0
2023-01-04,TTH3,35134.0,35134.0,34995.0,35001.0,128,71,4483579.0,35001.0
2023-01-04,USDRUBF,71.26,72.18,71.07,72.01,25310,10258,1813283600.0,71.94
2023-01-04,VBH3,1663.0,1677.0,1657.0,1671.0,50892,5470,84759651.0,1669.0
2023-01-04,VBM3,1701.0,1710.0,1694.0,1706.0,325,161,552968.0,1703.0
2023-01-04,VBU3,1756.0,1756.0,1744.0,1744.0,2,2,3500.0,1750.0
2023-01-04,VIF3,39.95,39.95,39.95,39.95,1,1,5745.24,39.95
2023-01-04,W4F3,15140.0,15200.0,15010.0,15010.0,9,9,135570.0,15010.0
2023-01-04,W4G3,15110.0,15400.0,15050.0,15050.0,8,8,120970.0,15050.0
2023-01-04,W4H3,15100.0,15430.0,15000.0,15010.0,24,21,365140.0,15010.0
2023-01-04,YNH3,18620.0,19063.0,18596.0,18859.0,3096,1407,58311928.0,18885.0
2023-01-04,YNM3,18961.0,19321.0,18949.0,19100.0,90,83,1723551.0,19208.0
2023-01-05,AFH3,2510.0,2594.0,2506.0,2549.0,4045,754,10329808.0,2554.0
2023-01-05,AFM3,2554.0,2615.0,2554.0,2596.0,66,33,171117.0,2596.0
2023-01-05,AKH3,12404.0,12435.0,12276.0,12337.0,462,167,5715075.0,12337.0
2023-01-05,ALH3,6007.0,6025.0,5945.0,5965.0,1868,797,11166895.0,5974.0
2023-01-05,ALM3,6117.0,6117.0,6067.0,6089.0,18,15,109335.0,6089.0
2023-01-05,ALU3,6230.0,6230.0,6200.0,6200.0,19,12,117833.0,6200.0
2023-01-05,BRG3,83.71,84.3,82.36,82.92,83692,35597,5046198322.45,82.93
2023-01-05,BRH3,86.01,86.58,84.67,85.43,3229,1911,199913177.2,85.43
2023-01-05,BRJ3,86.91,87.73,86.11,86.11,285,157,17890021.25,86.84
2023-01-05,BRK3,89.13,89.84,88.2,88.2,241,101,15522984.82,89.11
2023-01-05,BRM3,88.45,88.8,88.2,88.2,5,5,319672.78,88.8
2023-01-05,BRN3,87.21,88.06,86.97,87.79,6,6,378689.85,87.79
2023-01-05,BRQ3,87.19,88.6,87.19,88.6,4,4,254582.86,87.8
2023-01-05,BRU3,90.0,90.0,90.0,90.0,1,1,64988.82,89.96
2023-01-05,BRV3,90.0,90.5,90.0,90.5,2,2,130338.69,90.5
2023-01-05,BRX3,87.85,87.88,87.64,87.64,3,3,190178.95,87.64
2023-01-05,BRZ3,89.9,89.9,89.9,89.9,1,1,64916.61,89.9
2023-01-05,CHH3,87300.0,87780.0,86232.0,87514.0,93,81,8086789.0,87720.0
2023-01-05,CNYRUBF,10.27,10.44,10.21,10.4,34165,3107,353010430.0,10.41
2023-01-05,CRH3,10.328,10.469,10.271,10.468,1164741,62909,12082729979.0,10.458
2023-01-05,CRH4,11.0,11.0,10.701,10.701,23,23,247021.0,11.169
2023-01-05,CRM3,10.502,10.63,10.438,10.629,3903,1360,41141206.0,10.62
2023-01-05,CRU3,10.748,10.899,10.7,10.796,496,246,5322768.0,10.796
2023-01-05,CRZ3,10.899,10.999,10.671,10.671,8,8,87091.0,10.817
2023-01-05,DYH3,6599.0,6672.0,6520.0,6638.0,250,65,1657026.0,6638.0
2023-01-05,EDH3,1.0412,1.0437,1.039,1.0399,40785,12022,3065794490.92,1.0396
2023-01-05,EDM3,1.0355,1.0369,1.0335,1.0335,112,94,8371737.08,1.0335
2023-01-05,EDU3,1.0222,1.0259,1.022,1.0225,2155,12,159089456.35,1.0225
2023-01-05,EURRUBF,76.17,76.48,75.45,76.2,1429,771,108691730.0,76.24
2023-01-05,EuH3,75097.0,75697.0,74529.0,75441.0,48130,19188,3618599371.0,75406.0
2023-01-05,EuH4,76831.0,76831.0,76831.0,76831.0,1,1,76831.0,77905.0
2023-01-05,EuM3,75467.0,75997.0,74970.0,75696.0,667,332,50372964.0,75716.0
2023-01-05,EuU3,76759.0,76760.0,76100.0,76100.0,4,4,306267.0,76770.0
2023-01-05,FNH3,6646.0,6646.0,6231.0,6609.0,3,3,19486.0,6606.0
2023-01-05,FSH3,8319.0,8320.0,8319.0,8320.0,5,5,41596.0,8320.0
2023-01-05,FVH3,15370.0,15434.0,15244.0,15244.0,134,59,2049901.0,15286.0
2023-01-05,GDH3,1825.0,1827.9,1803.3,1807.3,70254,25584,9212689819.99,1805.5
2023-01-05,GDM3,1822.0,1824.0,1804.3,1806.8,1562,958,204343047.33,1806.4
2023-01-05,GDU3,1833.8,1834.2,1816.0,1816.0,45,42,5937371.36,1816.0
2023-01-05,GDZ3,1838.1,1838.1,1838.1,1838.1,1,1,132728.83,1837.0
2023-01-05,GKH3,15793.0,15824.0,15547.0,15661.0,11900,4317,186167437.0,15615.0
2023-01-05,GKM3,15851.0,15851.0,15701.0,15701.0,3,3,47317.0,15704.0
2023-01-05,GKU3,14901.0,15181.0,14901.0,15181.0,2,2,30082.0,15153.0
2023-01-05,GUH3,1.2077,1.2078,1.1906,1.1906,20,16,1730161.24,1.1906
2023-01-05,GZH3,16537.0,16550.0,16270.0,16370.0,31982,11050,523367299.0,16371.0
2023-01-05,GZM3,16769.0,16790.0,16545.0,16653.0,140,125,2331606.0,16650.0
2023-01-05,GZU3,16853.0,16891.0,16852.0,16891.0,40,22,674164.0,16891.0
2023-01-05,GZZ3,16862.0,16862.0,16862.0,16862.0,1,1,16862.0,16862.0
2023-01-05,HOH3,25450.0,25450.0,25440.0,25440.0,6,3,152650.0,25550.0
2023-01-05,HSH3,21630.0,21896.0,21507.0,21683.0,868,331,1701935.03,21683.0
2023-01-05,HSM3,22570.0,23489.0,20604.0,22000.0,54,25,110754.66,21434.0
2023-01-05,HSU3,23400.0,23400.0,21350.0,22999.0,6,6,12434.25,21655.0
2023-01-05,HYH3,7726.0,7741.0,7716.0,7740.0,113,25,873008.0,7740.0
2023-01-05,IRH3,34501.0,34791.0,34128.0,34791.0,41,22,1415264.0,34734.0
2023-01-05,JPH3,133.1,135.8,133.0,134.76,20,19,1425478.45,134.76
2023-01-05,JPM3,136.3,136.5,134.5,134.5,151,8,10891455.03,134.41
2023-01-05,LKH3,41751.0,41809.0,41243.0,41308.0,3333,2362,138145487.0,41308.0
2023-01-05,LKM3,42713.0,42735.0,42178.0,42210.0,87,81,3685177.0,42231.0
2023-01-05,MAH3,6246.0,6247.0,6198.0,6198.0,4,3,24937.0,5757.0
2023-01-05,MCH3,10933.0,11164.0,10825.0,10954.0,79,48,868293.0,10954.0
2023-01-05,MCM3,11494.0,11494.0,11494.0,11494.0,1,1,11494.0,11293.0
2023-01-05,MEH3,9445.0,9587.0,9445.0,9570.0,2094,740,19975971.0,9580.0
2023-01-05,MEM3,9452.0,9452.0,9452.0,9452.0,2,2,18904.0,9452.0
2023-01-05,MGH3,33551.0,33723.0,33162.0,33470.0,85,71,2841690.0,33470.0
2023-01-05,MGM3,33850.0,33850.0,33850.0,33850.0,2,1,67700.0,33898.0
2023-01-05,MLH3,4560.0,4629.0,4555.0,4588.0,1239,370,5689249.0,4584.0
2023-01-05,MLM3,4676.0,4676.0,4672.0,4672.0,3,3,14022.0,4668.0
2023-01-05,MMH3,2191.9,2198.95,2175.25,2184.25,21001,7972,458960740.0,2182.9
2023-01-05,MMM3,2185.0,2185.0,2172.0,2172.2,29,12,630854.0,2173.35
2023-01-05,MMU3,2244.2,2246.15,2220.0,2220.0,3,3,67103.5,2220.0
2023-01-05,MNH3,4435.0,4446.0,4373.0,4400.0,6379,1271,28069580.0,4392.0
2023-01-05,MNM3,4518.0,4527.0,4461.0,4471.0,124,61,557939.0,4476.0
2023-01-05,MTH3,23936.0,24093.0,23851.0,23959.0,126,63,3020568.0,23933.0
2023-01-05,MXH3,218925.0,219925.0,217600.0,218400.0,4943,3633,1080608925.0,218350.0
2023-01-05,MXM3,218200.0,218250.0,216800.0,217325.0,25,23,5438400.0,217400.0
2023-01-05,MXU3,217500.0,217500.0,217500.0,217500.0,1,1,217500.0,217500.0
2023-01-05,NAH3,11108.0,11192.0,10968.0,11018.0,29074,3982,232641239.62,11021.0
2023-01-05,NAM3,11097.0,11124.0,10919.0,10950.0,72,45,574041.35,10960.0
2023-01-05,NAU3,11397.0,11397.0,11202.0,11215.0,18,17,146226.67,11215.0
2023-01-05,NAZ3,11184.0,11184.0,10801.0,10801.0,5,5,39566.75,11228.0
2023-01-05,NGF3,4.368,4.45,4.121,4.177,350919,143436,10931224288.59,4.171
2023-01-05,NGG3,4.455,4.499,4.23,4.289,33845,21103,1070302707.9,4.287
2023-01-05,NGH3,4.583,4.712,4.389,4.468,3836,1101,125646005.53,4.468
2023-01-05,NGJ3,4.542,4.719,4.532,4.551,252,171,8403011.16,4.558
2023-01-05,NGK3,4.752,4.81,4.653,4.75,48,47,1639855.67,4.792
2023-01-05,NGM3,4.95,4.95,4.95,4.95,2,2,71487.7,4.928
2023-01-05,NKH3,107911.0,107989.0,106636.0,106871.0,171,149,18344816.0,106871.0
2023-01-05,NMH3,11323.0,11372.0,11201.0,11368.0,1250,805,14143237.0,11368.0
2023-01-05,NMM3,11481.0,11552.0,11420.0,11552.0,15,14,172395.0,11552.0
2023-01-05,OGH3,5600.0,5894.0,5600.0,5894.0,6,2,33894.0,5841.0
2023-01-05,OZH3,14656.0,14718.0,14565.0,14676.0,291,174,4256996.0,14623.0
2023-01-05,PDH3,1868.0,1902.0,1860.0,1860.0,247,130,33583040.96,1860.0
2023-01-05,PHH3,6533.0,6596.0,6533.0,6573.0,171,51,1123104.0,6568.0
2023-01-05,PHM3,6588.0,6588.0,6408.0,6408.0,5,3,32580.0,6600.0
2023-01-05,PIH3,6075.0,6104.0,6036.0,6036.0,35,12,212651.0,6036.0
2023-01-05,POH3,3882.0,3909.0,3801.0,3810.0,6377,1847,24597626.0,3818.0
2023-01-05,POM3,3959.0,3974.0,3878.0,3880.0,34,34,133036.0,3882.0
2023-01-05,PTH3,1089.4,1097.0,1068.8,1070.2,338,219,26404300.34,1070.2
2023-01-05,PTM3,1118.2,1118.2,1118.1,1118.1,2,2,161482.78,1102.8
2023-01-05,PZH3,80853.0,81168.0,79300.0,79481.0,440,372,35212104.0,79501.0
2023-01-05,PZM3,80000.0,80000.0,80000.0,80000.0,1,1,80000.0,80000.0
2023-01-05,RBH3,13049.0,13049.0,13049.0,13049.0,10,1,130490.0,13049.0
2023-01-05,RIH3,95960.0,96900.0,94900.0,95290.0,52837,38044,7310717745.84,95170.0
2023-01-05,RIM3,95700.0,96340.0,94820.0,95090.0,113,104,15578469.86,95040.0
2023-01-05,RIU3,95500.0,95500.0,95490.0,95490.0,2,2,275827.76,94870.0
2023-01-05,RIZ3,96690.0,96690.0,95690.0,95690.0,2,2,277835.2,95300.0
2023-01-05,RLH3,4130.0,4147.0,4106.0,4120.0,52,27,214543.0,4118.0
2023-01-05,RMH3,965.5,974.0,952.0,956.0,16389,5306,227287491.78,954.5
2023-01-05,RMM3,958.5,965.5,948.0,950.5,148,62,2041623.75,950.5
2023-01-05,RMU3,970.0,970.0,960.0,960.0,4,4,55615.98,960.0
2023-01-05,RNH3,34968.0,35385.0,34830.0,35130.0,10604,3277,370938773.0,35179.0
2023-01-05,RNM3,35300.0,35454.0,35130.0,35137.0,13,12,458543.0,35161.0
2023-01-05,RNU3,35453.0,35453.0,35453.0,35453.0,1,1,35453.0,35452.0
2023-01-05,RTH3,5682.0,5684.0,5664.0,5669.0,21,6,119279.0,5669.0
2023-01-05,SFH3,386.07,388.75,383.06,384.64,48473,11275,1350877782.32,384.51
2023-01-05,SFM3,387.08,389.08,384.0,385.61,544,385,15175115.19,385.27
2023-01-05,SFU3,387.0,388.99,385.0,385.0,30,19,837656.96,385.0
2023-01-05,SFZ3,386.0,386.0,385.0,385.0,2,2,55673.91,385.0
2023-01-05,SGH3,26412.0,26515.0,26353.0,26353.0,99,69,2619033.0,26353.0
2023-01-05,SGM3,26900.0,26900.0,26900.0,26900.0,2,2,53800.0,26900.0
2023-01-05,SNH3,22140.0,22177.0,22020.0,22058.0,584,207,12901346.0,22081.0
2023-01-05,SOH3,4554.0,4591.0,4542.0,4561.0,448,76,2043223.0,4560.0
2023-01-05,SPH3,14210.0,14243.0,14125.0,14181.0,1820,1230,25807630.0,14190.0
2023-01-05,SRH3,14364.0,14408.0,14256.0,14366.0,101683,26916,1457349714.0,14361.0
2023-01-05,SRM3,14546.0,14580.0,14445.0,14548.0,347,269,5037378.0,14527.0
2023-01-05,SRU3,14815.0,14820.0,14692.0,14773.0,18,15,265894.0,14773.0
2023-01-05,SRZ3,15083.0,15083.0,14867.0,15026.0,25,19,375150.0,15026.0
2023-01-05,SSH3,2471.0,2473.0,2316.0,2430.0,1489,323,3603996.0,2430.0
2023-01-05,SVH3,23.56,23.61,22.81,22.82,36691,10155,611971613.8,22.83
2023-01-05,SVM3,23.68,23.76,23.12,23.16,829,537,14017257.66,23.16
2023-01-05,SVU3,24.06,24.49,23.76,23.96,75,40,1299877.48,23.94
2023-01-05,SVZ3,24.36,24.36,24.21,24.21,16,5,280867.28,24.21
2023-01-05,SXH3,3820.0,3898.8,3803.5,3855.4,105,49,308154.84,3855.4
2023-01-05,SXM3,3650.1,4050.1,3650.1,4050.1,23,19,69149.07,3811.1
2023-01-05,SXU3,3750.0,3750.0,3450.0,3450.0,14,8,38048.46,3750.0
2023-01-05,SiH3,72353.0,72844.0,71675.0,72744.0,716034,253269,51761014296.0,72689.0
2023-01-05,SiH4,75951.0,76000.0,75600.0,76000.0,13,10,986841.0,76000.0
2023-01-05,SiM3,73059.0,73345.0,72355.0,73222.0,6437,4223,469701699.0,73231.0
2023-01-05,SiM4,76307.0,76498.0,76307.0,76469.0,3,3,229274.0,76469.0
2023-01-05,SiU3,74194.0,74395.0,73698.0,74261.0,110,94,8154315.0,74261.0
2023-01-05,SiU4,76511.0,76800.0,76000.0,76411.0,16,8,1221478.0,76600.0
2023-01-05,SiZ3,75515.0,76384.0,75165.0,75777.0,188,81,14196631.0,75777.0
2023-01-05,TIH3,26194.0,26496.0,26020.0,26110.0,214,137,5608458.0,26111.0
2023-01-05,TTH3,35021.0,35120.0,34910.0,34910.0,185,99,6473990.0,34915.0
2023-01-05,USDRUBF,72.05,72.41,71.17,72.3,19823,7058,1424755080.0,72.2
2023-01-05,VBH3,1671.0,1672.0,1655.0,1656.0,30595,3970,50832549.0,1659.0
2023-01-05,VBM3,1704.0,1706.0,1691.0,1694.0,294,156,499065.0,1693.0
2023-01-05,VIF3,39.95,40.95,39.15,40.0,7,7,40336.38,40.05
2023-01-05,W4F3,15000.0,15250.0,15000.0,15100.0,13,13,196300.0,15020.0
2023-01-05,W4H3,15000.0,15160.0,14950.0,15160.0,9,4,135050.0,15160.0
2023-01-05,W4M3,15000.0,15000.0,15000.0,15000.0,1,1,15000.0,15290.0
2023-01-05,YNH3,18898.0,19140.0,18701.0,18720.0,3360,1713,63520549.0,18789.0
2023-01-05,YNM3,19232.0,19479.0,19051.0,19156.0,142,126,2741208.0,19123.0
2023-01-05,YNU3,19274.0,19528.0,19200.0,19200.0,13,13,250756.0,19200.0
2023-01-06,AFH3,2555.0,2579.0,2533.0,2541.0,3012,1028,7695938.0,2541.0
2023-01-06,AFM3,2613.0,2618.0,2584.0,2584.0,42,19,109711.0,2584.0
2023-01-06,AKH3,12302.0,12329.0,12225.0,12225.0,51,30,627883.0,12225.0
2023-01-06,ALH3,5976.0,5990.0,5958.0,5975.0,1629,734,9738762.0,5975.0
2023-01-06,ALM3,6097.0,6103.0,6091.0,6092.0,45,20,274479.0,6092.0
2023-01-06,AUH3,0.6781,0.6841,0.6781,0.6841,11,4,541521.32,0.6774
2023-01-06,BRG3,83.09,84.24,82.6,83.93,71104,30611,4272815710.77,83.88
2023-01-06,BRH3,85.79,86.43,84.77,86.05,1996,1471,123130681.55,86.04
2023-01-06,BRJ3,87.17,87.75,86.48,87.75,60,57,3765059.6,87.66
2023-01-06,BRK3,89.52,89.86,88.71,89.86,32,32,2056951.92,89.85
2023-01-06,BRM3,88.27,90.07,88.27,89.91,5,5,322865.63,89.91
2023-01-06,BRN3,88.3,91.78,88.3,91.78,9,8,584828.57,90.31
2023-01-06,BRU3,90.94,90.94,90.94,90.94,1,1,65552.01,90.94
2023-01-06,CAH3,1.3511,1.3511,1.3511,1.3511,1,1,70098.85,1.3589
2023-01-06,CFH3,0.94,0.94,0.938,0.938,13,6,930468.63,0.94
2023-01-06,CHH3,87381.0,88755.0,87021.0,87911.0,134,117,11796092.0,87769.0
2023-01-06,CNYRUBF,10.4,10.49,10.37,10.46,26247,2417,273565380.0,10.44
2023-01-06,CRH3,10.454,10.546,10.409,10.499,765297,47423,8013761852.0,10.491
2023-01-06,CRH4,11.0,11.177,11.0,11.177,2,2,22177.0,11.177
2023-01-06,CRM3,10.613,10.703,10.572,10.652,5320,1321,56597917.0,10.642
2023-01-06,CRM4,11.75,11.75,11.75,11.75,1,1,11750.0,12.113
2023-01-06,CRU3,10.776,10.9,10.758,10.9,18,18,194346.0,10.893
2023-01-06,CRZ3,11.0,11.172,10.8,10.981,11,11,121542.0,10.981
2023-01-06,CSH3,5549.0,5700.0,5290.0,5290.0,24,13,131112.0,5461.0
2023-01-06,DYH3,6639.0,6643.0,6456.0,6630.0,113,31,748524.0,6630.0
2023-01-06,EDH3,1.0399,1.0405,1.034,1.0403,44987,18274,3361599220.58,1.0398
2023-01-06,EDM3,1.0332,1.0345,1.029,1.034,449,375,33378874.55,1.0337
2023-01-06,EDU3,1.022,1.025,1.0215,1.025,13,9,958339.52,1.025
2023-01-06,EURRUBF,76.22,76.29,75.02,76.1,2741,1141,206876570.0,76.23
2023-01-06,EuH3,75499.0,75775.0,73778.0,74843.0,70171,31729,5225752067.0,74818.0
2023-01-06,EuM3,75666.0,75716.0,74181.0,75196.0,919,544,68899836.0,75211.0
2023-01-06,EuU3,76715.0,76715.0,75250.0,75950.0,11,11,835600.0,75950.0
2023-01-06,FSH3,8320.0,8320.0,8113.0,8236.0,38,20,313277.0,8236.0
2023-01-06,FVH3,15241.0,15293.0,15079.0,15080.0,520,253,7905077.0,15160.0
2023-01-06,GDH3,1807.6,1827.5,1806.0,1827.4,73088,26913,9561799196.68,1826.3
2023-01-06,GDM3,1809.0,1824.8,1805.1,1824.1,1161,845,151762974.13,1823.8
2023-01-06,GDU3,1819.0,1830.9,1816.8,1830.9,75,55,9847621.37,1830.9
2023-01-06,GDZ3,1838.0,1840.2,1837.0,1840.0,9,8,1192853.34,1845.6
2023-01-06,GKH3,15618.0,15727.0,15480.0,15632.0,8046,3452,125889867.0,15631.0
2023-01-06,GKM3,15703.0,16497.0,15700.0,15842.0,101,47,1617935.0,15822.0
2023-01-06,GKU3,15272.0,15272.0,15272.0,15272.0,1,1,15272.0,15272.0
2023-01-06,GUH3,1.1917,1.1997,1.1883,1.1954,11,10,944578.9,1.1997
2023-01-06,GZH3,16356.0,16498.0,16311.0,16454.0,23662,9855,388530613.0,16441.0
2023-01-06,GZM3,16625.0,16749.0,16599.0,16719.0,84,75,1400939.0,16715.0
2023-01-06,GZU3,16846.0,17068.0,16846.0,17068.0,3,2,50982.0,17039.0
2023-01-06,HOH3,25450.0,25450.0,25420.0,25420.0,10,3,254390.0,25550.0
2023-01-06,HSH3,21696.0,22321.0,21564.0,22229.0,2281,513,4554497.47,22229.0
2023-01-06,HSM3,23000.0,23700.0,22222.0,22222.0,256,15,534753.85,22222.0
2023-01-06,HSU3,23020.0,23020.0,23020.0,23020.0,15,1,31215.15,22005.0
2023-01-06,HYH3,7753.0,7753.0,7687.0,7731.0,135,33,1042177.0,7731.0
2023-01-06,IRH3,34790.0,35349.0,34642.0,35301.0,113,53,3953835.0,35301.0
2023-01-06,JPH3,136.44,136.44,134.09,134.28,23,11,1653492.12,134.28
2023-01-06,JPM3,136.4,136.49,136.4,136.49,100,4,7242179.25,136.37
2023-01-06,LKH3,41326.0,41740.0,41301.0,41498.0,3971,2997,164968190.0,41504.0
2023-01-06,LKM3,42240.0,42567.0,42240.0,42450.0,94,89,3990741.0,42420.0
2023-01-06,MAH3,5754.0,6177.0,5754.0,6149.0,13,5,77735.0,6099.0
2023-01-06,MCH3,10972.0,11144.0,10780.0,10780.0,276,173,3012871.0,10780.0
2023-01-06,MCM3,11252.0,11252.0,11252.0,11252.0,10,1,112520.0,11181.0
2023-01-06,MEH3,9590.0,9649.0,9488.0,9489.0,1893,825,18099518.0,9520.0
2023-01-06,MEM3,9500.0,9500.0,9472.0,9484.0,6,6,56911.0,9397.0
2023-01-06,MGH3,33406.0,33755.0,33316.0,33700.0,113,73,3794562.0,33698.0
2023-01-06,MLH3,4582.0,4586.0,4532.0,4534.0,631,183,2873934.0,4534.0
2023-01-06,MLM3,4643.0,4643.0,4622.0,4630.0,3,3,13895.0,4623.0
2023-01-06,MMH3,2184.95,2189.1,2179.15,2184.3,13097,4758,286100364.0,2183.2
2023-01-06,MMM3,2177.35,2178.8,2175.0,2178.8,9,7,195925.0,2178.8
2023-01-06,MMZ4,2394.8,2457.35,2249.5,2457.35,9,9,213554.0,2411.45
2023-01-06,MNH3,4394.0,4410.0,4374.0,4385.0,3897,714,17099178.0,4384.0
2023-01-06,MNM3,4481.0,4492.0,4469.0,4469.0,73,28,326960.0,4473.0
2023-01-06,MTH3,23864.0,23949.0,23864.0,23896.0,22,15,525709.0,23896.0
2023-01-06,MTM3,24297.0,24329.0,23972.0,24296.0,4,4,96894.0,24296.0
2023-01-06,MTU3,24400.0,24400.0,24400.0,24400.0,1,1,24400.0,24400.0
2023-01-06,MXH3,218550.0,218925.0,217900.0,218300.0,4731,3203,1033455125.0,218325.0
2023-01-06,MXM3,217225.0,217775.0,217225.0,217775.0,9,9,1957100.0,217575.0
2023-01-06,MXU3,217350.0,217350.0,217325.0,217325.0,2,2,434675.0,217325.0
2023-01-06,NAH3,11017.0,11097.0,10937.0,11056.0,40627,5130,322514440.73,11056.0
2023-01-06,NAM3,11025.0,11025.0,10910.0,10968.0,30,22,237188.41,10986.0
2023-01-06,NAU3,11111.0,11215.0,11111.0,11200.0,8,8,64471.76,11200.0
2023-01-06,NAZ3,11679.0,11679.0,11659.0,11659.0,5,5,42042.41,11244.0
2023-01-06,NGF3,4.178,4.209,3.903,4.027,448856,179109,13034417750.75,4.033
2023-01-06,NGG3,4.296,4.309,4.064,4.174,50986,31509,1534139472.34,4.173
2023-01-06,NGH3,4.393,4.489,4.215,4.354,3939,1890,122091947.95,4.35
2023-01-06,NGJ3,4.555,4.555,4.411,4.461,214,159,6909097.98,4.527
2023-01-06,NGK3,4.725,4.76,4.607,4.734,41,35,1389271.5,4.734
2023-01-06,NGM3,4.65,4.894,4.65,4.783,3,3,103272.89,4.784
2023-01-06,NKH3,106764.0,106764.0,105194.0,106530.0,148,137,15702945.0,106530.0
2023-01-06,NMH3,11329.0,11383.0,11230.0,11234.0,632,401,7139352.0,11235.0
2023-01-06,NMM3,11514.0,11525.0,11336.0,11488.0,11,8,126090.0,11460.0
2023-01-06,OGH3,5874.0,5874.0,5688.0,5688.0,2,2,11562.0,5688.0
2023-01-06,OZH3,14637.0,14658.0,14305.0,14409.0,465,232,6732140.0,14375.0
2023-01-06,PDH3,1853.0,1874.0,1841.09,1874.0,69,44,9237507.05,1874.0
2023-01-06,PHH3,6569.0,6594.0,6539.0,6557.0,740,90,4864635.0,6557.0
2023-01-06,PIH3,6032.0,6098.0,6032.0,6058.0,198,42,1202040.0,6058.0
2023-01-06,POH3,3813.0,3856.0,3784.0,3851.0,4030,1202,15374696.0,3832.0
2023-01-06,POM3,3910.0,3910.0,3858.0,3898.0,38,28,147547.0,3898.0
2023-01-06,PTH3,1073.7,1090.3,1060.0,1090.3,320,198,24746574.91,1088.0
2023-01-06,PZH3,79308.0,79995.0,78601.0,79582.0,421,334,33399311.0,79221.0
2023-01-06,PZM3,79992.0,79992.0,79992.0,79992.0,1,1,79992.0,79992.0
2023-01-06,RBH3,13099.0,13109.0,13099.0,13109.0,11,2,144099.0,13109.0
2023-01-06,RIH3,95060.0,96500.0,94940.0,95770.0,46783,33621,6459494185.59,95780.0
2023-01-06,RIM3,94880.0,96030.0,94880.0,95400.0,104,97,14297160.22,95470.0
2023-01-06,RIZ3,97740.0,97740.0,97740.0,97740.0,1,1,140906.87,95840.0
2023-01-06,RLH3,4115.0,4134.0,4100.0,4127.0,138,47,568749.0,4123.0
2023-01-06,RMH3,955.5,967.5,952.5,963.0,12090,4630,167428466.87,960.0
2023-01-06,RMM3,951.0,961.5,950.0,957.0,52,43,716055.12,956.0
2023-01-06,RNH3,35181.0,35379.0,35129.0,35270.0,704,505,24799022.0,35268.0
2023-01-06,RNH5,38381.0,38432.0,37001.0,37001.0,5,5,190245.0,37009.0
2023-01-06,RNM3,35380.0,35380.0,35380.0,35380.0,1,1,35380.0,35379.0
2023-01-06,RTH3,5677.0,5684.0,5672.0,5672.0,16,8,90857.0,5672.0
2023-01-06,SFH3,383.95,387.35,383.11,386.62,58587,12416,1627080029.59,386.97
2023-01-06,SFM3,384.66,387.59,383.93,387.49,591,420,16436450.59,387.21
2023-01-06,SFU3,385.99,388.98,384.01,387.73,24,16,667749.55,387.0
2023-01-06,SGH3,26390.0,26549.0,26344.0,26344.0,48,30,1266666.0,26344.0
2023-01-06,SLG3,58.27,58.27,58.27,58.27,1,1,5827.0,61.13
2023-01-06,SNH3,22034.0,22225.0,21928.0,22061.0,1213,776,26778800.0,21961.0
2023-01-06,SOH3,4542.0,4583.0,4538.0,4567.0,704,95,3215277.0,4566.0
2023-01-06,SOM3,4604.0,4604.0,4604.0,4604.0,1,1,4604.0,4604.0
2023-01-06,SPH3,14185.0,14194.0,14049.0,14093.0,3473,1800,48997584.0,14102.0
2023-01-06,SPM3,14292.0,14292.0,14253.0,14253.0,5,5,71471.0,14292.0
2023-01-06,SRH3,14381.0,14398.0,14282.0,14355.0,71506,19959,1024816663.0,14334.0
2023-01-06,SRM3,14516.0,14555.0,14475.0,14545.0,205,152,2975313.0,14510.0
2023-01-06,SRU3,14773.0,14778.0,14773.0,14778.0,2,2,29551.0,14773.0
2023-01-06,SRZ3,15046.0,15046.0,14907.0,15031.0,9,7,134814.0,15031.0
2023-01-06,SSH3,2426.0,2454.0,2422.0,2422.0,317,66,770997.0,2423.0
2023-01-06,SVH3,22.85,23.27,22.73,23.2,22985,6229,380779627.35,23.23
2023-01-06,SVM3,23.17,23.5,23.05,23.47,437,309,7331776.68,23.49
2023-01-06,SVU3,23.82,24.19,23.81,24.19,18,11,310705.31,24.19
2023-01-06,SVZ3,24.34,24.34,24.34,24.34,1,1,17544.93,24.34
2023-01-06,SXH3,3870.0,3880.0,3788.4,3844.8,218,27,634846.85,3844.8
2023-01-06,SXU3,3523.1,4000.0,3523.1,3987.8,21,14,62325.36,3782.6
2023-01-06,SiH3,72740.0,72785.0,71560.0,72140.0,825918,300233,59612022064.0,72157.0
2023-01-06,SiH4,75586.0,75590.0,75200.0,75535.0,11,11,829178.0,75535.0
2023-01-06,SiM3,73280.0,73295.0,72194.0,72720.0,6737,4536,489852810.0,72737.0
2023-01-06,SiU3,74124.0,74269.0,73450.0,74055.0,51,49,3771518.0,73980.0
2023-01-06,SiU4,76086.0,76950.0,76086.0,76950.0,7,7,535543.0,76876.0
2023-01-06,SiZ3,75777.0,75799.0,75000.0,75500.0,60,47,4519780.0,75498.0
2023-01-06,SiZ4,77999.0,77999.0,77999.0,77999.0,1,1,77999.0,77999.0
2023-01-06,TIH3,26130.0,26197.0,25890.0,25901.0,240,124,6252595.0,25916.0
2023-01-06,TNH3,75375.0,89215.0,75375.0,89215.0,2,2,164590.0,88685.0
2023-01-06,TTH3,34856.0,35049.0,34790.0,34922.0,148,79,5165072.0,34911.0
2023-01-06,USDRUBF,72.3,72.45,71.51,71.95,15017,5924,1080641460.0,72.09
2023-01-06,VBH3,1659.0,1659.0,1635.0,1639.0,58367,6340,95875160.0,1637.0
2023-01-06,VBM3,1693.0,1693.0,1671.0,1674.0,747,264,1253759.0,1674.0
2023-01-06,VBU3,1754.0,1754.0,1718.0,1718.0,7,7,12119.0,1718.0
2023-01-06,VIF3,40.0,40.0,39.8,39.8,13,4,74879.54,39.8
2023-01-06,W4F3,15090.0,15090.0,15030.0,15030.0,3,3,45150.0,15030.0
2023-01-06,W4H3,15060.0,15060.0,15060.0,15060.0,1,1,15060.0,15060.0
2023-01-06,YNH3,18750.0,18900.0,18669.0,18705.0,2017,1041,37844779.0,18735.0
2023-01-06,YNM3,19097.0,19196.0,19009.0,19056.0,36,34,687151.0,19056.0
2023-01-06,YNU3,19168.0,19169.0,19038.0,19103.0,13,13,248194.0,19103.0
2023-01-09,AFH3,2541.0,2629.0,2533.0,2609.0,4264,1410,11030511.0,2606.0
2023-01-09,AFM3,2596.0,2659.0,2593.0,2656.0,82,47,216681.0,2649.0
2023-01-09,AKH3,12199.0,12347.0,11984.0,12064.0,895,314,10860085.0,12064.0
2023-01-09,ALH3,5969.0,6016.0,5965.0,5968.0,3660,1330,21917394.0,5970.0
2023-01-09,ALM3,6102.0,6133.0,6092.0,6101.0,100,43,611166.0,6098.0
2023-01-09,AUH3,0.6959,0.6959,0.6954,0.6954,2,2,97045.82,0.6954
2023-01-09,BRF4,91.55,91.55,91.55,91.55,1,1,63857.86,91.55
2023-01-09,BRG3,83.84,85.04,82.88,84.29,71753,32065,4210151938.59,84.32
2023-01-09,BRH3,85.78,86.87,85.14,86.22,2881,1798,173202442.78,86.25
2023-01-09,BRJ3,87.16,88.25,86.73,87.83,238,155,14568074.95,87.83
2023-01-09,BRK3,89.45,90.48,89.06,90.01,17,17,1065488.2,90.01
2023-01-09,BRM3,89.95,90.05,89.95,90.05,2,2,125553.42,90.05
2023-01-09,BRN3,88.56,88.56,87.2,88.42,7,4,431331.81,88.42
2023-01-09,BRQ3,88.6,88.6,88.6,88.6,1,1,61800.18,88.6
2023-01-09,BRU3,88.8,91.65,88.8,91.65,2,2,125867.31,91.65
2023-01-09,BRX3,89.2,89.2,89.2,89.2,1,1,62218.69,89.2
2023-01-09,BRZ3,88.19,88.19,88.19,88.19,2,2,123028.4,88.35
2023-01-09,CFH3,0.9262,0.9273,0.9253,0.9253,26,3,1829880.55,0.9201
2023-01-09,CHH3,87600.0,88800.0,86285.0,86360.0,143,129,12504593.0,86380.0
2023-01-09,CNYRUBF,10.44,10.52,10.16,10.19,60964,4769,628003360.0,10.2
2023-01-09,CRH3,10.485,10.559,10.215,10.257,2567318,119614,26554207251.0,10.262
2023-01-09,CRH4,11.177,11.2,10.8,10.8,6,6,66196.0,11.156
2023-01-09,CRM3,10.643,10.712,10.38,10.423,10078,2670,105744801.0,10.427
2023-01-09,CRM4,11.65,11.65,11.65,11.65,1,1,11650.0,12.118
2023-01-09,CRU3,10.811,10.982,10.55,10.55,154,62,1647139.0,10.6
2023-01-09,CRZ3,10.922,11.8,10.78,10.868,271,56,3116627.0,10.868
2023-01-09,CSH3,5636.0,5636.0,5301.0,5301.0,11,8,60200.0,5308.0
2023-01-09,DYH3,6650.0,6697.0,6600.0,6629.0,293,95,1944506.0,6621.0
2023-01-09,EDH3,1.0398,1.0561,1.0398,1.0557,114250,40936,8372895424.57,1.0559
2023-01-09,EDM3,1.0344,1.0501,1.0342,1.0501,849,761,61889012.29,1.0501
2023-01-09,EDU3,1.0254,1.0341,1.0254,1.0341,629,34,45358521.28,1.0341
2023-01-09,EURRUBF,75.98,76.15,74.0,74.4,6268,2358,469227170.0,74.37
2023-01-09,EuH3,74824.0,74964.0,73501.0,74094.0,254264,70318,18835844440.0,74119.0
2023-01-09,EuM3,75165.0,75306.0,73887.0,74567.0,9826,1544,730691699.0,74567.0
2023-01-09,EuU3,75350.0,75350.0,74621.0,75046.0,12,12,899724.0,75046.0
2023-01-09,FNH3,6138.0,6586.0,6138.0,6586.0,4,2,25448.0,6579.0
2023-01-09,FSH3,8200.0,8314.0,8200.0,8314.0,7,6,58037.0,8314.0
2023-01-09,FVH3,15080.0,15279.0,15029.0,15210.0,539,248,8192502.0,15246.0
2023-01-09,GDH3,1827.5,1847.0,1824.5,1838.4,91028,30164,11659237794.86,1839.2
2023-01-09,GDM3,1824.8,1844.2,1822.3,1837.4,1583,1103,202373643.24,1837.2
2023-01-09,GDU3,1832.9,1850.0,1831.1,1843.7,105,77,13474330.31,1843.7
2023-01-09,GDZ3,1854.0,1860.2,1848.6,1859.3,23,14,2979933.67,1859.3
2023-01-09,GKH3,15620.0,15792.0,15559.0,15563.0,10991,4862,172459723.0,15619.0
2023-01-09,GKM3,15854.0,15945.0,15776.0,15776.0,5,5,79403.0,15815.0
2023-01-09,GUH3,1.2029,1.2169,1.2029,1.2169,35,26,2959970.71,1.2169
2023-01-09,GZH3,16455.0,16600.0,16402.0,16566.0,38229,14845,630003054.0,16565.0
2023-01-09,GZM3,16690.0,16854.0,16680.0,16854.0,118,90,1976603.0,16835.0
2023-01-09,GZU3,17011.0,17012.0,17011.0,17012.0,4,2,68047.0,17012.0
2023-01-09,HOH3,25400.0,25400.0,25330.0,25330.0,24,6,609070.0,25530.0
2023-01-09,HSH3,22295.0,23270.0,22164.0,22691.0,4558,570,9355307.9,22691.0
2023-01-09,HSM3,23232.0,23232.0,23198.0,23198.0,19,18,39771.43,22430.0
2023-01-09,HSU3,23123.0,23921.0,22130.0,23672.0,45,10,96435.02,23000.0
2023-01-09,HYH3,7702.0,7739.0,7701.0,7736.0,72,29,555960.0,7739.0
2023-01-09,IRH3,35190.0,36199.0,35190.0,35810.0,168,80,6034692.0,35821.0
2023-01-09,JPH3,133.0,135.0,132.54,134.7,64,31,4493907.12,134.01
2023-01-09,JPM3,130.65,134.8,130.65,134.5,6,3,420621.59,134.5
2023-01-09,LKH3,41519.0,41687.0,41402.0,41440.0,5295,3685,219903858.0,41559.0
2023-01-09,LKM3,42442.0,42553.0,42336.0,42430.0,91,82,3858537.0,42465.0
2023-01-09,MAH3,5707.0,6145.0,5707.0,6143.0,6,3,35552.0,6099.0
2023-01-09,MCH3,10791.0,10875.0,10550.0,10633.0,207,97,2210209.0,10640.0
2023-01-09,MCM3,10694.0,10961.0,7330.0,10815.0,20,17,199581.0,10815.0
2023-01-09,MEH3,9523.0,9600.0,9488.0,9600.0,1404,521,13406576.0,9589.0
2023-01-09,MGH3,33688.0,33850.0,33514.0,33535.0,106,70,3567146.0,33548.0
2023-01-09,MGM3,34258.0,34321.0,34258.0,34321.0,2,2,68579.0,34206.0
2023-01-09,MLH3,4533.0,4592.0,4516.0,4556.0,1641,388,7487743.0,4575.0
2023-01-09,MLM3,4613.0,4651.0,4613.0,4651.0,10,6,46378.0,4654.0
2023-01-09,MMH3,2183.45,2196.2,2180.0,2188.55,21689,6907,475051305.5,2188.8
2023-01-09,MMM3,2180.65,2189.6,2179.9,2179.9,16,12,349247.5,2179.9
2023-01-09,MMU3,2239.2,2239.2,2207.6,2207.6,2,2,44468.0,2210.6
2023-01-09,MMZ4,2411.4,2411.5,2411.4,2411.5,3,3,72343.5,2411.5
2023-01-09,MNH3,4384.0,4425.0,4378.0,4412.0,7969,1247,35095260.0,4400.0
2023-01-09,MNM3,4471.0,4501.0,4471.0,4495.0,84,52,377259.0,4490.0
2023-01-09,MNU3,4550.0,4550.0,4550.0,4550.0,1,1,4550.0,4550.0
2023-01-09,MTH3,23872.0,24191.0,23872.0,24135.0,259,105,6235304.0,24140.0
2023-01-09,MTM3,23954.0,24330.0,23954.0,24330.0,2,2,48284.0,24376.0
2023-01-09,MXH3,218425.0,219575.0,218000.0,218975.0,7411,5099,1622826450.0,218975.0
2023-01-09,MXM3,218500.0,218500.0,217325.0,217950.0,4,4,871550.0,217950.0
2023-01-09,MXU3,219000.0,219000.0,219000.0,219000.0,1,1,219000.0,219000.0
2023-01-09,NAH3,11070.0,11317.0,11055.0,11270.0,50010,5621,390855224.56,11267.0
2023-01-09,NAM3,11045.0,11129.0,10900.0,11109.0,281,82,2164831.91,11109.0
2023-01-09,NAU3,11250.0,11438.0,11201.0,11424.0,13,13,102966.52,11424.0
2023-01-09,NAZ3,11498.0,11498.0,11498.0,11498.0,1,1,8020.08,11419.0
2023-01-09,NGF3,4.03,4.226,4.008,4.224,468824,178147,13409666411.04,4.219
2023-01-09,NGG3,4.175,4.293,4.124,4.273,37114,23636,1087313985.48,4.273
2023-01-09,NGH3,4.365,4.377,4.27,4.364,1571,796,47451024.81,4.36
2023-01-09,NGJ3,4.362,4.584,4.233,4.566,162,118,5115074.2,4.581
2023-01-09,NGK3,4.72,4.721,4.5,4.696,52,45,1683657.42,4.696
2023-01-09,NGM3,4.703,5.009,4.701,5.009,7,7,237909.78,5.009
2023-01-09,NKH3,106635.0,107445.0,106363.0,106401.0,135,112,14418422.0,106375.0
2023-01-09,NMH3,11265.0,11367.0,11056.0,11110.0,1943,1153,21848614.0,11107.0
2023-01-09,NMM3,11294.0,11548.0,11294.0,11332.0,10,10,114376.0,11314.0
2023-01-09,OGH3,5829.0,5837.0,5829.0,5837.0,3,3,17495.0,5833.0
2023-01-09,OZH3,14321.0,14678.0,14319.0,14581.0,624,275,9067877.0,14501.0
2023-01-09,OZM3,14750.0,14750.0,14750.0,14750.0,1,1,14750.0,14750.0
2023-01-09,PDH3,1887.0,1914.0,1871.01,1875.07,149,100,19651717.11,1875.0
2023-01-09,PDM3,1921.38,1952.98,1921.38,1952.98,2,2,270244.36,1928.0
2023-01-09,PHH3,6566.0,6595.0,6399.0,6399.0,1254,291,8095023.0,6408.0
2023-01-09,PHM3,6551.0,6551.0,6551.0,6551.0,10,4,65510.0,6536.0
2023-01-09,PIH3,6062.0,6127.0,6032.0,6035.0,200,52,1216209.0,6095.0
2023-01-09,POH3,3837.0,3888.0,3836.0,3862.0,3409,961,13174679.0,3855.0
2023-01-09,POM3,3914.0,3941.0,3914.0,3920.0,41,32,160594.0,3920.0
2023-01-09,PSH3,1255.0,1255.0,1255.0,1255.0,27,2,33885.0,1265.0
2023-01-09,PTH3,1089.1,1101.0,1087.4,1093.2,373,164,28545504.84,1093.0
2023-01-09,PTM3,1119.8,1119.8,1118.5,1118.5,2,2,156125.68,1119.8
2023-01-09,PZH3,79600.0,80976.0,79092.0,79092.0,716,564,57290157.0,79272.0
2023-01-09,PZM3,79996.0,79996.0,79996.0,79996.0,1,1,79996.0,79923.0
2023-01-09,RIH3,95780.0,98950.0,95640.0,98510.0,79112,55216,10797250172.67,98480.0
2023-01-09,RIM3,95500.0,98620.0,95500.0,98150.0,422,358,57329684.82,98150.0
2023-01-09,RIM4,100010.0,100010.0,100010.0,100010.0,1,1,139517.95,100010.0
2023-01-09,RIU3,95500.0,95500.0,95500.0,95500.0,1,1,133226.32,97660.0
2023-01-09,RIZ3,95910.0,98500.0,95910.0,97570.0,13,12,1762493.54,97680.0
2023-01-09,RIZ4,104750.0,104750.0,104750.0,104750.0,1,1,146130.44,97180.0
2023-01-09,RLH3,4127.0,4190.0,4113.0,4113.0,275,66,1134445.0,4113.0
2023-01-09,RMH3,961.0,990.0,959.0,985.5,25827,8321,352684728.74,985.5
2023-01-09,RMM3,958.0,985.0,956.5,983.5,372,219,5050630.22,983.5
2023-01-09,RMU3,968.0,981.0,968.0,970.0,11,7,150050.27,970.0
2023-01-09,RNH3,35275.0,35488.0,35155.0,35286.0,2185,1325,77263069.0,35316.0
2023-01-09,RNM3,35089.0,35500.0,35089.0,35500.0,10,8,353396.0,35501.0
2023-01-09,RTH3,5676.0,5786.0,5676.0,5744.0,515,120,2943697.0,5744.0
2023-01-09,SEH3,1171.0,1190.0,1171.0,1175.0,3160,84,3745473.0,1175.0
2023-01-09,SFH3,386.41,391.49,386.41,390.83,64314,12344,1746485093.98,390.89
2023-01-09,SFM3,387.49,390.31,385.73,390.19,556,423,15047172.46,389.88
2023-01-09,SFU3,387.54,390.0,385.47,388.38,43,37,1163062.99,388.47
2023-01-09,SFZ3,385.36,388.0,385.01,388.0,9,5,242347.75,388.0
2023-01-09,SGH3,26341.0,26476.0,26291.0,26323.0,150,66,3957628.0,26322.0
2023-01-09,SGM3,26930.0,26930.0,26930.0,26930.0,5,2,134650.0,26902.0
2023-01-09,SNH3,22014.0,22122.0,21823.0,21823.0,1196,378,26298896.0,21940.0
2023-01-09,SNM3,22428.0,22481.0,22428.0,22478.0,9,4,202055.0,22424.0
2023-01-09,SOH3,4567.0,4579.0,4517.0,4576.0,1019,170,4635452.0,4571.0
2023-01-09,SOM3,4608.0,4608.0,4608.0,4608.0,1,1,4608.0,4608.0
2023-01-09,SPH3,14106.0,14368.0,14079.0,14325.0,5886,3125,84109613.0,14332.0
2023-01-09,SPM3,14347.0,14496.0,14256.0,14256.0,3,3,43099.0,14330.0
2023-01-09,SRH3,14352.0,14528.0,14329.0,14445.0,189943,43689,2745467852.0,14469.0
2023-01-09,SRM3,14516.0,14675.0,14511.0,14623.0,676,478,9879509.0,14623.0
2023-01-09,SRU3,14795.0,14986.0,14794.0,14920.0,26,20,387633.0,14920.0
2023-01-09,SRZ3,15220.0,15467.0,15076.0,15132.0,15,11,228016.0,15132.0
2023-01-09,SSH3,2408.0,2455.0,2408.0,2435.0,243,52,592032.0,2434.0
2023-01-09,SVH3,23.23,23.58,23.18,23.46,22585,6526,368682576.2,23.44
2023-01-09,SVM3,23.5,23.8,23.43,23.64,508,305,8387805.51,23.66
2023-01-09,SVU3,24.07,24.24,24.07,24.15,43,19,725161.64,24.15
2023-01-09,SVZ3,24.61,24.73,24.61,24.73,3,3,51595.47,24.73
2023-01-09,SXH3,3844.9,3909.0,3844.9,3909.0,355,45,1028632.0,3909.0
2023-01-09,SXM3,3959.9,3960.0,3808.3,3808.5,5,5,14438.49,3808.5
2023-01-09,SXU3,3950.0,3950.0,3650.4,3650.4,25,8,68867.65,3845.8
2023-01-09,SiH3,72227.0,72239.0,70001.0,70292.0,1376749,451889,97385531705.0,70300.0
2023-01-09,SiH4,75535.0,75535.0,73970.0,74301.0,29,21,2167824.0,74301.0
2023-01-09,SiM3,72724.0,72806.0,70526.0,70829.0,21629,12809,1541991055.0,70843.0
2023-01-09,SiM4,76400.0,76400.0,74859.0,75131.0,11,11,828202.0,75131.0
2023-01-09,SiU3,73850.0,74067.0,72010.0,72150.0,593,388,43024981.0,72174.0
2023-01-09,SiU4,76000.0,76000.0,75001.0,75001.0,12,12,906059.0,75001.0
2023-01-09,SiZ3,75101.0,76365.0,73600.0,74091.0,289,148,21669044.0,74048.0
2023-01-09,TIH3,25891.0,26623.0,25866.0,26532.0,707,410,18542318.0,26478.0
2023-01-09,TNH3,89220.0,89359.0,88810.0,89359.0,3,3,267389.0,89359.0
2023-01-09,TTH3,34893.0,35162.0,34829.0,35120.0,788,375,27619584.0,35137.0
2023-01-09,TTM3,35869.0,35869.0,35869.0,35869.0,1,1,35869.0,35855.0
2023-01-09,USDRUBF,72.03,72.1,69.52,69.74,43782,12281,3080834740.0,69.71
2023-01-09,VBH3,1641.0,1678.0,1639.0,1667.0,95341,10052,158555551.0,1672.0
2023-01-09,VBM3,1677.0,1711.0,1672.0,1700.0,2108,578,3565110.0,1705.0
2023-01-09,VBU3,1720.0,1744.0,1720.0,1744.0,8,3,13928.0,1744.0
2023-01-09,VIF3,39.05,39.05,38.45,38.45,2,2,10811.54,38.45
2023-01-09,W4F3,15020.0,15020.0,14980.0,15000.0,205,13,3071460.0,15000.0
2023-01-09,W4G3,15230.0,15230.0,15230.0,15230.0,1,1,15230.0,15220.0
2023-01-09,W4H3,15150.0,15150.0,15060.0,15060.0,3,3,45270.0,15100.0
2023-01-09,W4J3,15060.0,15060.0,15060.0,15060.0,1,1,15060.0,15170.0
2023-01-09,YNH3,18742.0,19005.0,18706.0,18939.0,3085,1517,58361701.0,18989.0
2023-01-09,YNM3,19037.0,19283.0,19024.0,19259.0,107,93,2049108.0,19255.0
2023-01-10,AFH3,2613.0,2673.0,2578.0,2662.0,8439,2506,22082566.0,2658.0
2023-01-10,AFM3,2667.0,2715.0,2637.0,2715.0,198,72,529140.0,2706.0
2023-01-10,AKH3,12063.0,12072.0,11962.0,12071.0,454,199,5452272.0,12051.0
2023-01-10,AKM3,12200.0,12200.0,12200.0,12200.0,3,1,36600.0,12218.0
2023-01-10,ALH3,5969.0,6048.0,5969.0,6023.0,2788,949,16742869.0,6019.0
2023-01-10,ALM3,6116.0,6136.0,6093.0,6136.0,47,25,287004.0,6136.0
2023-01-10,BRG3,84.39,84.48,82.31,82.66,115152,46346,6689662098.48,82.68
2023-01-10,BRH3,86.11,86.18,84.7,85.06,2845,1986,169778383.38,85.09
2023-01-10,BRJ3,87.63,88.0,86.63,87.0,330,210,20117497.82,87.0
2023-01-10,BRK3,89.52,90.0,89.1,89.26,42,38,2627977.88,89.26
2023-01-10,BRM3,89.94,90.24,88.4,88.77,11,11,684232.5,88.77
2023-01-10,BRN3,89.57,89.57,89.57,89.57,2,2,125049.4,89.18
2023-01-10,BRQ3,87.21,87.21,87.21,87.21,1,1,60877.29,87.35
2023-01-10,BRU3,89.69,89.69,88.03,88.03,3,3,186666.61,88.59
2023-01-10,BRZ3,90.5,90.51,90.5,90.51,3,3,189528.65,90.51
2023-01-10,CFH3,0.9246,0.9246,0.9246,0.9246,1,1,69957.46,0.9246
2023-01-10,CHH3,86582.0,86948.0,85541.0,85693.0,101,83,8699806.0,85930.0
2023-01-10,CNYRUBF,10.2,10.29,10.13,10.27,34386,2425,351477520.0,10.27
2023-01-10,CRH3,10.265,10.344,10.194,10.336,1227298,63408,12613557621.0,10.334
2023-01-10,CRM3,10.43,10.501,10.359,10.495,6035,1209,62950411.0,10.492
2023-01-10,CRU3,10.626,10.626,10.59,10.59,33,13,350480.0,10.65
2023-01-10,CSH3,5311.0,5482.0,5311.0,5312.0,3,3,16105.0,5313.0
2023-01-10,CoF3,8794.0,8794.0,8794.0,8794.0,1,1,61386.87,8351.0
2023-01-10,DYH3,6630.0,6919.0,6628.0,6640.0,385,55,2591405.0,6640.0
2023-01-10,EDH3,1.0559,1.06,1.0536,1.055,59807,24108,4409316494.03,1.0551
2023-01-10,EDM3,1.0498,1.0527,1.0482,1.0493,561,523,41111296.61,1.049
2023-01-10,EDU3,1.0351,1.0425,1.035,1.0425,591,12,42702721.09,1.041
2023-01-10,EURRUBF,74.54,75.0,74.1,74.84,3148,1327,234827000.0,74.9
2023-01-10,EuH3,74137.0,74411.0,73558.0,74062.0,159453,40312,11804631601.0,74078.0
2023-01-10,EuM3,74650.0,74824.0,74051.0,74455.0,1593,588,118647934.0,74465.0
2023-01-10,EuU3,75274.0,75275.0,74612.0,75089.0,11,11,825125.0,75089.0
2023-01-10,FSH3,8339.0,8416.0,8324.0,8415.0,63,35,527708.0,8376.0
2023-01-10,FVH3,15235.0,15235.0,14987.0,15081.0,225,105,3390753.0,15081.0
2023-01-10,GDH3,1840.1,1845.0,1834.1,1841.2,65221,23563,8374019883.6,1840.8
2023-01-10,GDM3,1837.5,1843.4,1833.4,1839.3,1096,739,140598378.63,1839.5
2023-01-10,GDU3,1844.5,1849.5,1838.7,1845.2,30,22,3859777.94,1845.2
2023-01-10,GDZ3,1850.2,1858.8,1823.9,1856.9,15,10,1935738.68,1856.9
2023-01-10,GKH3,15605.0,15653.0,15415.0,15530.0,8135,3977,126112635.0,15532.0
2023-01-10,GKM3,15841.0,15841.0,15545.0,15706.0,12,12,187884.0,15706.0
2023-01-10,GKU3,15139.0,15139.0,15139.0,15139.0,1,1,15139.0,15139.0
2023-01-10,GUH3,1.2121,1.2212,1.2111,1.2171,25,12,2122098.08,1.2168
2023-01-10,GZH3,16573.0,16579.0,16352.0,16488.0,32843,12789,539649832.0,16484.0
2023-01-10,GZH5,18732.0,18732.0,18732.0,18732.0,1,1,18732.0,18732.0
2023-01-10,GZM3,16834.0,16834.0,16623.0,16771.0,144,109,2404117.0,16752.0
2023-01-10,GZU3,17000.0,17000.0,16869.0,17000.0,4,4,67738.0,17000.0
2023-01-10,GZU5,19239.0,19239.0,19239.0,19239.0,1,1,19239.0,19438.0
2023-01-10,HOH3,25330.0,25540.0,25330.0,25540.0,2,2,50870.0,25480.0
2023-01-10,HSH3,22690.0,23000.0,22450.0,22799.0,2877,593,5834749.33,22798.0
2023-01-10,HSM3,23197.0,23200.0,23189.0,23189.0,6,6,12428.95,23189.0
2023-01-10,HSU3,22850.0,23672.0,22850.0,23670.0,15,6,31634.53,23000.0
2023-01-10,HYH3,7740.0,7742.0,7593.0,7731.0,809,211,6201374.0,7731.0
2023-01-10,HYM3,7750.0,7750.0,7750.0,7750.0,5,2,38750.0,7860.0
2023-01-10,IRH3,35894.0,36199.0,35140.0,35253.0,156,77,5536030.0,35253.0
2023-01-10,JPH3,133.71,134.02,132.88,134.02,16,16,1126834.22,134.02
2023-01-10,LKH3,41502.0,41637.0,41089.0,41122.0,5253,3641,216843006.0,41226.0
2023-01-10,LKM3,42482.0,42521.0,41989.0,42050.0,101,91,4272885.0,42134.0
2023-01-10,LKU3,41114.0,41114.0,41111.0,41111.0,2,2,82225.0,41419.0
2023-01-10,MAH3,5732.0,6131.0,5732.0,6131.0,2,2,11863.0,6099.0
2023-01-10,MCH3,10616.0,10695.0,10502.0,10536.0,106,44,1120584.0,10545.0
2023-01-10,MEH3,9577.0,9580.0,9452.0,9501.0,1523,523,14468470.0,9481.0
2023-01-10,MEM3,9391.0,9400.0,9320.0,9368.0,26,11,242952.0,9368.0
2023-01-10,MGH3,33546.0,33730.0,33288.0,33672.0,145,104,4861114.0,33672.0
2023-01-10,MLH3,4576.0,4602.0,4526.0,4564.0,1021,239,4650866.0,4559.0
2023-01-10,MLM3,4658.0,4658.0,4627.0,4627.0,4,4,18564.0,4636.0
2023-01-10,MMH3,2188.85,2190.25,2164.35,2177.95,26872,8405,584475871.0,2175.45
2023-01-10,MMM3,2185.4,2185.4,2160.0,2173.65,46,29,997846.0,2172.2
2023-01-10,MMZ4,2440.85,2440.85,2440.65,2440.65,2,2,48815.0,2440.65
2023-01-10,MNH3,4399.0,4436.0,4373.0,4436.0,7257,1320,31940482.0,4433.0
2023-01-10,MNM3,4488.0,4525.0,4466.0,4525.0,100,47,449879.0,4525.0
2023-01-10,MTH3,24093.0,24174.0,23742.0,24035.0,162,83,3873279.0,24035.0
2023-01-10,MTM3,24596.0,24596.0,24596.0,24596.0,1,1,24596.0,24479.0
2023-01-10,MXH3,218850.0,219075.0,216450.0,217575.0,9273,6099,2016870375.0,217575.0
2023-01-10,MXM3,217550.0,217550.0,216975.0,216975.0,3,3,651750.0,216700.0
2023-01-10,NAH3,11266.0,11295.0,11034.0,11070.0,52849,6095,411052596.94,11075.0
2023-01-10,NAM3,11150.0,11187.0,10999.0,11060.0,224,108,1727559.06,11060.0
2023-01-10,NAU3,11347.0,11400.0,11202.0,11202.0,22,15,172778.56,11202.0
2023-01-10,NAZ3,11630.0,12116.0,11630.0,12116.0,5,5,41596.09,11336.0
2023-01-10,NGF3,4.216,4.256,3.927,3.955,499158,179861,14210695024.11,3.947
2023-01-10,NGG3,4.265,4.298,4.043,4.08,44227,28007,1286263687.44,4.073
2023-01-10,NGH3,4.448,4.448,4.2,4.21,2196,1034,65896347.82,4.21
2023-01-10,NGJ3,4.5,4.573,4.432,4.432,383,196,12027121.24,4.441
2023-01-10,NGK3,4.797,4.797,4.6,4.6,28,27,909655.08,4.6
2023-01-10,NKH3,106650.0,106729.0,105101.0,105394.0,179,163,18888833.0,105410.0
2023-01-10,NMH3,11118.0,11240.0,10961.0,11038.0,1556,608,17232630.0,11037.0
2023-01-10,NMM3,11319.0,11320.0,11192.0,11192.0,44,24,493751.0,11192.0
2023-01-10,OGH3,5508.0,5908.0,5508.0,5848.0,17,5,97253.0,5833.0
2023-01-10,OZH3,14572.0,14572.0,14316.0,14496.0,522,215,7530523.0,14511.0
2023-01-10,PDH3,1878.0,1884.92,1865.02,1873.0,50,48,6534848.87,1870.99
2023-01-10,PHH3,6390.0,6469.0,6351.0,6380.0,558,156,3567331.0,6380.0
2023-01-10,PIH3,6004.0,6036.0,5945.0,6007.0,481,105,2887707.0,6007.0
2023-01-10,PIM3,5674.0,5674.0,5674.0,5674.0,2,2,11348.0,6103.0
2023-01-10,POH3,3862.0,3863.0,3815.0,3840.0,2316,697,8891633.0,3847.0
2023-01-10,POM3,3929.0,3929.0,3885.0,3911.0,44,32,172094.0,3918.0
2023-01-10,PTH3,1093.5,1098.0,1077.8,1084.5,491,229,37222884.83,1081.9
2023-01-10,PTM3,1116.0,1118.4,1108.2,1108.2,7,7,544698.52,1106.0
2023-01-10,PZH3,79413.0,79850.0,78476.0,79700.0,412,327,32652131.0,79763.0
2023-01-10,RBH3,13069.0,13069.0,13069.0,13069.0,1,1,13069.0,13069.0
2023-01-10,RIH3,98540.0,98900.0,96980.0,97560.0,79980,52187,10916737107.67,97580.0
2023-01-10,RIM3,97920.0,98500.0,97020.0,97410.0,119,113,16237610.97,97370.0
2023-01-10,RLH3,4117.0,4127.0,4064.0,4113.0,227,55,927968.0,4116.0
2023-01-10,RMH3,985.5,990.0,971.5,975.5,18434,6178,252009331.19,976.5
2023-01-10,RMM3,980.0,985.0,971.0,973.5,168,84,2290245.38,973.5
2023-01-10,RMU3,980.0,983.0,965.0,983.0,3,3,40878.04,982.0
2023-01-10,RNH3,35332.0,35374.0,34700.0,35149.0,3931,1957,137550126.0,35066.0
2023-01-10,RNM3,35549.0,35549.0,34882.0,35050.0,10,10,351345.0,35050.0
2023-01-10,RNM4,35887.0,35888.0,35887.0,35888.0,3,3,107663.0,35874.0
2023-01-10,RNU3,36136.0,36136.0,33705.0,33705.0,3,3,105641.0,34999.0
2023-01-10,RTH3,5747.0,5806.0,5705.0,5735.0,247,79,1420821.0,5735.0
2023-01-10,SAH3,30.59,30.59,29.95,29.95,9,9,276626.32,29.95
2023-01-10,SEH3,1189.0,1190.0,1164.0,1164.0,132,26,156302.0,1164.0
2023-01-10,SFH3,390.9,391.81,385.0,385.7,76178,15991,2061842086.88,385.68
2023-01-10,SFM3,390.02,390.32,385.16,385.73,828,540,22361188.54,385.86
2023-01-10,SFU3,387.69,387.69,385.0,386.78,35,14,941865.64,386.78
2023-01-10,SFZ3,386.0,386.0,380.0,380.0,9,8,241330.55,381.0
2023-01-10,SGH3,26320.0,26394.0,25993.0,26222.0,257,171,6720654.0,26260.0
2023-01-10,SGM3,26850.0,26850.0,26780.0,26780.0,5,2,134110.0,26780.0
2023-01-10,SNH3,21799.0,21987.0,21473.0,21758.0,2033,803,44316075.0,21773.0
2023-01-10,SNM3,22354.0,22354.0,21940.0,21966.0,11,8,242230.0,22148.0
2023-01-10,SOH3,4573.0,4573.0,4522.0,4532.0,1617,442,7339985.0,4532.0
2023-01-10,SPH3,14318.0,14335.0,14125.0,14299.0,4160,1980,59205838.0,14255.0
2023-01-10,SPM3,14326.0,14326.0,14300.0,14300.0,5,5,71578.0,14301.0
2023-01-10,SRH3,14446.0,14486.0,14313.0,14451.0,158900,36858,2288282321.0,14455.0
2023-01-10,SRM3,14607.0,14645.0,14510.0,14645.0,433,325,6316061.0,14624.0
2023-01-10,SRU3,14873.0,14959.0,14785.0,14959.0,33,23,491395.0,14940.0
2023-01-10,SRZ3,15154.0,15237.0,15150.0,15208.0,18,13,273512.0,15201.0
2023-01-10,SSH3,2446.0,2446.0,2411.0,2433.0,237,60,574069.0,2436.0
2023-01-10,SVH3,23.47,23.5,23.04,23.28,27825,8226,451199596.56,23.29
2023-01-10,SVM3,23.69,23.71,23.33,23.5,680,392,11141374.06,23.51
2023-01-10,SVU3,24.2,24.37,24.05,24.1,65,20,1093229.33,24.1
2023-01-10,SVZ3,24.45,24.45,24.45,24.45,1,1,17067.42,24.5
2023-01-10,SXH3,3907.0,3911.5,3875.0,3888.0,594,49,1734665.1,3888.0
2023-01-10,SXM3,3808.4,3808.4,3760.1,3800.0,7,6,19847.44,3800.0
2023-01-10,SXU3,3946.9,3946.9,3655.0,3944.9,8,5,22772.53,3825.1
2023-01-10,SiH3,70300.0,70608.0,69731.0,70364.0,958795,299315,67333610537.0,70362.0
2023-01-10,SiH4,73743.0,75173.0,72118.0,74550.0,12,12,889623.0,74550.0
2023-01-10,SiM3,70864.0,71200.0,70230.0,70956.0,16917,8407,1196963973.0,70951.0
2023-01-10,SiM4,75150.0,75351.0,75150.0,75351.0,2,2,150501.0,75351.0
2023-01-10,SiU3,72255.0,72505.0,71637.0,72370.0,174,134,12560371.0,72370.0
2023-01-10,SiU4,75454.0,75455.0,75454.0,75455.0,2,2,150909.0,75455.0
2023-01-10,SiZ3,74099.0,74100.0,73133.0,73756.0,83,71,6115329.0,73760.0
2023-01-10,TIH3,26520.0,27098.0,26231.0,27098.0,733,409,19580162.0,27067.0
2023-01-10,TIM3,27529.0,27529.0,27484.0,27507.0,4,4,110049.0,27528.0
2023-01-10,TNH3,90034.0,90034.0,90034.0,90034.0,1,1,90034.0,88562.0
2023-01-10,TTH3,35097.0,35106.0,34864.0,35030.0,199,132,6967694.0,35044.0
2023-01-10,TTM3,35782.0,35782.0,35782.0,35782.0,1,1,35782.0,35782.0
2023-01-10,USDRUBF,69.86,70.07,69.3,69.87,17602,5447,1227504240.0,69.81
2023-01-10,VBH3,1665.0,1672.0,1653.0,1659.0,60786,7158,101060352.0,1657.0
2023-01-10,VBM3,1697.0,1704.0,1687.0,1692.0,379,166,642309.0,1690.0
2023-01-10,VBU3,1751.0,1751.0,1721.0,1749.0,7,7,12217.0,1736.0
2023-01-10,VIF3,40.25,40.3,38.05,38.05,11,11,60144.3,38.05
2023-01-10,W4F3,15000.0,15010.0,15000.0,15000.0,3,3,45010.0,15000.0
2023-01-10,W4G3,15220.0,15220.0,15050.0,15050.0,2,2,30270.0,15050.0
2023-01-10,W4H3,15220.0,15220.0,15210.0,15210.0,4,3,60870.0,15210.0
2023-01-10,W4M3,16580.0,16580.0,16580.0,16580.0,1,1,16580.0,15590.0
2023-01-10,YNH3,18944.0,19010.0,18800.0,18887.0,2569,1225,48581137.0,18932.0
2023-01-10,YNM3,19214.0,19240.0,19093.0,19171.0,47,47,902128.0,19208.0
2023-01-10,YNU3,19281.0,19289.0,19281.0,19289.0,2,2,38570.0,19289.0
2023-01-11,AFH3,2666.0,2764.0,2643.0,2738.0,14692,2712,39797921.0,2743.0
2023-01-11,AFM3,2705.0,2800.0,2687.0,2785.0,691,218,1908688.0,2785.0
2023-01-11,AFU3,2798.0,2798.0,2798.0,2798.0,1,1,2798.0,2798.0
2023-01-11,AKH3,12049.0,12261.0,12011.0,12239.0,243,97,2955185.0,12239.0
2023-01-11,AKM3,12459.0,12459.0,12415.0,12435.0,21,5,260977.0,12435.0
2023-01-11,ALH3,6028.0,6135.0,6028.0,6105.0,5465,1206,33325858.0,6108.0
2023-01-11,ALM3,6151.0,6242.0,6151.0,6239.0,64,46,396192.0,6239.0
2023-01-11,BRG3,82.85,84.53,82.77,83.95,95329,36130,5473356212.14,83.94
2023-01-11,BRH3,85.41,86.86,85.19,86.23,2216,1458,130864608.73,86.29
2023-01-11,BRJ3,87.67,88.5,87.16,88.09,259,163,15621172.85,88.09
2023-01-11,BRK3,89.5,90.51,89.5,90.18,26,23,1608829.37,90.24
2023-01-11,BRM3,89.0,90.55,89.0,90.27,10,10,618614.51,90.41
2023-01-11,BRQ3,88.64,88.9,87.49,87.49,5,5,303358.71,87.99
2023-01-11,BRU3,88.99,88.99,88.99,88.99,1,1,61162.47,89.69
2023-01-11,BRX3,89.74,92.2,89.74,92.2,16,10,1003019.14,91.59
2023-01-11,BRZ3,91.49,91.72,89.11,91.72,3,3,187164.45,91.68
2023-01-11,CFH3,0.9259,0.9259,0.9259,0.9259,40,1,2769181.6,0.9278
2023-01-11,CHH3,85845.0,86920.0,85401.0,86798.0,71,68,6134064.0,86798.0
2023-01-11,CNYRUBF,10.28,10.31,10.02,10.09,56889,4577,576749450.0,10.07
2023-01-11,CRH3,10.339,10.378,10.061,10.119,2622456,96150,26719069758.0,10.12
2023-01-11,CRM3,10.523,10.524,10.23,10.28,15051,2396,155573337.0,10.28
2023-01-11,CRM4,11.65,11.65,11.65,11.65,1,1,11650.0,11.872
2023-01-11,CRU3,10.635,10.663,10.455,10.489,168,53,1780332.0,10.489
2023-01-11,CRZ3,10.762,10.762,10.615,10.754,55,9,584464.0,10.746
2023-01-11,DYH3,6648.0,6783.0,6630.0,6749.0,409,96,2743150.0,6749.0
2023-01-11,EDH3,1.0553,1.0605,1.0543,1.0598,71979,27067,5230779040.02,1.0601
2023-01-11,EDM3,1.049,1.0538,1.0486,1.0538,438,351,31636750.19,1.0535
2023-01-11,EDU3,1.0425,1.0495,1.0375,1.0495,1020,44,73413356.23,1.0495
2023-01-11,EURRUBF,74.8,75.1,73.39,73.87,3106,1244,230051180.0,74.14
2023-01-11,EuH3,74099.0,74295.0,72413.0,73106.0,170712,42652,12504668446.0,73166.0
2023-01-11,EuM3,74455.0,74641.0,72953.0,73565.0,3199,838,237255802.0,73565.0
2023-01-11,EuM4,77881.0,77881.0,77881.0,77881.0,1,1,77881.0,77881.0
2023-01-11,EuU3,74879.0,74879.0,73900.0,74000.0,13,13,965917.0,74290.0
2023-01-11,EuZ3,76878.0,76878.0,75555.0,75555.0,3,3,228063.0,75566.0
2023-01-11,FSH3,8450.0,9174.0,8450.0,8712.0,1468,330,12946935.0,8712.0
2023-01-11,FSM3,9000.0,9078.0,8700.0,8949.0,44,12,391906.0,8949.0
2023-01-11,FVH3,15062.0,15209.0,15021.0,15110.0,426,228,6440228.0,15130.0
2023-01-11,FVM3,15392.0,15392.0,15392.0,15392.0,1,1,15392.0,15392.0
2023-01-11,GDH3,1841.3,1853.2,1836.0,1842.4,80800,26884,10252832407.81,1841.9
2023-01-11,GDM3,1837.0,1850.6,1835.8,1841.4,1024,757,129808330.45,1840.8
2023-01-11,GDU3,1846.0,1856.9,1846.0,1848.7,54,51,6876836.35,1848.7
2023-01-11,GDZ3,1859.7,1874.9,1852.3,1862.8,20,15,2560947.38,1862.0
2023-01-11,GKH3,15532.0,15698.0,15524.0,15652.0,7823,3284,122264773.0,15610.0
2023-01-11,GKM3,15702.0,15758.0,15600.0,15700.0,30,20,470980.0,15685.0
2023-01-11,GUH3,1.2144,1.2155,1.2144,1.2155,4,4,334018.98,1.2155
2023-01-11,GZH3,16471.0,16939.0,16386.0,16781.0,76542,21478,1272776096.0,16815.0
2023-01-11,GZM3,16720.0,17117.0,16669.0,16941.0,348,267,5876699.0,16981.0
2023-01-11,GZU3,17000.0,17314.0,16976.0,17314.0,18,10,309396.0,17314.0
2023-01-11,GZU4,17816.0,18416.0,17816.0,18416.0,4,4,73064.0,18414.0
2023-01-11,GZZ4,18338.0,18361.0,18338.0,18361.0,3,3,55060.0,18361.0
2023-01-11,HOH3,25290.0,25380.0,25280.0,25280.0,14,6,354170.0,25310.0
2023-01-11,HOM3,24700.0,24700.0,24700.0,24700.0,1,1,24700.0,25390.0
2023-01-11,HSH3,22831.0,22960.0,22633.0,22700.0,1117,323,2251566.93,22700.0
2023-01-11,HSM3,22877.0,23528.0,22800.0,23234.0,264,16,533810.11,23234.0
2023-01-11,HSU3,24379.0,24379.0,23000.0,23000.0,12,6,25237.47,23001.0
2023-01-11,HYH3,7690.0,7757.0,7634.0,7746.0,506,129,3900325.0,7751.0
2023-01-11,HYM3,7827.0,7868.0,7801.0,7868.0,12,8,93829.0,7868.0
2023-01-11,IRH3,35014.0,35439.0,34816.0,35155.0,130,63,4562964.0,35155.0
2023-01-11,JPH3,133.48,134.64,133.48,134.64,2,2,139813.85,134.64
2023-01-11,LKH3,41160.0,41480.0,41138.0,41463.0,5638,3770,233320393.0,41463.0
2023-01-11,LKM3,42090.0,42390.0,42090.0,42355.0,85,84,3595383.0,42368.0
2023-01-11,LKU3,42499.0,42499.0,42499.0,42499.0,1,1,42499.0,42499.0
2023-01-11,MAM3,5897.0,5897.0,5897.0,5897.0,3,1,17691.0,5897.0
2023-01-11,MCH3,10709.0,10750.0,10601.0,10610.0,26,16,277981.0,10601.0
2023-01-11,MEH3,9482.0,9797.0,9482.0,9779.0,2511,702,24320864.0,9779.0
2023-01-11,MEM3,9380.0,9672.0,9380.0,9640.0,51,22,489207.0,9640.0
2023-01-11,MGH3,33649.0,33872.0,33533.0,33794.0,103,64,3472107.0,33767.0
2023-01-11,MLH3,4565.0,4728.0,4557.0,4660.0,4618,808,21486223.0,4681.0
2023-01-11,MLM3,4681.0,4763.0,4681.0,4763.0,5,5,23593.0,4763.0
2023-01-11,MMH3,2175.75,2219.3,2171.4,2212.6,40501,13414,890274246.5,2213.3
2023-01-11,MMH5,2434.95,2434.95,2434.95,2434.95,1,1,24349.5,2434.95
2023-01-11,MMM3,2164.5,2204.0,2164.5,2204.0,94,60,2057638.0,2204.0
2023-01-11,MMU3,2228.5,2228.5,2227.5,2227.5,3,3,66835.0,2227.45
2023-01-11,MMU5,2499.95,2500.0,2499.95,2500.0,2,2,49999.5,2500.0
2023-01-11,MMZ3,2266.3,2266.3,2266.3,2266.3,1,1,22663.0,2266.3
2023-01-11,MMZ4,2383.2,2444.9,2383.2,2444.9,6,6,144858.5,2444.9
2023-01-11,MNH3,4433.0,4522.0,4420.0,4502.0,16059,2373,71994010.0,4512.0
2023-01-11,MNM3,4517.0,4601.0,4510.0,4586.0,158,69,718734.0,4601.0
2023-01-11,MTH3,24024.0,24331.0,23993.0,24288.0,167,84,4037068.0,24279.0
2023-01-11,MXH3,217675.0,221875.0,217200.0,221250.0,16066,10303,3529503675.0,221350.0
2023-01-11,MXM3,218775.0,220225.0,218775.0,220225.0,13,11,2854525.0,220150.0
2023-01-11,NAH3,11081.0,11225.0,11060.0,11197.0,24383,3326,186963144.69,11194.0
2023-01-11,NAM3,11081.0,11129.0,11060.0,11120.0,73,53,557139.15,11119.0
2023-01-11,NAU3,11351.0,11403.0,11122.0,11403.0,30,26,233157.59,11380.0
2023-01-11,NGF3,3.95,4.007,3.794,3.806,519474,177267,14052965259.15,3.817
2023-01-11,NGG3,4.08,4.124,4.0,4.01,45059,26803,1262634269.24,4.011
2023-01-11,NGH3,4.221,4.272,4.111,4.125,2131,1205,61643639.93,4.122
2023-01-11,NGJ3,4.403,4.5,4.305,4.309,218,165,6624144.94,4.355
2023-01-11,NGK3,4.584,4.65,4.584,4.616,26,25,826377.21,4.616
2023-01-11,NGM3,4.901,5.009,4.658,4.767,34,24,1117502.06,4.778
2023-01-11,NKH3,105387.0,105929.0,104602.0,105776.0,282,207,29695897.0,105776.0
2023-01-11,NKM3,104871.0,104871.0,104871.0,104871.0,1,1,104871.0,104871.0
2023-01-11,NMH3,11007.0,11262.0,11005.0,11251.0,2236,1401,24953681.0,11251.0
2023-01-11,NMM3,11146.0,11220.0,11145.0,11220.0,6,3,67171.0,11328.0
2023-01-11,OGH3,5848.0,5849.0,5617.0,5849.0,8,6,46013.0,5849.0
2023-01-11,OZH3,14478.0,15290.0,14333.0,15099.0,2204,881,33019119.0,15068.0
2023-01-11,OZM3,14892.0,15451.0,14892.0,15312.0,41,17,628491.0,15312.0
2023-01-11,PDH3,1868.76,1879.09,1850.0,1851.22,65,53,8318849.6,1851.22
2023-01-11,PDM3,1937.25,1937.25,1910.77,1919.44,4,4,527748.11,1910.93
2023-01-11,PHH3,6372.0,6430.0,6355.0,6425.0,569,119,3640974.0,6425.0
2023-01-11,PHM3,6423.0,6522.0,6384.0,6384.0,3,3,19329.0,6431.0
2023-01-11,PIH3,6018.0,6055.0,5926.0,6052.0,128,52,770707.0,6052.0
2023-01-11,PIM3,6000.0,6000.0,6000.0,6000.0,1,1,6000.0,6048.0
2023-01-11,POH3,3841.0,3897.0,3821.0,3849.0,6002,1845,23126779.0,3824.0
2023-01-11,POM3,3922.0,3961.0,3895.0,3895.0,49,37,192067.0,3893.0
2023-01-11,PSH3,1324.0,1332.0,1261.0,1323.0,198,17,262439.0,1323.0
2023-01-11,PTH3,1083.3,1101.7,1072.0,1087.3,511,281,38229822.62,1087.3
2023-01-11,PTM3,1104.9,1113.0,1104.9,1113.0,6,6,458137.76,1112.0
2023-01-11,PZH3,79644.0,80273.0,79500.0,79500.0,516,374,41199462.0,79670.0
2023-01-11,RIH3,97700.0,101180.0,97380.0,100990.0,117199,75158,16039950791.89,100970.0
2023-01-11,RIH4,99490.0,99490.0,99490.0,99490.0,6,6,820547.76,99490.0
2023-01-11,RIM3,97450.0,100510.0,97220.0,100510.0,280,264,38203622.62,100460.0
2023-01-11,RIU3,99210.0,99600.0,98590.0,99600.0,18,18,2460144.98,99600.0
2023-01-11,RIZ3,99330.0,99810.0,98100.0,99790.0,13,13,1773922.14,99790.0
2023-01-11,RIZ4,99030.0,99030.0,99030.0,99030.0,1,1,136125.65,98790.0
2023-01-11,RLH3,4113.0,4156.0,4105.0,4141.0,573,100,2367780.0,4135.0
2023-01-11,RMH3,979.5,1012.0,974.5,1009.5,28407,9173,389343992.04,1010.0
2023-01-11,RMM3,975.5,1004.0,971.0,1003.5,327,170,4454049.38,1003.5
2023-01-11,RMU3,983.5,990.0,983.0,990.0,9,9,121864.46,990.0
2023-01-11,RNH3,35096.0,35494.0,35026.0,35247.0,8444,4424,297627780.0,35185.0
2023-01-11,RNM3,35515.0,37145.0,35290.0,35942.0,67,39,2410396.0,35661.0
2023-01-11,RNM4,35600.0,35600.0,35600.0,35600.0,2,2,71200.0,35596.0
2023-01-11,RNU3,35800.0,35800.0,35800.0,35800.0,1,1,35800.0,35799.0
2023-01-11,RNU4,36050.0,37563.0,36050.0,37563.0,4,4,145719.0,37556.0
2023-01-11,RTH3,5738.0,5776.0,5732.0,5760.0,120,49,691258.0,5760.0
2023-01-11,SAH3,29.94,29.95,29.91,29.95,6,6,182463.44,29.95
2023-01-11,SEH3,1172.0,1270.0,1170.0,1250.0,4712,285,5884339.0,1250.0
2023-01-11,SEM3,1325.0,1325.0,1189.0,1212.0,5,5,6149.0,1212.0
2023-01-11,SFH3,385.7,390.1,385.5,389.33,44090,9844,1176434733.45,389.66
2023-01-11,SFM3,386.88,388.94,386.0,388.75,560,398,14922437.94,388.75
2023-01-11,SFU3,387.49,391.44,386.57,390.0,21,18,561684.94,390.0
2023-01-11,SFZ3,389.62,389.62,384.0,384.0,2,2,53170.9,385.0
2023-01-11,SGH3,26287.0,26662.0,26162.0,26508.0,233,123,6144467.0,26661.0
2023-01-11,SGM3,26910.0,26910.0,26725.0,26725.0,8,3,214185.0,27140.0
2023-01-11,SNH3,21751.0,22123.0,21555.0,22087.0,1565,751,34199707.0,22083.0
2023-01-11,SOH3,4524.0,4566.0,4523.0,4564.0,433,144,1969232.0,4564.0
2023-01-11,SPH3,14259.0,14965.0,14244.0,14881.0,10433,4117,153514357.0,14908.0
2023-01-11,SPM3,14486.0,14900.0,14486.0,14894.0,33,13,487741.0,14894.0
2023-01-11,SRH3,14450.0,15175.0,14414.0,15082.0,436203,91888,6477881924.0,15105.0
2023-01-11,SRM3,14587.0,15290.0,14587.0,15210.0,3462,1748,52029412.0,15235.0
2023-01-11,SRU3,14944.0,15500.0,14898.0,15432.0,115,71,1759391.0,15488.0
2023-01-11,SRZ3,15200.0,15704.0,15200.0,15684.0,108,39,1680525.0,15661.0
2023-01-11,SSH3,2445.0,2535.0,2443.0,2520.0,1173,202,2932488.0,2532.0
2023-01-11,SSM3,2448.0,2473.0,2448.0,2472.0,34,12,83898.0,2472.0
2023-01-11,SVH3,23.28,23.63,22.99,23.05,47148,11721,756007614.07,23.01
2023-01-11,SVM3,23.55,23.8,23.28,23.29,950,455,15393163.24,23.29
2023-01-11,SVU3,24.16,24.3,23.89,24.11,28,17,463938.54,24.02
2023-01-11,SVZ3,24.77,24.77,24.4,24.4,6,5,101025.64,24.53
2023-01-11,SXH3,3880.1,3950.0,3880.0,3922.0,102,33,294804.95,3910.8
2023-01-11,SXM3,3750.0,4044.9,3570.2,4044.9,42,19,115944.43,3865.9
2023-01-11,SXU3,3665.9,3665.9,3665.8,3665.8,10,2,27138.06,3847.6
2023-01-11,SiH3,70355.0,70552.0,68822.0,69180.0,1204670,358560,83772023826.0,69222.0
2023-01-11,SiH4,73983.0,77742.0,72677.0,75207.0,25,24,1857862.0,74188.0
2023-01-11,SiM3,70952.0,71100.0,69495.0,69748.0,21520,10620,1507179986.0,69759.0
2023-01-11,SiM4,75157.0,75157.0,74098.0,74098.0,5,5,372555.0,74102.0
2023-01-11,SiU3,72300.0,72404.0,70977.0,71054.0,322,252,22994562.0,71102.0
2023-01-11,SiU4,75056.0,75056.0,74650.0,74650.0,5,4,374706.0,74650.0
2023-01-11,SiZ3,73814.0,74060.0,72727.0,73000.0,252,148,18446824.0,73000.0
2023-01-11,SiZ4,76500.0,76500.0,76500.0,76500.0,2,2,153000.0,75500.0
2023-01-11,TIH3,27097.0,27463.0,26811.0,27115.0,709,409,19257594.0,27155.0
2023-01-11,TIM3,27510.0,27832.0,27510.0,27802.0,30,16,832243.0,27705.0
2023-01-11,TNH3,88815.0,88815.0,88815.0,88815.0,1,1,88815.0,88815.0
2023-01-11,TTH3,35072.0,35073.0,34810.0,34901.0,559,357,19516974.0,34986.0
2023-01-11,TTM3,35500.0,35594.0,35500.0,35594.0,4,3,142094.0,35550.0
2023-01-11,USDRUBF,69.87,70.07,68.39,68.77,25560,7797,1765320580.0,68.73
2023-01-11,VBH3,1658.0,1696.0,1654.0,1691.0,120270,11007,202030389.0,1691.0
2023-01-11,VBM3,1688.0,1728.0,1687.0,1722.0,1437,530,2458428.0,1723.0
2023-01-11,VBU3,1749.0,1770.0,1749.0,1770.0,86,16,151251.0,1770.0
2023-01-11,VIF3,38.25,38.25,37.8,37.8,9,5,47182.86,37.8
2023-01-11,W4F3,14990.0,15000.0,14990.0,15000.0,6,4,89990.0,15000.0
2023-01-11,W4G3,15050.0,15050.0,15030.0,15050.0,7,6,105300.0,15050.0
2023-01-11,W4H3,15080.0,15080.0,15080.0,15080.0,1,1,15080.0,15080.0
2023-01-11,W4M3,16930.0,16930.0,16210.0,16210.0,2,2,33140.0,15270.0
2023-01-11,YNH3,18912.0,19267.0,18890.0,19250.0,3460,1575,66243059.0,19260.0
2023-01-11,YNM3,19193.0,19367.0,19157.0,19367.0,192,127,3704593.0,19349.0
2023-01-11,YNU3,19353.0,19395.0,19353.0,19395.0,2,2,38748.0,19409.0
2023-01-12,AFH3,2739.0,2791.0,2702.0,2739.0,8732,3047,23995705.0,2742.0
2023-01-12,AFM3,2775.0,2828.0,2750.0,2785.0,559,194,1560797.0,2785.0
2023-01-12,AKH3,12240.0,12394.0,12216.0,12290.0,443,176,5450476.0,12290.0
2023-01-12,AKM3,12602.0,12602.0,12602.0,12602.0,4,1,50408.0,12545.0
2023-01-12,ALH3,6111.0,6160.0,6080.0,6099.0,3453,1046,21104561.0,6099.0
2023-01-12,ALM3,6241.0,6275.0,6216.0,6219.0,34,18,211884.0,6219.0
2023-01-12,AUH3,0.6955,0.6955,0.6955,0.6955,1,1,47154.0,0.6955
2023-01-12,BRF4,93.7,94.0,93.7,94.0,2,2,127258.16,94.0
2023-01-12,BRG3,83.98,86.5,83.98,86.22,121459,49713,7039183603.76,86.25
2023-01-12,BRH3,86.6,88.65,86.55,88.41,3556,2753,211483191.19,88.38
2023-01-12,BRJ3,88.36,90.38,88.27,90.0,240,159,14536265.22,90.06
2023-01-12,BRK3,90.85,92.51,90.66,92.23,45,41,2802927.02,92.23
2023-01-12,BRM3,91.47,92.75,91.47,92.24,12,11,747501.02,92.24
2023-01-12,BRN3,88.6,92.7,88.6,90.98,14,14,868189.49,91.0
2023-01-12,BRQ3,89.6,91.7,89.6,91.44,10,9,617185.13,91.44
2023-01-12,BRU3,91.4,91.47,90.27,91.47,3,3,185185.37,91.47
2023-01-12,BRV3,92.2,92.2,92.2,92.2,2,2,125020.8,92.26
2023-01-12,BRX3,92.8,92.8,92.8,92.8,1,1,62917.19,92.8
2023-01-12,BRZ3,92.65,92.9,92.65,92.9,2,2,125800.49,92.9
2023-01-12,CHH3,86904.0,87594.0,86700.0,87122.0,124,101,10810731.0,87159.0
2023-01-12,CHM3,88795.0,88795.0,88795.0,88795.0,1,1,88795.0,88767.0
2023-01-12,CNYRUBF,10.09,10.09,9.95,10.03,35480,2526,354954540.0,10.02
2023-01-12,CRH3,10.12,10.129,10.017,10.07,1616457,65988,16256497847.0,10.073
2023-01-12,CRH4,10.8,10.917,10.8,10.8,106,15,1144997.0,10.8
2023-01-12,CRM3,10.27,10.29,10.182,10.229,9070,1552,92683405.0,10.234
2023-01-12,CRM4,11.6,11.6,11.2,11.25,12,12,136200.0,11.401
2023-01-12,CRU3,10.438,10.531,10.361,10.418,115,48,1198850.0,10.418
2023-01-12,CRZ3,10.768,10.985,10.551,10.665,235,26,2515392.0,10.655
2023-01-12,CSH3,5405.0,5452.0,5318.0,5452.0,10,10,54048.0,5427.0
2023-01-12,DYH3,6749.0,6779.0,6717.0,6744.0,215,34,1453580.0,6745.0
2023-01-12,EDH3,1.0597,1.0853,1.0575,1.0657,82571,29574,5943956989.94,1.0654
2023-01-12,EDM3,1.0523,1.0749,1.0508,1.059,1053,625,75475451.45,1.059
2023-01-12,EDU3,1.0454,1.0485,1.0422,1.0485,28,13,1984040.85,1.0485
2023-01-12,EURRUBF,73.83,73.84,72.5,73.17,2921,1264,213076190.0,73.24
2023-01-12,EuH3,73156.0,73156.0,71796.0,72739.0,101941,32771,7373737004.0,72720.0
2023-01-12,EuM3,73457.0,73496.0,72231.0,73108.0,2276,586,165502173.0,73123.0
2023-01-12,EuM4,76982.0,76982.0,76982.0,76982.0,1,1,76982.0,77188.0
2023-01-12,EuU3,74426.0,74426.0,73349.0,73683.0,12,12,885032.0,73980.0
2023-01-12,EuZ3,75555.0,75555.0,75555.0,75555.0,1,1,75555.0,75555.0
2023-01-12,FSH3,8718.0,8871.0,8665.0,8723.0,268,74,2356307.0,8718.0
2023-01-12,FSM3,8723.0,8985.0,8701.0,8977.0,12,8,105292.0,8961.0
2023-01-12,FVH3,15186.0,15427.0,15151.0,15259.0,574,256,8779267.0,15335.0
2023-01-12,FVM3,15623.0,15623.0,15623.0,15623.0,1,1,15623.0,15610.0
2023-01-12,GDH3,1841.2,1862.0,1838.9,1849.6,132971,42177,16678221472.49,1849.3
2023-01-12,GDM3,1838.9,1860.5,1838.3,1850.0,2108,1478,264284572.55,1848.8
2023-01-12,GDU3,1852.7,1864.2,1849.8,1855.4,41,40,5155982.64,1855.4
2023-01-12,GDZ3,1858.0,1867.4,1843.1,1845.2,12,11,1508182.05,1855.2
2023-01-12,GKH3,15641.0,15813.0,15488.0,15668.0,16582,6183,259739406.0,15681.0
2023-01-12,GKM3,15696.0,15804.0,15560.0,15798.0,11,10,172921.0,15798.0
2023-01-12,GKU3,15455.0,15455.0,15455.0,15455.0,1,1,15455.0,15455.0
2023-01-12,GUH3,1.218,1.2245,1.215,1.215,12,12,990105.1,1.215
2023-01-12,GZH3,16800.0,16849.0,16607.0,16632.0,50764,14856,848389897.0,16638.0
2023-01-12,GZM3,16944.0,17028.0,16867.0,16872.0,260,216,4403935.0,16887.0
2023-01-12,GZU3,17287.0,17287.0,17287.0,17287.0,5,1,86435.0,17240.0
2023-01-12,GZU4,18412.0,18412.0,17951.0,17951.0,3,3,54775.0,17955.0
2023-01-12,HOH3,25250.0,25450.0,25140.0,25340.0,6,6,151840.0,25310.0
2023-01-12,HOM3,25340.0,25340.0,25340.0,25340.0,1,1,25340.0,25650.0
2023-01-12,HSH3,22721.0,22798.0,22500.0,22541.0,1190,348,2334845.98,22558.0
2023-01-12,HSM3,23234.0,24119.0,21783.0,21783.0,33,22,66238.11,22299.0
2023-01-12,HSU3,24110.0,24111.0,24110.0,24111.0,40,4,83857.1,23025.0
2023-01-12,HYH3,7761.0,7788.0,7698.0,7720.0,1093,235,8459075.0,7720.0
2023-01-12,HYM3,7859.0,7863.0,7859.0,7863.0,4,3,31442.0,7863.0
2023-01-12,IRH3,35253.0,35568.0,35125.0,35190.0,75,42,2648113.0,35195.0
2023-01-12,JPH3,134.01,134.01,131.21,132.53,20,18,1364930.36,131.93
2023-01-12,JPM3,131.79,131.79,131.5,131.5,4,2,270439.38,131.5
2023-01-12,LKH3,41464.0,41520.0,41140.0,41143.0,4812,3318,198635340.0,41237.0
2023-01-12,LKM3,42364.0,42364.0,42079.0,42083.0,34,33,1435659.0,42177.0
2023-01-12,LKU3,42461.0,42461.0,42461.0,42461.0,1,1,42461.0,42461.0
2023-01-12,MAH3,6103.0,6105.0,5865.0,5949.0,14,13,83603.0,5948.0
2023-01-12,MCH3,10984.0,10986.0,10630.0,10733.0,88,45,950795.0,10733.0
2023-01-12,MEH3,9775.0,9928.0,9761.0,9802.0,1877,680,18467308.0,9799.0
2023-01-12,MEM3,9635.0,9971.0,9635.0,9751.0,195,60,1903232.0,9751.0
2023-01-12,MGH3,33797.0,34166.0,33668.0,34096.0,345,199,11705264.0,34098.0
2023-01-12,MGM3,34241.0,34241.0,34241.0,34241.0,2,2,68482.0,34427.0
2023-01-12,MLH3,4681.0,4722.0,4641.0,4711.0,1440,353,6748924.0,4689.0
2023-01-12,MLM3,4774.0,4776.0,4739.0,4749.0,5,5,23786.0,4768.0
2023-01-12,MMH3,2213.1,2224.15,2196.8,2203.9,27985,9125,618323596.0,2203.2
2023-01-12,MMM3,2198.85,2210.0,2190.7,2200.45,50,37,1101159.5,2200.45
2023-01-12,MMU3,2227.5,2235.7,2227.5,2235.7,6,2,134060.0,2232.1
2023-01-12,MNH3,4507.0,4745.0,4481.0,4745.0,35327,5101,163855583.0,4695.0
2023-01-12,MNM3,4592.0,4811.0,4568.0,4811.0,687,223,3230334.0,4780.0
2023-01-12,MNU3,4647.0,4818.0,4643.0,4775.0,47,13,222679.0,4775.0
2023-01-12,MTH3,24279.0,24300.0,24151.0,24153.0,113,72,2736153.0,24153.0
2023-01-12,MTM3,24596.0,24596.0,24596.0,24596.0,3,2,73788.0,24458.0
2023-01-12,MXH3,221500.0,222500.0,219700.0,220400.0,13803,8603,3048421700.0,220325.0
2023-01-12,MXM3,220275.0,220750.0,219000.0,220000.0,28,23,6153775.0,219900.0
2023-01-12,NAH3,11191.0,11309.0,11131.0,11181.0,60235,7258,458680508.54,11199.0
2023-01-12,NAM3,11109.0,11499.0,11010.0,11128.0,470,241,3557670.9,11148.0
2023-01-12,NAU3,11315.0,11435.0,11150.0,11435.0,41,23,316514.28,11400.0
2023-01-12,NAZ3,11256.0,11871.0,11175.0,11317.0,31,12,236793.48,11321.0
2023-01-12,NGF3,3.8,4.069,3.798,3.991,630077,206224,16921045704.62,3.99
2023-01-12,NGG3,4.001,4.218,4.001,4.144,62821,36035,1756602611.63,4.146
2023-01-12,NGH3,4.147,4.45,4.12,4.34,8783,5488,257992928.73,4.35
2023-01-12,NGJ3,4.3,4.623,4.267,4.503,422,293,12863406.55,4.503
2023-01-12,NGK3,4.656,4.774,4.587,4.701,57,46,1811649.09,4.701
2023-01-12,NGM3,4.777,5.052,4.777,4.904,16,13,534118.17,4.938
2023-01-12,NKH3,105816.0,107677.0,105230.0,105230.0,269,250,28475444.0,105501.0
2023-01-12,NKM3,107997.0,108247.0,107073.0,107073.0,3,3,323317.0,107073.0
2023-01-12,NMH3,11265.0,11351.0,11172.0,11269.0,876,314,9883852.0,11273.0
2023-01-12,NMM3,11388.0,11562.0,11355.0,11355.0,9,8,103492.0,11381.0
2023-01-12,NlG3,25370.0,29900.0,25370.0,29900.0,2,2,374723.41,27620.0
2023-01-12,OGH3,5651.0,5913.0,5651.0,5913.0,6,5,35210.0,5849.0
2023-01-12,OZH3,15099.0,15437.0,15058.0,15381.0,1228,516,18752951.0,15375.0
2023-01-12,OZM3,15421.0,15660.0,15421.0,15604.0,23,10,356919.0,15604.0
2023-01-12,PDH3,1845.01,1875.96,1840.0,1855.2,144,67,18168845.9,1860.7
2023-01-12,PDM3,1915.83,1924.48,1912.98,1924.48,7,7,908859.83,1924.48
2023-01-12,PHH3,6425.0,6511.0,6402.0,6437.0,500,132,3218641.0,6435.0
2023-01-12,PIH3,6052.0,6119.0,6025.0,6053.0,720,112,4363257.0,6041.0
2023-01-12,PIM3,6111.0,6111.0,6111.0,6111.0,1,1,6111.0,6144.0
2023-01-12,POH3,3828.0,3955.0,3799.0,3920.0,12631,2918,49193028.0,3907.0
2023-01-12,POM3,3897.0,4006.0,3892.0,3968.0,73,58,288746.0,3980.0
2023-01-12,PSH3,1298.0,1410.0,1298.0,1367.0,64,16,86544.0,1367.0
2023-01-12,PTH3,1086.0,1088.3,1067.0,1073.0,524,300,38307689.84,1072.9
2023-01-12,PTM3,1099.5,1099.5,1093.1,1093.1,3,3,223166.2,1093.1
2023-01-12,PZH3,79690.0,80639.0,79463.0,80100.0,409,327,32715583.0,80218.0
2023-01-12,RIH3,101040.0,102280.0,100920.0,101490.0,90433,54957,12453689005.72,101470.0
2023-01-12,RIH4,99490.0,100010.0,99490.0,100010.0,4,4,541032.04,100010.0
2023-01-12,RIM3,100440.0,101430.0,100360.0,100880.0,257,238,35178824.87,100840.0
2023-01-12,RIU3,100010.0,100010.0,99900.0,99900.0,7,7,948528.12,99900.0
2023-01-12,RIZ3,99790.0,100010.0,99580.0,100010.0,6,6,812402.31,100010.0
2023-01-12,RLH3,4133.0,4178.0,4115.0,4120.0,360,68,1489949.0,4122.0
2023-01-12,RLM3,4288.0,4288.0,4288.0,4288.0,1,1,4288.0,4245.0
2023-01-12,RMH3,1010.0,1023.0,1009.5,1015.0,16516,6074,227538795.56,1015.0
2023-01-12,RMM3,1004.0,1013.0,1004.0,1010.0,127,104,1736880.94,1008.5
2023-01-12,RMU3,987.0,1005.0,987.0,995.0,10,6,135041.44,995.0
2023-01-12,RMZ3,1015.5,1015.5,1015.5,1015.5,1,1,13769.92,1015.0
2023-01-12,RNH3,35215.0,35296.0,35048.0,35145.0,1794,1180,63096265.0,35200.0
2023-01-12,RNM3,35822.0,35879.0,35629.0,35822.0,15,15,536492.0,35803.0
2023-01-12,RTH3,5765.0,5798.0,5760.0,5762.0,48,26,276879.0,5758.0
2023-01-12,SAH3,30.69,30.7,29.72,29.73,15,14,461843.12,29.74
2023-01-12,SEH3,1247.0,1251.0,1217.0,1228.0,103,69,127145.0,1225.0
2023-01-12,SFH3,389.31,393.5,386.81,389.23,93307,21202,2469228419.53,389.19
2023-01-12,SFM3,387.93,391.49,385.1,387.4,1684,1068,44355616.8,387.49
2023-01-12,SFU3,388.39,390.2,388.39,389.93,34,22,898611.32,389.91
2023-01-12,SFZ3,389.0,390.0,387.15,389.79,9,8,237480.9,389.79
2023-01-12,SGH3,26609.0,26795.0,26259.0,26259.0,522,299,13800539.0,26365.0
2023-01-12,SGM3,26876.0,26876.0,26876.0,26876.0,4,2,107504.0,26876.0
2023-01-12,SNH3,22122.0,22160.0,21901.0,21928.0,1284,599,28279274.0,21920.0
2023-01-12,SNM3,22461.0,22461.0,22461.0,22461.0,7,3,157227.0,22387.0
2023-01-12,SOH3,4564.0,4617.0,4560.0,4590.0,716,144,3291314.0,4580.0
2023-01-12,SPH3,14913.0,15058.0,14884.0,14949.0,5752,2776,85968643.0,14952.0
2023-01-12,SPM3,14975.0,15020.0,14867.0,14961.0,12,9,179584.0,14961.0
2023-01-12,SRH3,15099.0,15288.0,15038.0,15112.0,245772,55291,3718998553.0,15127.0
2023-01-12,SRM3,15246.0,15390.0,15180.0,15263.0,1329,928,20312743.0,15263.0
2023-01-12,SRU3,15484.0,15590.0,15415.0,15530.0,43,31,667793.0,15530.0
2023-01-12,SRZ3,15600.0,15826.0,15600.0,15806.0,116,32,1825822.0,15785.0
2023-01-12,SSH3,2532.0,2597.0,2532.0,2579.0,1589,323,4063307.0,2570.0
2023-01-12,SSM3,2499.0,2661.0,2499.0,2649.0,34,15,88287.0,2633.0
2023-01-12,SVH3,23.05,23.69,22.96,23.29,48581,11890,767639670.4,23.25
2023-01-12,SVM3,23.31,23.89,23.26,23.5,1262,726,20158369.0,23.5
2023-01-12,SVU3,23.98,24.4,23.89,24.2,53,27,868637.06,24.23
2023-01-12,SVZ3,24.84,24.9,24.64,24.64,8,4,134655.02,24.64
2023-01-12,SXH3,3910.1,3925.0,3904.2,3925.0,369,55,1059538.56,3925.0
2023-01-12,SXU3,3942.9,4114.0,3942.9,3944.0,32,11,95493.85,3861.5
2023-01-12,SiH3,69228.0,69268.0,68100.0,68375.0,860574,260397,58907105335.0,68393.0
2023-01-12,SiH4,74121.0,74146.0,73081.0,73349.0,9,9,660302.0,73349.0
2023-01-12,SiM3,69752.0,69792.0,68707.0,69140.0,25425,9820,1756455583.0,69122.0
2023-01-12,SiM4,73657.0,73924.0,73641.0,73737.0,11,10,811809.0,73737.0
2023-01-12,SiU3,71239.0,71239.0,70220.0,70491.0,162,135,11437555.0,70540.0
2023-01-12,SiU4,74001.0,74500.0,74000.0,74247.0,5,5,371128.0,74247.0
2023-01-12,SiZ3,72996.0,72997.0,72097.0,72362.0,129,64,9348232.0,72362.0
2023-01-12,SiZ4,74674.0,75000.0,74500.0,74500.0,5,5,373174.0,74500.0
2023-01-12,TIH3,27110.0,27395.0,26965.0,27239.0,935,494,25428624.0,27240.0
2023-01-12,TIM3,27767.0,27767.0,27767.0,27767.0,1,1,27767.0,27767.0
2023-01-12,TNH3,89000.0,89000.0,88001.0,88001.0,3,3,265956.0,88001.0
2023-01-12,TRM3,25.0,25.0,25.0,25.0,1,1,90250.0,23.2039
2023-01-12,TTH3,34998.0,35109.0,34903.0,34987.0,253,188,8851958.0,35020.0
2023-01-12,USDRUBF,68.75,68.78,67.57,67.85,21344,6275,1449412200.0,67.8
2023-01-12,VBH3,1692.0,1700.0,1676.0,1678.0,78472,7660,132329147.0,1679.0
2023-01-12,VBM3,1723.0,1735.0,1710.0,1713.0,1152,428,1983123.0,1714.0
2023-01-12,VBU3,1770.0,1788.0,1752.0,1776.0,152,40,270281.0,1774.0
2023-01-12,VIF3,37.8,38.2,35.05,35.05,24,22,118620.62,35.05
2023-01-12,W4F3,14990.0,14990.0,14990.0,14990.0,1,1,14990.0,14990.0
2023-01-12,W4G3,15250.0,15250.0,15250.0,15250.0,1,1,15250.0,15170.0
2023-01-12,W4J3,15200.0,15200.0,15200.0,15200.0,1,1,15200.0,15200.0
2023-01-12,YNH3,19243.0,19403.0,19134.0,19159.0,3976,2167,76454326.0,19234.0
2023-01-12,YNM3,19371.0,19496.0,19249.0,19304.0,96,77,1860024.0,19347.0
2023-01-12,YNU3,19675.0,19675.0,19600.0,19600.0,2,2,39275.0,19600.0
2023-01-16,AFH3,2724.0,2912.0,2724.0,2885.0,11801,1984,33408947.0,2886.0
2023-01-16,AFM3,2771.0,2949.0,2771.0,2935.0,692,230,1989516.0,2933.0
2023-01-16,AFU3,2726.0,3399.0,2726.0,3027.0,236,34,710528.0,3027.0
2023-01-16,AKH3,12716.0,12970.0,12673.0,12922.0,1665,644,21364878.0,12912.0
2023-01-16,AKM3,12975.0,13249.0,12975.0,13249.0,14,6,182635.0,13126.0
2023-01-16,ALH3,6092.0,6336.0,6088.0,6317.0,9941,2173,61640517.0,6305.0
2023-01-16,ALM3,6211.0,6448.0,6209.0,6448.0,204,114,1290059.0,6419.0
2023-01-16,ALU3,6330.0,7339.0,6330.0,6440.0,24,11,153952.0,6442.0
2023-01-16,AUH3,0.7005,0.7005,0.7005,0.7005,1,1,47922.61,0.6997
2023-01-16,BRF4,95.95,95.95,92.0,92.0,2,2,128580.35,92.19
2023-01-16,BRG3,87.24,87.73,86.6,87.19,83989,34123,5010840901.35,87.23
2023-01-16,BRH3,88.72,89.1,88.34,88.7,3226,2158,195838797.91,88.7
2023-01-16,BRJ3,90.6,91.12,90.38,90.77,162,116,10053198.34,90.77
2023-01-16,BRK3,92.73,93.4,92.36,93.11,41,29,2612647.42,93.11
2023-01-16,BRM3,92.94,92.94,92.79,92.79,2,2,127061.6,92.79
2023-01-16,BRN3,92.5,92.5,92.5,92.5,1,1,63281.1,92.5
2023-01-16,BRQ3,92.2,92.2,91.55,91.55,2,2,125707.05,91.83
2023-01-16,BRU3,92.07,92.07,92.07,92.07,1,1,62986.93,92.09
2023-01-16,BRX3,94.5,94.5,94.5,94.5,1,1,64649.34,94.5
2023-01-16,BRZ3,95.3,95.3,95.3,95.3,1,1,65196.64,95.19
2023-01-16,CHH3,87599.0,90750.0,87551.0,90575.0,272,220,24228482.0,90547.0
2023-01-16,CHM3,91906.0,91906.0,91906.0,91906.0,1,1,91906.0,91906.0
2023-01-16,CNYRUBF,10.2,10.29,10.08,10.17,48435,3611,492861310.0,10.14
2023-01-16,CRH3,10.247,10.359,10.13,10.201,1819011,87509,18583103034.0,10.199
2023-01-16,CRH4,11.1,11.1,11.0,11.0,5,5,55300.0,11.137
2023-01-16,CRM3,10.405,10.511,10.288,10.361,10396,2455,107998468.0,10.358
2023-01-16,CRM4,11.3,11.633,11.103,11.119,7,7,79444.0,11.36
2023-01-16,CRU3,10.663,10.767,10.44,10.515,440,398,4626979.0,10.515
2023-01-16,CRZ3,10.681,11.45,10.401,10.79,417,121,4508829.0,10.753
2023-01-16,DYH3,6756.0,6788.0,6752.0,6760.0,56,22,378827.0,6760.0
2023-01-16,EDH3,1.0684,1.0706,1.0654,1.067,32675,13110,2385954103.73,1.0669
2023-01-16,EDM3,1.0602,1.0643,1.0595,1.0607,256,206,18590933.6,1.0606
2023-01-16,EDU3,1.0546,1.0599,1.0546,1.0599,4,4,289314.36,1.0586
2023-01-16,EURRUBF,74.2,74.57,73.3,73.95,3099,1615,229433980.0,74.02
2023-01-16,EuH3,73923.0,74360.0,72945.0,73517.0,57284,22092,4216509079.0,73502.0
2023-01-16,EuH4,78706.0,78723.0,76158.0,76158.0,3,3,233587.0,77189.0
2023-01-16,EuM3,74245.0,74693.0,73281.0,73819.0,2176,848,160863821.0,73812.0
2023-01-16,EuU3,75710.0,75710.0,74640.0,75100.0,16,16,1202684.0,75100.0
2023-01-16,EuZ3,76926.0,76926.0,76926.0,76926.0,1,1,76926.0,76926.0
2023-01-16,FNH3,6678.0,6965.0,6678.0,6965.0,4,4,27016.0,6511.0
2023-01-16,FSH3,8780.0,8830.0,8665.0,8774.0,70,36,615118.0,8738.0
2023-01-16,FSM3,9022.0,9022.0,8820.0,8954.0,3,3,26796.0,8954.0
2023-01-16,FVH3,15450.0,15883.0,15433.0,15700.0,1176,580,18401620.0,15689.0
2023-01-16,FVM3,15699.0,15732.0,15544.0,15732.0,3,3,46975.0,15732.0
2023-01-16,GDH3,1865.5,1894.2,1862.8,1892.2,157217,47146,20207313056.73,1892.4
2023-01-16,GDM3,1861.4,1891.6,1860.9,1890.1,2637,1712,338201282.65,1890.7
2023-01-16,GDU3,1870.4,1894.3,1865.8,1894.3,83,62,10672894.46,1894.3
2023-01-16,GDZ3,1874.4,1899.9,1865.1,1893.0,71,59,9125004.68,1893.0
2023-01-16,GKH3,15529.0,15726.0,15503.0,15725.0,17995,6988,281444503.0,15697.0
2023-01-16,GKM3,15553.0,15734.0,15553.0,15643.0,15,15,234873.0,15696.0
2023-01-16,GKU3,15458.0,15541.0,15458.0,15541.0,2,2,30999.0,15541.0
2023-01-16,GUH3,1.2246,1.2326,1.2112,1.2216,60,31,5021427.16,1.2216
2023-01-16,GZH3,16714.0,16898.0,16665.0,16781.0,51491,15755,865729124.0,16772.0
2023-01-16,GZH5,18988.0,18988.0,18988.0,18988.0,1,1,18988.0,18988.0
2023-01-16,GZM3,16952.0,17157.0,16938.0,17031.0,439,302,7491645.0,17036.0
2023-01-16,GZM4,18071.0,18071.0,18071.0,18071.0,1,1,18071.0,18071.0
2023-01-16,GZU3,17101.0,17400.0,17101.0,17400.0,9,5,155268.0,17298.0
2023-01-16,GZU4,18531.0,18547.0,18065.0,18547.0,4,4,73362.0,18547.0
2023-01-16,HSH3,22491.0,22800.0,22450.0,22594.0,820,186,1618368.77,22594.0
2023-01-16,HSM3,22159.0,23439.0,22159.0,22167.0,79,16,156596.05,22334.0
2023-01-16,HSU3,24111.0,24111.0,24109.0,24109.0,8,4,16892.61,23035.0
2023-01-16,HYH3,7692.0,7800.0,7692.0,7748.0,1864,317,14445190.0,7749.0
2023-01-16,IRH3,35214.0,35550.0,35179.0,35549.0,68,29,2404586.0,35549.0
2023-01-16,JPH3,130.53,130.7,130.21,130.56,38,25,2652327.82,130.56
2023-01-16,LKH3,41190.0,41485.0,40870.0,41080.0,8021,4990,330078272.0,41088.0
2023-01-16,LKM3,42126.0,42362.0,41800.0,42014.0,121,102,5078158.0,42014.0
2023-01-16,LKU3,42100.0,42100.0,41981.0,41981.0,3,3,126171.0,41981.0
2023-01-16,MAH3,5939.0,6005.0,5939.0,6005.0,4,4,23951.0,6018.0
2023-01-16,MCH3,10819.0,10901.0,10707.0,10850.0,115,48,1250099.0,10872.0
2023-01-16,MCM3,11496.0,11496.0,10113.0,10113.0,2,2,21609.0,10985.0
2023-01-16,MEH3,9882.0,10453.0,9878.0,10411.0,4369,1417,44647876.0,10425.0
2023-01-16,MEM3,9780.0,10222.0,9780.0,10160.0,77,67,773059.0,10160.0
2023-01-16,MGH3,34097.0,34953.0,34097.0,34899.0,441,268,15266649.0,34899.0
2023-01-16,MLH3,4781.0,4950.0,4773.0,4912.0,4323,930,21139367.0,4911.0
2023-01-16,MLM3,4865.0,5027.0,4865.0,4996.0,24,13,119763.0,4996.0
2023-01-16,MMH3,2213.1,2240.95,2212.3,2234.85,38417,13190,857560901.5,2233.2
2023-01-16,MMM3,2206.05,2224.0,2201.8,2224.0,126,78,2791280.5,2223.9
2023-01-16,MMM4,2396.8,2396.8,2396.8,2396.8,1,1,23968.0,2396.75
2023-01-16,MMU3,2242.65,2242.95,2227.95,2227.95,4,4,89560.5,2227.95
2023-01-16,MMU5,2448.9,2448.9,2448.9,2448.9,1,1,24489.0,2457.7
2023-01-16,MMZ3,2293.95,2318.9,2293.95,2318.9,5,5,115446.5,2198.8
2023-01-16,MMZ4,2416.35,2456.65,2416.35,2456.65,2,2,48730.0,2456.65
2023-01-16,MNH3,4665.0,4740.0,4660.0,4735.0,11641,2081,54908698.0,4726.0
2023-01-16,MNM3,4736.0,4795.0,4730.0,4790.0,250,79,1193171.0,4790.0
2023-01-16,MNU3,4720.0,5357.0,4720.0,4861.0,27,8,140886.0,4861.0
2023-01-16,MTH3,24159.0,24426.0,23916.0,24423.0,494,236,11964833.0,24424.0
2023-01-16,MTM3,24400.0,24640.0,24400.0,24620.0,5,5,122710.0,24620.0
2023-01-16,MTU3,24500.0,24500.0,24500.0,24500.0,1,1,24500.0,24500.0
2023-01-16,MXH3,221325.0,224425.0,221275.0,223750.0,13481,8545,3012350650.0,223650.0
2023-01-16,MXM3,220025.0,222500.0,219900.0,222425.0,50,35,11092875.0,222275.0
2023-01-16,MXU3,226075.0,226450.0,226075.0,226450.0,2,2,452525.0,226450.0
2023-01-16,MXZ3,225000.0,225000.0,225000.0,225000.0,2,2,450000.0,225000.0
2023-01-16,NAH3,11223.0,11305.0,11191.0,11301.0,16403,2327,126380000.18,11301.0
2023-01-16,NAM3,11109.0,11253.0,11109.0,11236.0,95,45,729118.76,11236.0
2023-01-16,NAU3,11448.0,11553.0,11350.0,11528.0,100,16,788549.94,11528.0
2023-01-16,NGF3,3.878,3.883,3.703,3.731,551286,172463,14257222653.47,3.724
2023-01-16,NGG3,4.068,4.138,3.795,3.806,104906,45640,2826574517.49,3.805
2023-01-16,NGH3,4.327,4.378,4.125,4.162,6582,2982,190758500.69,4.146
2023-01-16,NGJ3,4.47,4.524,4.4,4.4,350,232,10685694.32,4.4
2023-01-16,NGK3,4.672,4.735,4.639,4.65,57,46,1826107.87,4.65
2023-01-16,NGM3,4.908,4.911,4.742,4.911,18,13,596593.69,4.91
2023-01-16,NKH3,105592.0,106709.0,105485.0,106265.0,153,141,16257090.0,106264.0
2023-01-16,NKM3,107859.0,107859.0,107859.0,107859.0,1,1,107859.0,107859.0
2023-01-16,NMH3,11309.0,11510.0,11297.0,11510.0,1537,707,17588940.0,11492.0
2023-01-16,NMM3,11510.0,11700.0,11510.0,11700.0,8,8,93142.0,11700.0
2023-01-16,OGH3,5609.0,5609.0,5609.0,5609.0,1,1,5609.0,5609.0
2023-01-16,OZH3,15322.0,16160.0,15261.0,15991.0,2514,976,39780699.0,15921.0
2023-01-16,OZM3,15604.0,16411.0,15579.0,16322.0,36,30,580369.0,16257.0
2023-01-16,PDH3,1869.0,1879.99,1856.12,1863.42,59,53,7532815.19,1863.41
2023-01-16,PDM3,1948.0,1948.0,1919.64,1928.43,17,9,2241381.69,1928.43
2023-01-16,PHH3,6423.0,6489.0,6414.0,6468.0,288,106,1858359.0,6468.0
2023-01-16,PHM3,6580.0,6580.0,6316.0,6570.0,11,5,71521.0,6570.0
2023-01-16,PIH3,6021.0,6249.0,6021.0,6249.0,762,189,4694840.0,6232.0
2023-01-16,PIM3,6161.0,6288.0,5914.0,6288.0,14,9,86573.0,6288.0
2023-01-16,POH3,4069.0,4169.0,4043.0,4130.0,9938,2092,40955258.0,4125.0
2023-01-16,POM3,4127.0,4232.0,4127.0,4199.0,241,113,1006189.0,4199.0
2023-01-16,PSH3,1344.0,1397.0,1310.0,1388.0,265,43,364207.0,1388.0
2023-01-16,PTH3,1072.6,1079.5,1064.3,1072.7,281,149,20574053.94,1072.8
2023-01-16,PZH3,81585.0,82655.0,81401.0,82408.0,516,411,42457985.0,82455.0
2023-01-16,RBH3,13001.0,13021.0,12997.0,13021.0,8,5,104056.0,13021.0
2023-01-16,RIH3,100600.0,103250.0,100550.0,102410.0,92968,61309,13001733749.43,102430.0
2023-01-16,RIH4,99910.0,100010.0,99910.0,100010.0,2,2,273538.54,100010.0
2023-01-16,RIM3,100050.0,102330.0,100000.0,101840.0,173,158,23977694.53,101820.0
2023-01-16,RIU3,99580.0,100490.0,99580.0,100490.0,3,3,410636.19,100770.0
2023-01-16,RIZ3,98850.0,98850.0,98850.0,98850.0,1,1,135250.52,100380.0
2023-01-16,RLH3,4127.0,4556.0,4106.0,4151.0,3435,595,14433804.0,4151.0
2023-01-16,RLM3,4332.0,4332.0,4285.0,4285.0,38,4,162947.0,4285.0
2023-01-16,RMH3,1007.0,1032.5,1006.0,1025.5,20001,7380,279687879.2,1024.5
2023-01-16,RMM3,1004.0,1022.0,1000.5,1018.5,107,79,1486668.05,1018.5
2023-01-16,RMU3,1005.5,1020.0,998.5,1020.0,7,6,96344.62,1017.0
2023-01-16,RNH3,35061.0,35283.0,34962.0,35007.0,1153,826,40494928.0,35040.0
2023-01-16,RNM3,35760.0,35761.0,35720.0,35720.0,6,6,214426.0,35720.0
2023-01-16,RNU3,35000.0,35000.0,35000.0,35000.0,1,1,35000.0,35001.0
2023-01-16,RTH3,5729.0,5849.0,5729.0,5840.0,222,110,1287877.0,5844.0
2023-01-16,SAH3,29.77,29.95,29.1,29.93,37,24,1114897.44,29.93
2023-01-16,SAK3,27.38,30.47,27.38,30.47,2,2,58775.6,28.19
2023-01-16,SEH3,1215.0,1630.0,1211.0,1630.0,3607,854,5233357.0,1555.0
2023-01-16,SEM3,1470.0,1470.0,1470.0,1470.0,1,1,1470.0,1470.0
2023-01-16,SFH3,389.41,391.5,388.1,391.4,33708,6899,899970674.73,391.39
2023-01-16,SFM3,386.65,389.6,386.65,389.5,631,351,16784073.42,389.48
2023-01-16,SFU3,387.96,389.98,387.42,388.32,15,11,398597.06,388.32
2023-01-16,SFZ3,387.5,389.0,386.0,389.0,7,7,185854.89,389.0
2023-01-16,SGH3,26622.0,27274.0,26556.0,27191.0,546,366,14748784.0,27167.0
2023-01-16,SGM3,27390.0,27403.0,27390.0,27400.0,8,3,219166.0,27656.0
2023-01-16,SLF3,55.9,55.9,55.9,55.9,1,1,5590.0,58.64
2023-01-16,SNH3,22031.0,22813.0,21982.0,22660.0,1904,1035,42916064.0,22608.0
2023-01-16,SNM3,23020.0,23020.0,23020.0,23020.0,2,1,46040.0,23020.0
2023-01-16,SOH3,4556.0,4598.0,4536.0,4550.0,747,173,3407160.0,4550.0
2023-01-16,SOM3,4652.0,4700.0,4620.0,4700.0,24,7,111337.0,4645.0
2023-01-16,SPH3,15198.0,15420.0,15111.0,15338.0,6460,3118,98932711.0,15319.0
2023-01-16,SPM3,15361.0,15423.0,15337.0,15387.0,11,9,169015.0,15387.0
2023-01-16,SRH3,15396.0,15595.0,15362.0,15545.0,235336,57302,3644162062.0,15505.0
2023-01-16,SRM3,15465.0,15673.0,15456.0,15630.0,2099,1185,32682602.0,15586.0
2023-01-16,SRU3,15740.0,15945.0,15724.0,15800.0,74,58,1168879.0,15820.0
2023-01-16,SRZ3,16002.0,16332.0,16001.0,16288.0,70,30,1128457.0,16288.0
2023-01-16,SSH3,2589.0,2601.0,2527.0,2565.0,1166,200,2993549.0,2565.0
2023-01-16,SSM3,2482.0,2579.0,2462.0,2579.0,25,6,62180.0,2579.0
2023-01-16,SVH3,23.59,23.79,23.45,23.7,39178,9910,634443724.59,23.71
2023-01-16,SVM3,23.77,23.98,23.67,23.91,803,445,13109251.3,23.92
2023-01-16,SVU3,24.35,24.44,24.24,24.4,23,9,383483.49,24.4
2023-01-16,SVZ3,25.39,25.39,24.97,24.99,16,7,273996.89,24.99
2023-01-16,SXH3,3915.1,3970.0,3915.1,3970.0,141,44,413088.73,3969.6
2023-01-16,SXM3,3987.0,3987.0,3811.5,3811.5,2,2,5771.67,3924.0
2023-01-16,SXU3,3670.3,4084.9,3670.3,3753.7,19,14,54842.74,3899.9
2023-01-16,SiH3,69355.0,69695.0,68524.0,69070.0,998770,311783,69051557327.0,69068.0
2023-01-16,SiH4,74505.0,74505.0,73989.0,74032.0,7,6,518797.0,74032.0
2023-01-16,SiM3,69890.0,70260.0,69188.0,69691.0,10322,5588,720372704.0,69670.0
2023-01-16,SiM4,74997.0,74997.0,74500.0,74500.0,2,2,149497.0,74500.0
2023-01-16,SiU3,71481.0,71626.0,70655.0,71384.0,167,148,11880892.0,71186.0
2023-01-16,SiU4,75200.0,75200.0,75002.0,75002.0,3,3,225252.0,75010.0
2023-01-16,SiZ3,73364.0,73499.0,72411.0,72806.0,92,40,6707597.0,72806.0
2023-01-16,SiZ4,75602.0,75602.0,75602.0,75602.0,1,1,75602.0,75602.0
2023-01-16,TIH3,27722.0,27848.0,27500.0,27550.0,657,413,18164758.0,27540.0
2023-01-16,TIM3,28105.0,28105.0,28105.0,28105.0,1,1,28105.0,28100.0
2023-01-16,TNH3,89130.0,90000.0,89130.0,90000.0,3,3,268930.0,90000.0
2023-01-16,TTH3,34958.0,35198.0,34892.0,35050.0,356,213,12450078.0,34957.0
2023-01-16,USDRUBF,68.69,69.11,67.89,68.4,17650,6316,1209477480.0,68.4
2023-01-16,VBH3,1689.0,1730.0,1683.0,1730.0,116949,10334,200117139.0,1725.0
2023-01-16,VBM3,1720.0,1761.0,1717.0,1760.0,3029,702,5286281.0,1760.0
2023-01-16,VBU3,1760.0,1819.0,1760.0,1819.0,120,31,214121.0,1800.0
2023-01-16,VIF3,36.7,36.7,34.75,35.9,11,10,53032.99,35.9
2023-01-16,VIG3,41.2,41.2,37.0,37.0,5,3,25887.11,36.05
2023-01-16,W4F3,15020.0,15030.0,14990.0,14990.0,3,3,45040.0,14990.0
2023-01-16,W4G3,15260.0,15260.0,15230.0,15230.0,2,2,30490.0,15220.0
2023-01-16,W4H3,15060.0,15280.0,15060.0,15280.0,6,5,91360.0,15270.0
2023-01-16,W4J3,15190.0,15190.0,15190.0,15190.0,1,1,15190.0,15200.0
2023-01-16,YNH3,19327.0,19995.0,18925.0,19752.0,4124,1765,80704783.0,19729.0
2023-01-16,YNM3,19454.0,19872.0,19140.0,19872.0,130,104,2560113.0,19816.0
2023-01-16,YNU3,19754.0,19830.0,19684.0,19718.0,6,5,118646.0,19866.0
2023-01-17,AFH3,2883.0,2897.0,2806.0,2821.0,8108,1247,23106446.0,2829.0
2023-01-17,AFM3,2925.0,2931.0,2850.0,2869.0,356,135,1028984.0,2869.0
2023-01-17,AFU3,2969.0,3060.0,2265.0,2956.0,158,30,425847.0,2956.0
2023-01-17,AKH3,12984.0,12984.0,12650.0,12650.0,1355,549,17283537.0,12676.0
2023-01-17,ALH3,6300.0,6533.0,6264.0,6301.0,21497,3794,137253292.0,6300.0
2023-01-17,ALM3,6429.0,6629.0,6405.0,6417.0,422,218,2742856.0,6425.0
2023-01-17,ALU3,6586.0,7469.0,6415.0,6622.0,22,12,150706.0,6585.0
2023-01-17,AUH3,0.6965,0.6965,0.6965,0.6965,1,1,48064.14,0.6978
2023-01-17,BRF4,95.21,95.78,95.21,95.5,6,5,395402.62,95.5
2023-01-17,BRG3,87.15,88.49,86.47,87.96,87122,37650,5252209727.1,87.97
2023-01-17,BRH3,88.46,89.72,88.24,89.45,4347,3096,266542828.2,89.39
2023-01-17,BRJ3,90.51,91.6,90.26,91.6,207,193,12977256.13,91.49
2023-01-17,BRK3,92.74,93.85,92.65,93.52,40,40,2571393.63,93.52
2023-01-17,BRM3,92.69,93.7,92.69,93.65,12,11,770716.97,93.63
2023-01-17,BRQ3,92.1,92.1,92.01,92.01,3,3,190545.16,92.01
2023-01-17,BRV3,94.46,94.46,94.46,94.46,2,2,130370.1,94.46
2023-01-17,BRX3,93.2,96.09,93.2,96.09,6,6,389709.44,95.99
2023-01-17,CFH3,0.9265,0.9265,0.9265,0.9265,1,1,68887.5,0.9242
2023-01-17,CHH3,90601.0,91456.0,89794.0,90232.0,128,115,11608976.0,90258.0
2023-01-17,CNYRUBF,10.17,10.24,10.09,10.17,30033,2568,304919190.0,10.17
2023-01-17,CRH3,10.2,10.281,10.133,10.225,1440735,65646,14684587258.0,10.223
2023-01-17,CRH4,10.999,10.999,10.999,10.999,3,3,32997.0,11.05
2023-01-17,CRM3,10.348,10.423,10.283,10.376,19319,2432,199615814.0,10.377
2023-01-17,CRM4,11.084,11.582,11.084,11.582,3,3,34142.0,11.495
2023-01-17,CRU3,10.543,10.633,10.457,10.521,99,53,1043315.0,10.524
2023-01-17,CRZ3,10.662,10.765,10.622,10.694,125,102,1332524.0,10.694
2023-01-17,CSH3,5498.0,5620.0,5452.0,5452.0,5,5,27568.0,5455.0
2023-01-17,DYH3,6760.0,6776.0,6650.0,6701.0,36,26,242117.0,6749.0
2023-01-17,EDH3,1.0669,1.0703,1.0642,1.066,45698,15305,3367691173.6,1.0651
2023-01-17,EDM3,1.0611,1.0635,1.0582,1.0589,457,373,33455672.23,1.0589
2023-01-17,EDU3,1.0527,1.058,1.0527,1.058,17,5,1240047.97,1.0558
2023-01-17,EURRUBF,73.92,75.14,73.7,74.46,2132,983,158673730.0,74.57
2023-01-17,EuH3,73528.0,74723.0,73305.0,74132.0,59981,21287,4445920801.0,74086.0
2023-01-17,EuM3,73825.0,74847.0,73613.0,74272.0,6750,2104,502071339.0,74218.0
2023-01-17,EuU3,74900.0,75850.0,74900.0,75300.0,18,18,1356299.0,75300.0
2023-01-17,EuZ3,75698.0,76600.0,74941.0,76600.0,4,4,302434.0,76600.0
2023-01-17,FNH3,6677.0,7100.0,6557.0,7068.0,18,17,124454.0,6633.0
2023-01-17,FNM3,5916.0,6844.0,5916.0,6837.0,8,4,51037.0,6590.0
2023-01-17,FSH3,8779.0,8829.0,8622.0,8652.0,288,91,2516128.0,8652.0
2023-01-17,FVH3,15741.0,15870.0,15501.0,15523.0,839,347,13139243.0,15571.0
2023-01-17,FVM3,15962.0,16034.0,15962.0,16034.0,3,2,48030.0,15900.0
2023-01-17,GDH3,1892.6,1898.7,1882.4,1894.2,92010,34123,12002776164.37,1894.0
2023-01-17,GDM3,1890.8,1897.0,1881.0,1891.9,1782,1208,232171410.04,1892.3
2023-01-17,GDU3,1892.5,1900.0,1888.8,1900.0,42,33,5491036.61,1899.5
2023-01-17,GDZ3,1899.4,1904.2,1888.0,1904.2,39,28,5107455.16,1904.2
2023-01-17,GKH3,15715.0,15847.0,15524.0,15531.0,14093,6080,221429601.0,15560.0
2023-01-17,GKM3,15742.0,15926.0,15600.0,15600.0,37,31,584955.0,15600.0
2023-01-17,GKU3,15441.0,15820.0,14806.0,15820.0,12,10,184964.0,15787.0
2023-01-17,GUH3,1.2266,1.2266,1.2211,1.2265,33,15,2788265.36,1.2265
2023-01-17,GZH3,16780.0,16817.0,16420.0,16454.0,58043,17500,963497424.0,16480.0
2023-01-17,GZM3,17063.0,17090.0,16736.0,16766.0,468,345,7906722.0,16790.0
2023-01-17,GZM4,18000.0,18000.0,18000.0,18000.0,1,1,18000.0,18000.0
2023-01-17,GZU3,17338.0,17338.0,17041.0,17080.0,11,4,187954.0,17055.0
2023-01-17,GZU4,18133.0,18606.0,18133.0,18149.0,8,8,145633.0,18149.0
2023-01-17,GZU5,18730.0,18730.0,18730.0,18730.0,1,1,18730.0,18760.0
2023-01-17,GZZ3,17562.0,17578.0,17562.0,17578.0,3,3,52717.0,17245.0
2023-01-17,HOH3,25390.0,25400.0,25390.0,25400.0,2,2,50790.0,25310.0
2023-01-17,HOU3,24920.0,24920.0,24900.0,24900.0,2,2,49820.0,25310.0
2023-01-17,HSH3,22594.0,22595.0,21887.0,22101.0,2644,351,5159068.21,22105.0
2023-01-17,HSM3,23302.0,23318.0,22172.0,22181.0,108,15,216005.99,22184.0
2023-01-17,HSU3,22401.0,24021.0,22383.0,24021.0,16,6,32221.49,22397.0
2023-01-17,HYH3,7773.0,7820.0,7707.0,7747.0,1775,284,13805672.0,7759.0
2023-01-17,HYM3,7877.0,7950.0,7877.0,7950.0,9,2,71258.0,7923.0
2023-01-17,IRH3,35482.0,35537.0,35011.0,35201.0,47,30,1661462.0,35201.0
2023-01-17,JPH3,130.9,132.21,130.35,130.7,28,26,1954820.1,130.7
2023-01-17,LKH3,41085.0,41254.0,40370.0,40919.0,7577,4550,310605603.0,40998.0
2023-01-17,LKM3,42009.0,42035.0,41256.0,41916.0,164,145,6861171.0,41905.0
2023-01-17,LKU3,40221.0,40223.0,40221.0,40223.0,2,2,80444.0,41002.0
2023-01-17,MAH3,6057.0,6057.0,5505.0,5509.0,8,7,45624.0,6057.0
2023-01-17,MAM3,5574.0,6329.0,5574.0,6328.0,8,4,47614.0,6017.0
2023-01-17,MCH3,10873.0,11190.0,10761.0,10868.0,437,143,4769438.0,10845.0
2023-01-17,MEH3,10431.0,10531.0,10227.0,10297.0,4965,1436,51414659.0,10298.0
2023-01-17,MEM3,10190.0,10230.0,9971.0,10075.0,33,26,335555.0,10075.0
2023-01-17,MGH3,34900.0,35103.0,34346.0,34802.0,346,209,12005987.0,34803.0
2023-01-17,MLH3,4918.0,4997.0,4795.0,4813.0,5718,1160,27881342.0,4813.0
2023-01-17,MLM3,5033.0,5068.0,4886.0,4900.0,53,27,261462.0,4900.0
2023-01-17,MMH3,2236.4,2240.4,2218.2,2223.25,20923,6616,466405693.5,2220.55
2023-01-17,MMM3,2221.9,2225.45,2204.05,2204.05,57,43,1263338.5,2207.0
2023-01-17,MMM4,2363.1,2396.75,2267.7,2396.75,4,4,94242.5,2394.0
2023-01-17,MMU3,2222.85,2222.85,2222.85,2222.85,5,1,111142.5,2223.7
2023-01-17,MMU5,2519.35,2519.35,2519.35,2519.35,1,1,25193.5,2519.35
2023-01-17,MMZ3,2234.45,2260.0,2234.45,2260.0,2,2,44944.5,2260.0
2023-01-17,MNH3,4729.0,4775.0,4620.0,4665.0,30017,4241,141168621.0,4700.0
2023-01-17,MNM3,4788.0,4819.0,4681.0,4774.0,123,67,587507.0,4774.0
2023-01-17,MNU3,4943.0,4943.0,4839.0,4881.0,3,3,14663.0,4881.0
2023-01-17,MTH3,24447.0,24460.0,24261.0,24285.0,148,67,3602982.0,24261.0
2023-01-17,MTM3,24372.0,24372.0,24372.0,24372.0,1,1,24372.0,24372.0
2023-01-17,MXH3,223800.0,224375.0,222175.0,222375.0,10113,6030,2258149850.0,222350.0
2023-01-17,MXM3,222075.0,222475.0,220850.0,221075.0,34,32,7538425.0,221075.0
2023-01-17,MXU3,228825.0,228825.0,221200.0,227250.0,3,3,677275.0,227225.0
2023-01-17,NAH3,11296.0,11370.0,11244.0,11306.0,16254,2113,126746817.02,11303.0
2023-01-17,NAM3,11250.0,11298.0,11219.0,11233.0,44,20,341711.04,11280.0
2023-01-17,NAU3,11699.0,11699.0,11402.0,11402.0,3,3,23824.32,11402.0
2023-01-17,NAZ3,11941.0,11941.0,11941.0,11941.0,1,1,8240.25,11389.0
2023-01-17,NGF3,3.728,3.854,3.722,3.803,380706,128653,9989637619.4,3.803
2023-01-17,NGG3,3.802,3.916,3.653,3.705,151349,61603,3932765587.13,3.703
2023-01-17,NGH3,4.234,4.32,3.857,3.906,10715,5293,298190533.68,3.93
2023-01-17,NGJ3,4.306,4.528,4.105,4.12,1030,554,30515553.87,4.149
2023-01-17,NGK3,4.718,4.721,4.363,4.377,161,119,5059570.32,4.377
2023-01-17,NGM3,5.098,5.098,4.611,4.68,154,100,5106040.52,4.68
2023-01-17,NKH3,106296.0,106600.0,105230.0,105637.0,155,148,16416877.0,105861.0
2023-01-17,NMH3,11518.0,11590.0,11297.0,11380.0,2174,945,24838207.0,11386.0
2023-01-17,NMM3,11740.0,11743.0,11510.0,11575.0,10,8,116387.0,11575.0
2023-01-17,OGH3,5822.0,5822.0,5611.0,5611.0,2,2,11433.0,5612.0
2023-01-17,OZH3,15968.0,16490.0,15524.0,15900.0,3798,1340,60333057.0,15825.0
2023-01-17,OZM3,16217.0,16564.0,15885.0,16265.0,28,17,452744.0,16171.0
2023-01-17,PDH3,1860.01,1860.01,1814.64,1825.0,184,108,23276178.2,1825.0
2023-01-17,PDM3,1920.0,1920.0,1919.64,1919.64,24,17,3179342.16,1919.64
2023-01-17,PHH3,6478.0,6497.0,6402.0,6402.0,414,106,2674513.0,6402.0
2023-01-17,PHM3,6611.0,6658.0,6611.0,6620.0,5,5,33111.0,6572.0
2023-01-17,PIH3,6235.0,6236.0,6077.0,6140.0,716,166,4413511.0,6140.0
2023-01-17,POH3,4133.0,4154.0,4005.0,4049.0,12428,2574,50638985.0,4064.0
2023-01-17,POM3,4208.0,4220.0,4104.0,4135.0,204,101,846866.0,4140.0
2023-01-17,PSH3,1387.0,1396.0,1322.0,1349.0,123,23,167389.0,1349.0
2023-01-17,PTH3,1071.3,1077.0,1056.5,1056.6,297,152,21836923.13,1056.6
2023-01-17,PTM3,1085.4,1085.4,1082.2,1082.2,5,4,373872.1,1081.2
2023-01-17,PZH3,82650.0,83680.0,81923.0,82829.0,1008,790,83648404.0,82869.0
2023-01-17,PZM3,84242.0,84360.0,82365.0,82365.0,10,10,838232.0,83096.0
2023-01-17,RBH3,13030.0,13030.0,12991.0,12992.0,4,4,52005.0,12992.0
2023-01-17,RIH3,102490.0,102860.0,100870.0,100950.0,82335,51171,11559296393.95,100930.0
2023-01-17,RIM3,101980.0,102040.0,100270.0,100370.0,116,111,16151708.86,100330.0
2023-01-17,RIU3,100030.0,100030.0,99850.0,99850.0,2,2,275866.38,99850.0
2023-01-17,RIZ3,99470.0,99470.0,99470.0,99470.0,2,2,274569.04,99470.0
2023-01-17,RLH3,4158.0,4259.0,4064.0,4219.0,3399,534,14204754.0,4220.0
2023-01-17,RLM3,4285.0,4565.0,4270.0,4355.0,102,27,445002.0,4355.0
2023-01-17,RMH3,1025.0,1029.0,1009.0,1009.0,12278,4888,172516961.64,1009.5
2023-01-17,RMM3,1017.0,1020.5,1002.0,1005.0,61,44,850814.68,1005.0
2023-01-17,RMU3,1000.0,1000.0,988.5,990.0,10,8,137056.98,990.0
2023-01-17,RNH3,35003.0,35108.0,34701.0,34780.0,1773,1184,61822892.0,34814.0
2023-01-17,RNM3,35510.0,35510.0,35375.0,35375.0,8,8,283556.0,35375.0
2023-01-17,RTH3,5839.0,5889.0,5783.0,5807.0,196,77,1140365.0,5807.0
2023-01-17,RTM3,5925.0,5992.0,5925.0,5947.0,11,7,65496.0,5937.0
2023-01-17,SAH3,30.0,30.05,29.76,29.76,10,9,304820.32,29.76
2023-01-17,SAK3,30.66,30.66,30.66,30.66,1,1,31150.56,28.06
2023-01-17,SEH3,1600.0,1888.0,1530.0,1629.0,9933,1315,16273957.0,1623.0
2023-01-17,SEM3,1670.0,1719.0,1371.0,1371.0,7,5,11138.0,1473.0
2023-01-17,SFH3,391.11,391.99,389.55,389.8,33183,6203,895339796.1,389.82
2023-01-17,SFM3,389.5,390.0,387.75,387.75,396,208,10634080.73,387.77
2023-01-17,SFU3,389.99,389.99,387.99,387.99,7,4,187995.05,387.99
2023-01-17,SGH3,27171.0,27497.0,26990.0,27308.0,448,319,12184101.0,27305.0
2023-01-17,SGM3,27969.0,27969.0,27969.0,27969.0,5,3,139845.0,27934.0
2023-01-17,SNH3,22669.0,23002.0,22307.0,22645.0,2183,1308,49339526.0,22750.0
2023-01-17,SNM3,23037.0,23340.0,22782.0,23321.0,9,6,206776.0,23246.0
2023-01-17,SOH3,4540.0,4555.0,4512.0,4520.0,445,99,2014023.0,4515.0
2023-01-17,SOM3,4724.0,4739.0,4473.0,4473.0,4,4,18660.0,4514.0
2023-01-17,SPH3,15335.0,15420.0,14973.0,15105.0,11144,5254,169066297.0,15139.0
2023-01-17,SPM3,15314.0,15433.0,15172.0,15236.0,50,29,767263.0,15236.0
2023-01-17,SRH3,15545.0,15642.0,15207.0,15292.0,274397,68987,4222523493.0,15301.0
2023-01-17,SRM3,15584.0,15709.0,15310.0,15386.0,1817,1245,28094567.0,15390.0
2023-01-17,SRU3,15880.0,15979.0,15469.0,15800.0,114,79,1792127.0,15714.0
2023-01-17,SRZ3,16210.0,16240.0,15963.0,15970.0,123,33,1979339.0,15972.0
2023-01-17,SSH3,2571.0,2575.0,2517.0,2537.0,899,135,2286459.0,2537.0
2023-01-17,SSM3,2482.0,2599.0,2482.0,2599.0,13,7,33243.0,2599.0
2023-01-17,SVH3,23.7,23.91,23.56,23.63,35664,8016,583615375.36,23.64
2023-01-17,SVM3,23.94,24.09,23.8,23.85,549,383,9065270.3,23.85
2023-01-17,SVU3,24.46,24.53,24.44,24.44,48,11,810486.25,24.44
2023-01-17,SVZ3,25.0,25.05,24.98,24.98,6,4,103505.25,24.98
2023-01-17,SXH3,3970.0,3980.0,3930.0,3980.0,345,36,1019685.48,3980.0
2023-01-17,SXM3,3988.2,3988.3,3887.1,3888.0,8,5,23567.72,3888.0
2023-01-17,SXU3,3899.9,4100.0,3790.0,3790.0,21,15,61392.35,3915.6
2023-01-17,SiH3,69054.0,70130.0,68826.0,69741.0,840844,255734,58449402074.0,69760.0
2023-01-17,SiH4,74124.0,74685.0,74124.0,74685.0,10,10,744679.0,74685.0
2023-01-17,SiM3,69711.0,70722.0,69490.0,70354.0,10184,4940,713729213.0,70356.0
2023-01-17,SiM4,75458.0,75499.0,75458.0,75499.0,2,2,150957.0,75349.0
2023-01-17,SiU3,71101.0,71987.0,70931.0,71746.0,179,151,12779057.0,71746.0
2023-01-17,SiU4,75316.0,75316.0,75316.0,75316.0,1,1,75316.0,75513.0
2023-01-17,SiZ3,72800.0,73201.0,72432.0,73201.0,105,86,7625168.0,73201.0
2023-01-17,SiZ4,75501.0,75501.0,75501.0,75501.0,1,1,75501.0,75705.0
2023-01-17,TIH3,27578.0,27650.0,26928.0,27200.0,640,467,17468682.0,27200.0
2023-01-17,TIM3,27665.0,27665.0,27665.0,27665.0,1,1,27665.0,27665.0
2023-01-17,TTH3,35012.0,35080.0,34616.0,34777.0,696,389,24243684.0,34806.0
2023-01-17,USDRUBF,68.43,69.43,68.2,69.02,11120,4250,765314130.0,69.01
2023-01-17,VBH3,1729.0,1739.0,1708.0,1712.0,116517,11426,200699403.0,1714.0
2023-01-17,VBM3,1762.0,1774.0,1742.0,1746.0,3303,869,5807352.0,1746.0
2023-01-17,VBU3,1824.0,1824.0,1791.0,1807.0,36,10,64845.0,1804.0
2023-01-17,VIF3,35.85,36.25,34.8,35.0,20,15,98108.85,35.0
2023-01-17,W4F3,15030.0,15060.0,15030.0,15030.0,6,6,90230.0,15030.0
2023-01-17,W4G3,15290.0,15410.0,15060.0,15240.0,27,19,411350.0,15250.0
2023-01-17,YNH3,19755.0,19823.0,19387.0,19387.0,3631,1709,71269152.0,19441.0
2023-01-17,YNM3,19872.0,20055.0,19659.0,19659.0,187,127,3721359.0,19696.0
2023-01-17,YNU3,20112.0,20112.0,19865.0,19869.0,12,12,238861.0,19844.0
2023-01-18,AFH3,2820.0,2820.0,2725.0,2778.0,5114,761,14145321.0,2780.0
2023-01-18,AFM3,2850.0,2853.0,2784.0,2826.0,359,95,1008384.0,2826.0
2023-01-18,AFU3,2904.0,3053.0,2800.0,2905.0,209,19,613367.0,2905.0
2023-01-18,AKH3,12650.0,12818.0,12550.0,12594.0,1311,385,16607088.0,12620.0
2023-01-18,AKM3,12957.0,13051.0,12878.0,13051.0,4,3,51937.0,12898.0
2023-01-18,ALH3,6301.0,6347.0,6197.0,6254.0,6734,1584,42271384.0,6254.0
2023-01-18,ALM3,6420.0,6455.0,6326.0,6378.0,163,107,1043866.0,6374.0
2023-01-18,ALU3,6423.0,6428.0,6423.0,6428.0,8,2,51414.0,6428.0
2023-01-18,AUH3,0.7024,0.7071,0.7021,0.7071,4,4,193579.98,0.7062
2023-01-18,BRF4,95.49,95.49,95.49,95.49,2,2,131308.48,95.49
2023-01-18,BRG3,88.0,89.7,87.33,89.3,130876,52181,7980722744.93,89.31
2023-01-18,BRH3,89.5,90.72,88.86,90.41,4258,3182,263205166.24,90.43
2023-01-18,BRJ3,91.17,92.62,91.0,92.41,414,217,26104290.4,92.41
2023-01-18,BRK3,93.15,94.6,93.15,94.37,75,62,4838591.89,94.37
2023-01-18,BRM3,93.75,94.56,93.75,94.56,8,8,517072.72,94.56
2023-01-18,BRN3,94.3,94.3,93.9,93.9,24,7,1550558.18,93.9
2023-01-18,BRU3,95.5,95.7,95.5,95.7,2,2,131459.75,95.5
2023-01-18,BRV3,93.99,96.8,93.99,95.89,3,3,197107.13,95.89
2023-01-18,CFH3,0.9164,0.9164,0.9164,0.9164,10,1,691065.5,0.9138
2023-01-18,CHH3,90618.0,90799.0,88741.0,90164.0,153,134,13760233.0,89903.0
2023-01-18,CHM3,92611.0,92646.0,89323.0,89471.0,5,5,455039.0,90101.0
2023-01-18,CNYRUBF,10.19,10.22,10.15,10.2,32166,1686,327444730.0,10.19
2023-01-18,CRH3,10.23,10.284,10.181,10.238,1027814,49946,10516931205.0,10.241
2023-01-18,CRH4,11.05,11.05,10.866,11.04,7,3,77116.0,11.04
2023-01-18,CRM3,10.392,10.431,10.335,10.394,10674,1606,110798619.0,10.391
2023-01-18,CRM4,11.545,11.623,11.2,11.2,12,12,136365.0,11.556
2023-01-18,CRU3,10.539,10.666,10.484,10.552,74,41,782145.0,10.552
2023-01-18,CRZ3,10.771,10.777,10.67,10.73,52,14,558015.0,10.73
2023-01-18,DYH3,6713.0,6754.0,6656.0,6696.0,55,46,368912.0,6696.0
2023-01-18,EDH3,1.066,1.0744,1.0627,1.0719,110099,29333,8104535543.39,1.0717
2023-01-18,EDM3,1.0579,1.0662,1.0571,1.0639,937,682,68442525.93,1.0639
2023-01-18,EDU3,1.0548,1.06,1.051,1.06,88,10,6382371.06,1.06
2023-01-18,EURRUBF,74.51,74.98,74.04,74.62,1667,1050,124422250.0,74.4
2023-01-18,EuH3,74153.0,74443.0,73800.0,74196.0,77870,28691,5775045185.0,74171.0
2023-01-18,EuM3,74224.0,74530.0,74000.0,74311.0,1902,770,141219378.0,74275.0
2023-01-18,EuU3,75149.0,75250.0,75149.0,75250.0,11,4,827149.0,75294.0
2023-01-18,EuZ3,76457.0,76457.0,76457.0,76457.0,1,1,76457.0,76457.0
2023-01-18,FNH3,6636.0,7056.0,6636.0,7056.0,4,3,27383.0,7043.0
2023-01-18,FNM3,6816.0,7188.0,5947.0,7109.0,14,6,91345.0,6989.0
2023-01-18,FSH3,8652.0,8667.0,8515.0,8639.0,166,50,1429466.0,8572.0
2023-01-18,FSM3,8761.0,8761.0,8761.0,8761.0,5,1,43805.0,8761.0
2023-01-18,FVH3,15507.0,15777.0,15224.0,15250.0,1209,593,18677968.0,15373.0
2023-01-18,GDH3,1894.9,1914.0,1882.1,1906.8,130002,39523,16977440838.36,1906.8
2023-01-18,GDM3,1892.1,1911.0,1880.0,1903.8,2721,1709,354816096.58,1903.7
2023-01-18,GDU3,1900.0,1915.7,1887.5,1910.1,65,57,8491000.45,1910.1
2023-01-18,GDZ3,1900.0,1915.0,1893.4,1915.0,23,18,3011879.02,1915.0
2023-01-18,GKH3,15531.0,15604.0,15377.0,15533.0,16524,5932,256290751.0,15564.0
2023-01-18,GKM3,15600.0,15621.0,15432.0,15596.0,25,19,388736.0,15597.0
2023-01-18,GUH3,1.2319,1.2401,1.2199,1.2388,172,70,14606044.68,1.2388
2023-01-18,GZH3,16457.0,16608.0,16285.0,16518.0,62323,19847,1025887216.0,16530.0
2023-01-18,GZM3,16760.0,16894.0,16596.0,16822.0,449,300,7529629.0,16841.0
2023-01-18,GZU3,16954.0,17029.0,16868.0,17029.0,20,7,337949.0,17029.0
2023-01-18,GZZ4,18590.0,18590.0,18590.0,18590.0,1,1,18590.0,18590.0
2023-01-18,HOH3,25400.0,25400.0,25040.0,25040.0,6,6,151240.0,25230.0
2023-01-18,HOM3,24960.0,24960.0,24960.0,24960.0,1,1,24960.0,25670.0
2023-01-18,HOU3,25450.0,25660.0,25450.0,25660.0,2,2,51110.0,25660.0
2023-01-18,HSH3,22004.0,22335.0,22000.0,22260.0,664,183,1299178.3,22260.0
2023-01-18,HSM3,22983.0,22983.0,22185.0,22900.0,4,4,8018.75,22208.0
2023-01-18,HSU3,23810.0,23810.0,22406.0,22408.0,3,3,6049.21,22424.0
2023-01-18,HYH3,7728.0,7779.0,7639.0,7700.0,603,155,4645634.0,7700.0
2023-01-18,HYM3,7866.0,7868.0,7861.0,7861.0,15,8,117961.0,7861.0
2023-01-18,IRH3,35170.0,35170.0,34587.0,34896.0,107,74,3728072.0,34916.0
2023-01-18,JPH3,130.5,132.29,129.19,130.64,121,61,8469306.81,130.64
2023-01-18,LKH3,40989.0,40990.0,40587.0,40726.0,7756,5040,316027665.0,40842.0
2023-01-18,LKM3,41844.0,41844.0,41540.0,41540.0,31,29,1293221.0,41730.0
2023-01-18,MAH3,6085.0,6085.0,5576.0,5576.0,3,3,17238.0,6057.0
2023-01-18,MAM3,6329.0,6330.0,5580.0,6299.0,7,7,42029.0,6017.0
2023-01-18,MCH3,10827.0,10828.0,10761.0,10800.0,133,63,1438146.0,10788.0
2023-01-18,MEH3,10297.0,10396.0,10233.0,10292.0,2134,818,22031836.0,10341.0
2023-01-18,MEM3,10059.0,10148.0,10018.0,10102.0,17,16,170988.0,10102.0
2023-01-18,MGH3,34726.0,34944.0,34335.0,34600.0,202,149,7014010.0,34679.0
2023-01-18,MGM3,35236.0,35236.0,35137.0,35160.0,3,3,105533.0,35160.0
2023-01-18,MLH3,4800.0,4892.0,4726.0,4823.0,4139,863,19964719.0,4822.0
2023-01-18,MLM3,4880.0,4961.0,4813.0,4934.0,32,20,156314.0,4913.0
2023-01-18,MMH3,2221.2,2228.1,2191.0,2213.75,36622,10715,809773877.0,2213.4
2023-01-18,MMM3,2209.3,2212.95,2185.0,2201.2,100,62,2200578.5,2202.3
2023-01-18,MMU3,2222.4,2239.7,2207.3,2207.3,5,5,111009.0,2210.7
2023-01-18,MMZ3,2260.0,2260.0,2239.6,2239.6,2,2,44996.0,2239.6
2023-01-18,MMZ4,2420.1,2420.1,2420.1,2420.1,1,1,24201.0,2420.1
2023-01-18,MNH3,4677.0,4719.0,4641.0,4665.0,18922,2602,88509621.0,4661.0
2023-01-18,MNM3,4764.0,4796.0,4701.0,4740.0,353,128,1680575.0,4740.0
2023-01-18,MTH3,24262.0,24263.0,24027.0,24170.0,431,200,10405392.0,24170.0
2023-01-18,MTM3,24315.0,24315.0,24300.0,24300.0,4,4,97215.0,24361.0
2023-01-18,MXH3,222475.0,223175.0,219475.0,221625.0,14242,8803,3154732000.0,221650.0
2023-01-18,MXM3,220750.0,221500.0,219000.0,220200.0,51,39,11211325.0,220200.0
2023-01-18,NAH3,11293.0,11389.0,11233.0,11314.0,22376,3255,174211772.52,11311.0
2023-01-18,NAM3,11276.0,11288.0,11216.0,11241.0,76,51,588037.42,11241.0
2023-01-18,NAU3,11326.0,11463.0,11275.0,11463.0,7,7,54495.23,11463.0
2023-01-18,NAZ3,11872.0,11941.0,11466.0,11466.0,25,6,204801.14,11560.0
2023-01-18,NGF3,3.805,3.829,3.541,3.559,511749,162660,12859489397.85,3.556
2023-01-18,NGG3,3.705,3.724,3.515,3.519,146197,55364,3632778504.13,3.519
2023-01-18,NGH3,3.903,3.937,3.697,3.702,13446,4967,349371282.11,3.701
2023-01-18,NGJ3,4.139,4.147,3.823,3.831,853,606,23129366.73,3.878
2023-01-18,NGK3,4.37,4.371,4.0,4.064,238,189,6740695.11,4.064
2023-01-18,NGM3,4.622,4.643,4.311,4.314,200,135,6075558.14,4.314
2023-01-18,NKH3,105500.0,105863.0,104602.0,105134.0,147,136,15458429.0,105064.0
2023-01-18,NKM3,106025.0,106025.0,106025.0,106025.0,1,1,106025.0,106025.0
2023-01-18,NMH3,11368.0,11437.0,11197.0,11299.0,2295,1374,25999741.0,11341.0
2023-01-18,NMM3,11573.0,11577.0,11448.0,11577.0,28,22,321747.0,11549.0
2023-01-18,OGH3,5819.0,5819.0,5601.0,5601.0,2,2,11420.0,5604.0
2023-01-18,OZH3,15881.0,15950.0,15558.0,15705.0,2670,906,42122615.0,15729.0
2023-01-18,OZM3,15882.0,16133.0,15882.0,16125.0,14,10,224138.0,16045.0
2023-01-18,PDH3,1840.0,1858.99,1766.0,1791.4,1788,362,221428473.67,1791.4
2023-01-18,PDM3,1919.65,1931.1,1868.05,1890.0,219,71,28835388.11,1890.0
2023-01-18,PHH3,6401.0,6449.0,6367.0,6440.0,534,89,3423684.0,6438.0
2023-01-18,PHM3,6540.0,6540.0,6454.0,6454.0,2,2,12994.0,6496.0
2023-01-18,PIH3,6130.0,6195.0,6054.0,6150.0,467,118,2862024.0,6163.0
2023-01-18,PIM3,5916.0,6285.0,5916.0,6285.0,17,8,102806.0,6285.0
2023-01-18,POH3,4049.0,4203.0,4008.0,4190.0,11304,2483,46541073.0,4175.0
2023-01-18,POM3,4123.0,4277.0,4081.0,4265.0,869,248,3690097.0,4256.0
2023-01-18,PSH3,1326.0,1420.0,1077.0,1347.0,547,57,731436.0,1347.0
2023-01-18,PSM3,1700.0,1700.0,1112.0,1687.0,4,3,6199.0,1397.0
2023-01-18,PTH3,1062.5,1084.7,1046.6,1073.5,883,389,64611332.94,1074.3
2023-01-18,PTM3,1076.0,1100.0,1069.3,1100.0,40,32,2977721.53,1098.5
2023-01-18,PZH3,82680.0,83393.0,81951.0,82929.0,449,374,37165274.0,83057.0
2023-01-18,PZM3,83582.0,83582.0,82936.0,83550.0,6,6,500065.0,83550.0
2023-01-18,RBH3,12992.0,13029.0,12950.0,13029.0,54,12,700613.0,13029.0
2023-01-18,RIH3,100900.0,102090.0,99620.0,101350.0,111139,70393,15438711791.17,101400.0
2023-01-18,RIM3,100330.0,101220.0,99150.0,100610.0,214,198,29505713.33,100590.0
2023-01-18,RIU3,100150.0,100150.0,100150.0,100150.0,1,1,137716.27,100150.0
2023-01-18,RIZ3,100590.0,100590.0,100590.0,100590.0,1,1,138321.31,100590.0
2023-01-18,RLH3,4207.0,4214.0,4120.0,4214.0,1717,320,7167684.0,4208.0
2023-01-18,RLM3,4314.0,4320.0,4241.0,4320.0,26,11,111760.0,4310.0
2023-01-18,RMH3,1009.0,1021.5,997.5,1013.5,20869,7584,289820170.13,1014.0
2023-01-18,RMM3,1002.5,1010.0,992.0,1004.5,199,151,2743115.26,1004.5
2023-01-18,RMU3,990.0,990.0,988.0,988.0,2,2,27199.52,988.0
2023-01-18,RNH3,34751.0,35124.0,34468.0,35055.0,2556,1617,88908585.0,35033.0
2023-01-18,RNM3,35300.0,35540.0,35300.0,35540.0,4,4,141669.0,35540.0
2023-01-18,RTH3,5796.0,5819.0,5741.0,5819.0,121,70,700850.0,5803.0
2023-01-18,RTM3,5903.0,6040.0,5903.0,5956.0,60,21,357718.0,5909.0
2023-01-18,SAH3,30.3,30.3,30.3,30.3,1,1,30784.8,30.2
2023-01-18,SEH3,1606.0,1654.0,1543.0,1544.0,1117,142,1758616.0,1546.0
2023-01-18,SFH3,389.7,391.44,387.69,388.97,36959,8380,989707311.85,388.77
2023-01-18,SFM3,387.75,388.99,386.2,386.81,544,335,14487666.43,387.04
2023-01-18,SFU3,387.16,389.41,387.1,388.0,32,19,853256.44,388.6
2023-01-18,SFZ3,388.02,400.0,384.03,385.62,21,17,569342.95,386.7
2023-01-18,SGH3,27252.0,27352.0,26585.0,27188.0,527,359,14202992.0,27159.0
2023-01-18,SGM3,27447.0,27934.0,27323.0,27934.0,3,3,82704.0,27741.0
2023-01-18,SNH3,22647.0,22647.0,22225.0,22267.0,3048,1273,68558194.0,22385.0
2023-01-18,SNM3,22933.0,22933.0,22933.0,22933.0,2,2,45866.0,22860.0
2023-01-18,SOH3,4525.0,4543.0,4485.0,4531.0,656,174,2953714.0,4531.0
2023-01-18,SOM3,4670.0,4670.0,4657.0,4657.0,13,3,60593.0,4657.0
2023-01-18,SPH3,15121.0,15355.0,14978.0,15262.0,10551,4625,160379404.0,15292.0
2023-01-18,SPM3,15236.0,15393.0,15154.0,15350.0,34,23,519827.0,15350.0
2023-01-18,SRH3,15296.0,15499.0,15126.0,15383.0,289646,71424,4441497592.0,15416.0
2023-01-18,SRM3,15372.0,15553.0,15228.0,15477.0,2345,1367,36070123.0,15489.0
2023-01-18,SRU3,15643.0,15849.0,15643.0,15802.0,40,18,628875.0,15802.0
2023-01-18,SRZ3,15901.0,16200.0,15810.0,16200.0,87,29,1399003.0,16155.0
2023-01-18,SSH3,2530.0,2579.0,2490.0,2519.0,886,159,2231985.0,2530.0
2023-01-18,SSM3,2489.0,2489.0,2489.0,2489.0,1,1,2489.0,2491.0
2023-01-18,SVH3,23.63,24.04,23.51,23.78,42215,10524,691117423.55,23.83
2023-01-18,SVM3,23.84,24.22,23.75,24.0,915,585,15091249.01,24.0
2023-01-18,SVU3,24.44,24.57,24.25,24.44,30,13,504353.09,24.45
2023-01-18,SVZ3,25.26,25.26,25.0,25.0,19,7,327741.88,25.0
2023-01-18,SXH3,3950.4,3985.0,3934.4,3965.0,150,38,441202.79,3965.0
2023-01-18,SXM3,3844.5,3844.5,3811.6,3811.6,7,4,19897.09,3919.4
2023-01-18,SXU3,3790.6,3790.6,3790.6,3790.6,2,2,5639.66,3900.9
2023-01-18,SiH3,69765.0,69975.0,69070.0,69200.0,1065086,266984,73911399187.0,69171.0
2023-01-18,SiH4,74700.0,74700.0,73868.0,73868.0,8,6,594785.0,73868.0
2023-01-18,SiM3,70373.0,70550.0,69730.0,69814.0,13150,6245,920541338.0,69796.0
2023-01-18,SiM4,75083.0,75083.0,75081.0,75081.0,2,2,150164.0,75039.0
2023-01-18,SiU3,71842.0,71892.0,71211.0,71211.0,43,38,3076556.0,71211.0
2023-01-18,SiZ3,73299.0,73546.0,72736.0,73079.0,184,78,13451264.0,72975.0
2023-01-18,SiZ4,76813.0,76813.0,76813.0,76813.0,1,1,76813.0,76429.0
2023-01-18,TIH3,27123.0,27385.0,26851.0,27080.0,854,500,23179967.0,27244.0
2023-01-18,TIM3,27517.0,27517.0,27470.0,27487.0,3,3,82474.0,27691.0
2023-01-18,TNH3,88601.0,88601.0,88601.0,88601.0,1,1,88601.0,88601.0
2023-01-18,TTH3,34700.0,34736.0,34353.0,34389.0,519,298,17941452.0,34430.0
2023-01-18,TTM3,35200.0,35350.0,35055.0,35350.0,7,6,246705.0,35172.0
2023-01-18,USDRUBF,69.12,69.4,68.69,68.78,17221,5325,1187406830.0,68.75
2023-01-18,VBH3,1710.0,1717.0,1685.0,1706.0,128455,11462,219019473.0,1711.0
2023-01-18,VBM3,1749.0,1750.0,1720.0,1728.0,4033,917,7010917.0,1736.0
2023-01-18,VBU3,1787.0,1825.0,1778.0,1792.0,313,54,563854.0,1791.0
2023-01-18,VIF3,35.15,36.25,35.1,35.1,20,13,97398.47,35.25
2023-01-18,VIG3,40.3,40.3,40.3,40.3,1,1,5541.66,35.8
2023-01-18,W4H3,15300.0,15300.0,15080.0,15080.0,7,4,105980.0,15080.0
2023-01-18,W4M3,16400.0,16400.0,16400.0,16400.0,1,1,16400.0,15710.0
2023-01-18,YNH3,19404.0,19529.0,18936.0,19353.0,7827,3473,150834282.0,19430.0
2023-01-18,YNM3,19723.0,19827.0,19300.0,19700.0,156,126,3058495.0,19770.0
2023-01-18,YNU3,19707.0,19919.0,19655.0,19910.0,12,9,238025.0,19910.0
2023-01-19,AFH3,2777.0,2787.0,2686.0,2735.0,7395,838,20149592.0,2738.0
2023-01-19,AFM3,2825.0,2827.0,2735.0,2786.0,202,69,559635.0,2783.0
2023-01-19,AFU3,2959.0,2959.0,2912.0,2914.0,3,3,8785.0,2914.0
2023-01-19,AKH3,12585.0,12599.0,12237.0,12237.0,970,395,12081361.0,12237.0
2023-01-19,AKM3,12835.0,12835.0,12600.0,12600.0,2,2,25435.0,12530.0
2023-01-19,ALH3,6251.0,6272.0,6061.0,6080.0,10874,1934,66736931.0,6095.0
2023-01-19,ALM3,6361.0,6393.0,6186.0,6205.0,202,126,1262620.0,6212.0
2023-01-19,ALU3,6498.0,6498.0,6301.0,6301.0,32,16,203726.0,6301.0
2023-01-19,BRG3,89.29,89.54,85.95,87.27,168062,68082,10077877344.98,87.22
2023-01-19,BRH3,90.43,90.67,88.13,89.19,8896,5994,544754793.01,89.14
2023-01-19,BRJ3,92.52,92.52,90.75,91.83,1106,375,69486089.55,91.83
2023-01-19,BRK3,93.57,94.39,93.04,94.14,699,221,45102453.88,94.17
2023-01-19,BRM3,93.39,94.02,93.36,94.02,20,20,1289446.22,94.02
2023-01-19,BRN3,91.99,93.2,91.99,93.2,6,6,381359.33,93.2
2023-01-19,BRQ3,93.2,93.2,91.99,91.99,3,3,190831.05,91.99
2023-01-19,BRX3,94.47,95.97,94.43,95.97,10,4,655134.07,95.79
2023-01-19,CFH3,0.9052,0.9052,0.9052,0.9052,1,1,68012.65,0.9164
2023-01-19,CHH3,89894.0,89894.0,88068.0,88331.0,105,91,9329043.0,88399.0
2023-01-19,CNYRUBF,10.21,10.22,10.11,10.14,16477,1424,167393480.0,10.12
2023-01-19,CRH3,10.237,10.26,10.156,10.18,1107157,46732,11292439524.0,10.175
2023-01-19,CRH4,11.035,11.035,10.827,10.827,9,7,98230.0,10.992
2023-01-19,CRM3,10.39,10.401,10.305,10.322,17034,1740,176422324.0,10.326
2023-01-19,CRM4,11.2,11.2,11.15,11.15,6,6,67057.0,11.345
2023-01-19,CRU3,10.534,10.664,10.52,10.528,581,179,6116935.0,10.528
2023-01-19,CRZ3,10.658,10.722,10.654,10.722,156,26,1667389.0,10.69
2023-01-19,CSH3,5491.0,5651.0,5491.0,5651.0,12,12,66153.0,5588.0
2023-01-19,CSM3,5319.0,5977.0,5319.0,5323.0,18,6,101676.0,5551.0
2023-01-19,DYH3,6692.0,6719.0,6612.0,6639.0,39,25,259773.0,6644.0
2023-01-19,EDH3,1.0717,1.072,1.0643,1.0683,77500,27273,5698689003.88,1.0684
2023-01-19,EDM3,1.0631,1.0635,1.0573,1.06,713,527,52048166.22,1.06
2023-01-19,EDU3,1.055,1.0575,1.055,1.0575,224,7,16299220.26,1.0575
2023-01-19,EURRUBF,74.56,74.59,74.23,74.44,2971,1418,221050280.0,74.45
2023-01-19,EuH3,74175.0,74499.0,73776.0,74049.0,129760,28823,9618031459.0,74041.0
2023-01-19,EuM3,74213.0,74540.0,73953.0,74219.0,1181,469,87711489.0,74187.0
2023-01-19,EuM4,78282.0,78282.0,78282.0,78282.0,1,1,78282.0,78282.0
2023-01-19,EuU3,75463.0,75590.0,75250.0,75250.0,5,5,377142.0,75250.0
2023-01-19,FNH3,6799.0,6967.0,6691.0,6839.0,462,277,3164588.0,6839.0
2023-01-19,FNM3,6975.0,7192.0,6525.0,6525.0,7,7,47320.0,6525.0
2023-01-19,FSH3,8618.0,8646.0,8458.0,8569.0,224,62,1911008.0,8576.0
2023-01-19,FSM3,8700.0,8700.0,8700.0,8700.0,9,2,78300.0,8700.0
2023-01-19,FVH3,15255.0,15362.0,15049.0,15302.0,566,299,8618588.0,15306.0
2023-01-19,FVM3,15553.0,15575.0,15553.0,15575.0,6,6,93389.0,15575.0
2023-01-19,GDH3,1906.2,1912.0,1894.0,1908.5,100181,35251,13114032563.63,1908.0
2023-01-19,GDM3,1903.6,1908.0,1891.2,1903.4,2409,1514,314675872.94,1903.9
2023-01-19,GDU3,1907.0,1917.9,1901.0,1917.5,25,24,3280679.77,1915.4
2023-01-19,GDZ3,1913.0,1915.0,1905.0,1915.0,3,3,394488.3,1915.0
2023-01-19,GKH3,15536.0,15558.0,15293.0,15345.0,12898,5314,198550345.0,15344.0
2023-01-19,GKM3,15598.0,15598.0,15300.0,15300.0,35,20,539995.0,15370.0
2023-01-19,GUH3,1.2387,1.2387,1.23,1.2348,13,13,1103424.99,1.2344
2023-01-19,GZH3,16513.0,16523.0,16174.0,16290.0,63247,18347,1029395977.0,16255.0
2023-01-19,GZM3,16822.0,16822.0,16485.0,16574.0,266,189,4421016.0,16566.0
2023-01-19,GZM4,17851.0,17851.0,17851.0,17851.0,1,1,17851.0,17851.0
2023-01-19,GZU3,17056.0,17057.0,16860.0,16860.0,15,7,254371.0,16859.0
2023-01-19,GZZ3,17024.0,18721.0,16977.0,17076.0,14,10,240709.0,17076.0
2023-01-19,HOH3,25090.0,25090.0,25000.0,25000.0,14,3,350180.0,25020.0
2023-01-19,HSH3,22260.0,22299.0,22104.0,22236.0,974,193,1904769.17,22279.0
2023-01-19,HSM3,22220.0,22220.0,22160.0,22169.0,23,9,44954.92,22171.0
2023-01-19,HSU3,23807.0,23807.0,22429.0,22432.0,15,5,30962.41,22433.0
2023-01-19,HSZ3,22388.0,22399.0,22388.0,22399.0,3,3,5916.28,22392.0
2023-01-19,HYH3,7702.0,7780.0,7623.0,7648.0,355,100,2727635.0,7648.0
2023-01-19,IRH3,34777.0,35347.0,34300.0,34367.0,154,85,5351764.0,34438.0
2023-01-19,IRM3,35300.0,35300.0,35300.0,35300.0,3,2,105900.0,35213.0
2023-01-19,JPH3,130.61,130.69,129.68,129.8,32,27,2233220.6,129.8
2023-01-19,JPM3,129.2,129.2,129.2,129.2,5,1,346378.75,129.7
2023-01-19,LKH3,40663.0,40762.0,40200.0,40238.0,6581,4437,265736642.0,40257.0
2023-01-19,LKM3,41601.0,41611.0,41120.0,41120.0,52,44,2147950.0,41158.0
2023-01-19,LKU3,41500.0,41500.0,40261.0,41301.0,3,3,123062.0,41301.0
2023-01-19,LKZ3,42799.0,42799.0,42799.0,42799.0,1,1,42799.0,42799.0
2023-01-19,MAH3,5999.0,6035.0,5999.0,6035.0,2,2,12034.0,6035.0
2023-01-19,MAM3,6077.0,6077.0,5883.0,5999.0,4,4,23859.0,5999.0
2023-01-19,MCH3,10709.0,10763.0,10436.0,10497.0,146,84,1537775.0,10565.0
2023-01-19,MEH3,10304.0,10318.0,10028.0,10048.0,2849,982,28919976.0,10035.0
2023-01-19,MEM3,10084.0,10113.0,9895.0,9895.0,39,36,388089.0,9895.0
2023-01-19,MGH3,34625.0,34875.0,34103.0,34104.0,224,164,7718666.0,34219.0
2023-01-19,MGM3,35217.0,35217.0,34616.0,34616.0,13,11,452937.0,34617.0
2023-01-19,MLH3,4820.0,4843.0,4720.0,4720.0,2506,528,11965354.0,4749.0
2023-01-19,MLM3,4899.0,4900.0,4824.0,4828.0,18,10,87174.0,4828.0
2023-01-19,MMH3,2214.25,2215.9,2173.5,2176.6,45619,12728,998191285.5,2175.2
2023-01-19,MMM3,2200.05,2200.05,2170.0,2175.05,103,74,2247306.5,2175.05
2023-01-19,MMU3,2205.2,2205.2,2169.95,2169.95,4,4,87855.5,2169.95
2023-01-19,MMZ3,2201.25,2201.25,2201.25,2201.25,1,1,22012.5,2201.25
2023-01-19,MMZ5,2193.85,2499.85,2193.85,2499.85,4,4,93874.0,2193.45
2023-01-19,MNH3,4662.0,4663.0,4514.0,4569.0,25354,3811,116375745.0,4569.0
2023-01-19,MNM3,4726.0,4726.0,4600.0,4645.0,265,110,1235498.0,4645.0
2023-01-19,MNU3,4758.0,4758.0,4758.0,4758.0,2,1,9516.0,4758.0
2023-01-19,MTH3,24142.0,24162.0,23854.0,23958.0,558,244,13412323.0,24045.0
2023-01-19,MTM3,24215.0,24400.0,24122.0,24400.0,5,5,121137.0,24367.0
2023-01-19,MTU3,24300.0,24300.0,24300.0,24300.0,1,1,24300.0,24300.0
2023-01-19,MXH3,221725.0,221925.0,217700.0,217825.0,15376,9813,3371811025.0,217825.0
2023-01-19,MXM3,220000.0,220000.0,217275.0,217700.0,63,57,13766200.0,217500.0
2023-01-19,MXZ3,224000.0,224000.0,224000.0,224000.0,1,1,224000.0,224000.0
2023-01-19,NAH3,11310.0,11335.0,11143.0,11146.0,36658,4538,282842341.21,11156.0
2023-01-19,NAM3,11241.0,11241.0,10702.0,11142.0,251,109,1920114.24,11142.0
2023-01-19,NAU3,11301.0,11593.0,11175.0,11279.0,13,13,101118.37,11280.0
2023-01-19,NAZ3,11440.0,11690.0,11294.0,11630.0,25,14,195820.86,11322.0
2023-01-19,NGF3,3.555,3.628,3.326,3.389,717625,215558,17040495724.01,3.388
2023-01-19,NGG3,3.518,3.56,3.371,3.43,184344,76992,4381463135.51,3.429
2023-01-19,NGH3,3.697,3.837,3.331,3.655,18433,9304,466271038.02,3.641
2023-01-19,NGJ3,3.88,3.945,3.742,3.841,928,568,24510783.98,3.841
2023-01-19,NGK3,4.068,4.295,4.0,4.092,228,162,6418991.39,4.092
2023-01-19,NGM3,4.225,4.37,4.21,4.302,103,82,3051583.35,4.302
2023-01-19,NKH3,105134.0,105134.0,102350.0,102350.0,534,469,55306308.0,102399.0
2023-01-19,NKM3,104964.0,104964.0,104000.0,104000.0,3,3,312964.0,104000.0
2023-01-19,NMH3,11282.0,11339.0,11157.0,11231.0,1644,792,18438427.0,11223.0
2023-01-19,NMM3,11454.0,11468.0,11380.0,11398.0,10,8,114130.0,11406.0
2023-01-19,OGH3,5604.0,5604.0,5604.0,5604.0,1,1,5604.0,5701.0
2023-01-19,OGM3,5547.0,6046.0,5547.0,6046.0,2,2,11593.0,5664.0
2023-01-19,OZH3,15750.0,15897.0,15599.0,15831.0,843,390,13304727.0,15797.0
2023-01-19,OZM3,16023.0,16054.0,16023.0,16054.0,9,7,144334.0,16058.0
2023-01-19,PDH3,1787.0,1795.0,1709.84,1737.89,496,256,59455487.11,1737.0
2023-01-19,PDM3,1877.9,1877.95,1818.01,1822.02,21,17,2676166.8,1830.0
2023-01-19,PHH3,6434.0,6434.0,6360.0,6404.0,298,44,1901466.0,6380.0
2023-01-19,PHM3,6579.0,6581.0,6579.0,6581.0,3,3,19740.0,6546.0
2023-01-19,PIH3,6133.0,6149.0,6059.0,6072.0,260,78,1584003.0,6077.0
2023-01-19,PIM3,6281.0,6282.0,6281.0,6282.0,2,2,12563.0,6223.0
2023-01-19,POH3,4180.0,4189.0,4056.0,4102.0,12965,2674,53235355.0,4102.0
2023-01-19,POM3,4263.0,4270.0,4150.0,4178.0,590,215,2463980.0,4186.0
2023-01-19,PSH3,1346.0,1380.0,1145.0,1360.0,428,35,540269.0,1360.0
2023-01-19,PSM3,1599.0,1599.0,1450.0,1450.0,11,3,16099.0,1384.0
2023-01-19,PTH3,1073.3,1073.3,1032.5,1044.0,979,434,70818124.18,1044.0
2023-01-19,PTM3,1095.5,1095.5,1048.2,1061.6,99,72,7226326.72,1061.6
2023-01-19,PZH3,82839.0,82854.0,81309.0,82144.0,630,531,51795935.0,82079.0
2023-01-19,PZM3,82638.0,83287.0,82638.0,83287.0,5,5,415603.0,83287.0
2023-01-19,RBH3,13018.0,13018.0,12953.0,12953.0,2,2,25971.0,12953.0
2023-01-19,RIH3,101340.0,101480.0,99110.0,99300.0,107394,67297,14769875768.26,99410.0
2023-01-19,RIM3,100650.0,100650.0,98480.0,98600.0,139,135,19000009.9,98700.0
2023-01-19,RIU3,100260.0,100260.0,98200.0,98220.0,6,6,815467.3,98220.0
2023-01-19,RIZ3,97840.0,97840.0,97830.0,97830.0,2,2,269281.06,97830.0
2023-01-19,RLH3,4207.0,4207.0,4050.0,4091.0,2199,383,9033959.0,4084.0
2023-01-19,RLM3,4149.0,4149.0,4112.0,4112.0,2,2,8261.0,4139.0
2023-01-19,RMH3,1013.0,1015.5,992.0,996.0,21378,7705,294658197.7,995.5
2023-01-19,RMM3,1001.5,1003.5,986.5,989.0,175,127,2389994.98,988.0
2023-01-19,RMU3,973.5,1017.5,973.5,1004.5,7,7,96464.89,1004.5
2023-01-19,RNH3,35055.0,35055.0,34253.0,34347.0,2408,1543,83224603.0,34385.0
2023-01-19,RNM3,35518.0,35518.0,34929.0,35220.0,11,11,387206.0,35042.0
2023-01-19,RNU3,35000.0,35000.0,35000.0,35000.0,1,1,35000.0,35000.0
2023-01-19,RTH3,5806.0,5816.0,5639.0,5714.0,289,134,1651532.0,5709.0
2023-01-19,RTM3,5922.0,5923.0,5748.0,5779.0,16,10,93575.0,5780.0
2023-01-19,SAH3,30.25,30.25,29.76,30.01,3,3,91460.32,30.01
2023-01-19,SEH3,1550.0,1566.0,1470.0,1471.0,1052,205,1580136.0,1471.0
2023-01-19,SEM3,1669.0,1669.0,1371.0,1371.0,2,2,3040.0,1404.0
2023-01-19,SFH3,388.74,388.87,383.68,384.91,65605,13656,1741349542.42,384.75
2023-01-19,SFM3,386.85,386.85,382.5,383.61,1267,660,33485042.84,383.61
2023-01-19,SFU3,388.61,388.61,380.0,380.91,71,31,1868859.04,380.93
2023-01-19,SFZ3,393.5,393.5,382.3,384.5,17,12,451928.27,384.5
2023-01-19,SGH3,27069.0,27269.0,26719.0,26720.0,332,216,8938216.0,26802.0
2023-01-19,SGM3,27853.0,27853.0,27604.0,27604.0,3,2,83061.0,27384.0
2023-01-19,SNH3,22306.0,22410.0,21900.0,22054.0,1842,658,40757966.0,22016.0
2023-01-19,SNM3,22821.0,22821.0,22470.0,22470.0,8,6,180542.0,22470.0
2023-01-19,SOH3,4528.0,4528.0,4457.0,4460.0,225,79,1007096.0,4460.0
2023-01-19,SPH3,15274.0,15288.0,14958.0,15024.0,6564,3266,99184329.0,15034.0
2023-01-19,SPM3,15222.0,15335.0,15077.0,15080.0,31,15,472074.0,15080.0
2023-01-19,SRH3,15404.0,15437.0,15050.0,15123.0,289295,70132,4402771942.0,15137.0
2023-01-19,SRM3,15485.0,15507.0,15152.0,15272.0,3050,1495,46652915.0,15246.0
2023-01-19,SRU3,15770.0,15813.0,15510.0,15579.0,125,73,1958412.0,15579.0
2023-01-19,SRZ3,16067.0,16078.0,15788.0,15964.0,29,21,462188.0,15964.0
2023-01-19,SSH3,2518.0,2536.0,2500.0,2500.0,510,64,1281869.0,2500.0
2023-01-19,SVH3,23.77,23.8,23.2,23.47,80365,15769,1293882139.68,23.47
2023-01-19,SVM3,23.96,23.96,23.5,23.76,1990,999,32385273.67,23.76
2023-01-19,SVU3,24.4,24.4,23.93,24.22,64,31,1063088.54,24.22
2023-01-19,SVZ3,24.89,25.29,24.32,24.84,18,10,306555.88,24.84
2023-01-19,SXH3,3968.0,4001.0,3940.1,3970.0,750,76,2226516.0,3971.0
2023-01-19,SXM3,3879.5,3879.5,3879.5,3879.5,2,2,5776.58,3925.4
2023-01-19,SXU3,3800.0,3800.0,3670.3,3670.3,2,2,5561.64,3906.8
2023-01-19,SiH3,69184.0,69620.0,69150.0,69423.0,704841,196903,48924246285.0,69379.0
2023-01-19,SiM3,69825.0,70240.0,69819.0,70175.0,12462,5685,873378599.0,70111.0
2023-01-19,SiU3,71345.0,71598.0,71345.0,71579.0,104,76,7438583.0,71535.0
2023-01-19,SiZ3,72951.0,73079.0,72950.0,73073.0,20,14,1460878.0,73067.0
2023-01-19,TIH3,27067.0,27094.0,26542.0,26676.0,681,486,18266275.0,26701.0
2023-01-19,TIM3,27523.0,27523.0,27523.0,27523.0,1,1,27523.0,27236.0
2023-01-19,TTH3,34379.0,34428.0,33751.0,33921.0,504,293,17143676.0,33815.0
2023-01-19,TTM3,35150.0,35150.0,34490.0,34500.0,20,13,694488.0,34500.0
2023-01-19,USDRUBF,68.78,69.08,68.76,68.95,9942,3039,685286780.0,68.81
2023-01-19,VBH3,1701.0,1705.0,1670.0,1672.0,137056,11284,230522699.0,1674.0
2023-01-19,VBM3,1733.0,1734.0,1700.0,1705.0,1987,696,3403842.0,1705.0
2023-01-19,VBU3,1777.0,1777.0,1752.0,1769.0,31,20,54650.0,1763.0
2023-01-19,VIF3,36.2,37.45,35.05,35.7,8,8,39827.29,36.57
2023-01-19,W4F3,15030.0,15040.0,15030.0,15040.0,2,2,30070.0,15040.0
2023-01-19,W4G3,15300.0,15330.0,15090.0,15090.0,6,5,91480.0,15090.0
2023-01-19,W4M3,16290.0,16290.0,16290.0,16290.0,1,1,16290.0,15820.0
2023-01-19,YNH3,19338.0,19377.0,18970.0,19100.0,3866,2108,73876048.0,19086.0
2023-01-19,YNM3,19682.0,19682.0,19308.0,19387.0,74,60,1438675.0,19410.0
2023-01-19,YNU3,19742.0,19909.0,19625.0,19718.0,26,22,513256.0,19718.0
2023-01-20,AFH3,2755.0,2758.0,2706.0,2730.0,3976,520,10857416.0,2730.0
2023-01-20,AFM3,2780.0,2795.0,2753.0,2780.0,63,27,174666.0,2776.0
2023-01-20,AKH3,12294.0,12427.0,12209.0,12309.0,745,276,9154982.0,12309.0
2023-01-20,AKM3,12671.0,12671.0,12410.0,12447.0,22,7,275561.0,12522.0
2023-01-20,ALH3,6096.0,6134.0,6070.0,6088.0,3764,831,22928268.0,6088.0
2023-01-20,ALM3,6212.0,6233.0,6192.0,6205.0,45,25,279344.0,6205.0
2023-01-20,ALU3,6330.0,6330.0,6330.0,6330.0,1,1,6330.0,6330.0
2023-01-20,AUH3,0.6924,0.6924,0.6914,0.6914,2,2,95222.46,0.6943
2023-01-20,BRF4,95.22,95.22,95.2,95.2,4,3,262057.88,95.2
2023-01-20,BRG3,87.22,88.54,86.38,87.51,146065,59004,8809115231.87,87.58
2023-01-20,BRH3,89.06,90.08,88.46,89.47,6480,4694,398827316.96,89.55
2023-01-20,BRJ3,91.47,92.6,91.05,92.12,165,145,10444661.25,92.12
2023-01-20,BRK3,93.86,95.29,93.53,94.61,111,81,7228842.24,94.66
2023-01-20,BRM3,94.53,94.8,94.52,94.7,8,8,520496.24,94.7
2023-01-20,BRN3,92.27,93.7,92.27,93.7,3,3,192447.37,93.7
2023-01-20,BRQ3,93.63,93.65,93.63,93.65,8,2,515445.44,93.65
2023-01-20,BRX3,94.4,94.4,93.0,93.0,3,3,193011.62,93.92
2023-01-20,BRZ3,93.83,93.83,93.83,93.83,2,2,129133.16,93.99
2023-01-20,CHH3,88304.0,89045.0,87143.0,87887.0,94,88,8283025.0,87887.0
2023-01-20,CHM3,90118.0,90118.0,89000.0,89000.0,3,3,268118.0,89000.0
2023-01-20,CNYRUBF,10.14,10.15,10.1,10.13,12864,923,130226580.0,10.12
2023-01-20,CRH3,10.179,10.197,10.141,10.177,877956,38405,8931076817.0,10.179
2023-01-20,CRM3,10.323,10.343,10.292,10.323,6548,1079,67562096.0,10.324
2023-01-20,CRM4,11.1,11.1,11.087,11.087,6,2,66587.0,11.293
2023-01-20,CRU3,10.528,10.572,10.45,10.533,107,51,1126070.0,10.533
2023-01-20,CRZ3,10.602,10.73,10.6,10.711,14,9,149533.0,10.709
2023-01-20,CSH3,5487.0,5487.0,5487.0,5487.0,1,1,5487.0,5494.0
2023-01-20,DYH3,6699.0,6734.0,6647.0,6671.0,62,46,414673.0,6671.0
2023-01-20,EDH3,1.0682,1.073,1.0677,1.0711,26789,9102,1974347309.75,1.0711
2023-01-20,EDM3,1.06,1.064,1.06,1.0635,523,354,38229795.05,1.0628
2023-01-20,EDU3,1.0602,1.0636,1.0602,1.062,30,7,2192676.34,1.0485
2023-01-20,EURRUBF,74.45,74.59,73.98,74.59,3239,1032,240480820.0,74.57
2023-01-20,EuH3,74095.0,74457.0,73861.0,74337.0,36211,12797,2684957632.0,74300.0
2023-01-20,EuM3,74173.0,74557.0,74038.0,74463.0,671,315,49847208.0,74433.0
2023-01-20,EuU3,75417.0,75418.0,75417.0,75418.0,2,2,150835.0,75418.0
2023-01-20,EuZ3,76141.0,76141.0,76141.0,76141.0,1,1,76141.0,76400.0
2023-01-20,FNH3,6800.0,6800.0,6800.0,6800.0,2,2,13600.0,6799.0
2023-01-20,FSH3,8578.0,8666.0,8509.0,8518.0,110,43,944084.0,8518.0
2023-01-20,FVH3,15343.0,15359.0,15172.0,15199.0,350,172,5339271.0,15239.0
2023-01-20,FVM3,15559.0,15653.0,15532.0,15594.0,30,14,466694.0,15552.0
2023-01-20,GDH3,1909.3,1934.0,1906.2,1924.2,133914,47749,17723347613.28,1925.0
2023-01-20,GDM3,1903.4,1930.1,1903.0,1921.5,3273,2017,432351528.76,1922.1
2023-01-20,GDU3,1915.0,1938.9,1914.0,1928.4,42,36,5561382.57,1928.4
2023-01-20,GDZ3,1918.0,1934.0,1918.0,1926.0,36,26,4770557.21,1926.0
2023-01-20,GKH3,15337.0,15429.0,15190.0,15332.0,14710,5978,224977039.0,15354.0
2023-01-20,GKM3,15349.0,15574.0,15270.0,15391.0,32,25,492917.0,15391.0
2023-01-20,GUH3,1.235,1.2371,1.2312,1.2352,21,8,1780759.04,1.2352
2023-01-20,GZH3,16274.0,16328.0,16009.0,16052.0,59004,16918,951590529.0,16057.0
2023-01-20,GZH5,17877.0,17877.0,17877.0,17877.0,1,1,17877.0,18022.0
2023-01-20,GZM3,16576.0,16621.0,16316.0,16352.0,277,215,4552891.0,16359.0
2023-01-20,GZU3,16690.0,16718.0,16657.0,16657.0,10,5,166891.0,16657.0
2023-01-20,GZU4,17958.0,17959.0,17956.0,17956.0,9,5,161617.0,17956.0
2023-01-20,GZZ3,16960.0,16960.0,16544.0,16544.0,3,3,50181.0,16544.0
2023-01-20,HOH3,25010.0,25010.0,24800.0,25000.0,4,4,99810.0,24990.0
2023-01-20,HSH3,22286.0,22720.0,22150.0,22506.0,1706,451,3372822.69,22508.0
2023-01-20,HSM3,22831.0,22831.0,22831.0,22831.0,1,1,2005.02,22249.0
2023-01-20,HSU3,23699.0,23711.0,23699.0,23711.0,20,3,41639.05,22504.0
2023-01-20,HYH3,7629.0,7697.0,7614.0,7670.0,227,58,1741849.0,7676.0
2023-01-20,IRH3,34309.0,34651.0,34309.0,34593.0,61,32,2099725.0,34589.0
2023-01-20,JPH3,129.83,131.92,129.83,131.92,18,16,1259162.03,131.89
2023-01-20,JPM3,129.15,132.99,128.65,130.0,17,4,1173021.73,131.0
2023-01-20,LKH3,40251.0,40409.0,39704.0,39873.0,6030,3973,241207920.0,39909.0
2023-01-20,LKM3,41160.0,41224.0,40611.0,40828.0,43,39,1758926.0,40806.0
2023-01-20,MCH3,10533.0,10668.0,10423.0,10596.0,81,46,850944.0,10593.0
2023-01-20,MCM3,10905.0,10905.0,10118.0,10843.0,4,4,41984.0,10841.0
2023-01-20,MEH3,10042.0,10150.0,10000.0,10150.0,2024,697,20386917.0,10147.0
2023-01-20,MEM3,9921.0,9997.0,9894.0,9997.0,22,14,218030.0,9997.0
2023-01-20,MGH3,34171.0,34301.0,33763.0,33960.0,255,171,8666135.0,33952.0
2023-01-20,MGM3,34510.0,34510.0,34436.0,34436.0,5,5,172772.0,34436.0
2023-01-20,MLH3,4734.0,4774.0,4677.0,4756.0,1698,389,8023700.0,4761.0
2023-01-20,MLM3,4816.0,4828.0,4770.0,4828.0,20,11,95931.0,4844.0
2023-01-20,MMH3,2179.35,2186.8,2163.0,2178.8,27660,8610,601577880.0,2178.15
2023-01-20,MMM3,2171.7,2187.0,2159.95,2172.65,151,80,3280972.0,2175.65
2023-01-20,MMU3,2176.0,2176.0,2158.65,2158.65,5,5,108399.0,2175.25
2023-01-20,MMZ3,2153.45,2153.45,2153.45,2153.45,1,1,21534.5,2188.6
2023-01-20,MMZ4,2418.9,2445.2,2400.55,2400.55,11,7,268149.0,2407.15
2023-01-20,MNH3,4570.0,4619.0,4530.0,4612.0,9574,1791,43796870.0,4594.0
2023-01-20,MNM3,4637.0,4687.0,4617.0,4677.0,61,47,283309.0,4677.0
2023-01-20,MNU3,4725.0,4725.0,4700.0,4700.0,25,4,117950.0,4700.0
2023-01-20,MTH3,24022.0,24209.0,23861.0,24192.0,683,302,16424961.0,24165.0
2023-01-20,MTM3,24399.0,24399.0,24399.0,24399.0,3,3,73197.0,24399.0
2023-01-20,MTU3,24300.0,24300.0,24300.0,24300.0,1,1,24300.0,24300.0
2023-01-20,MXH3,218025.0,219075.0,216600.0,218250.0,11347,7338,2472096550.0,218225.0
2023-01-20,MXM3,217225.0,218200.0,217000.0,217600.0,28,25,6083675.0,217600.0
2023-01-20,MXZ3,224975.0,225000.0,224975.0,225000.0,2,2,449975.0,215025.0
2023-01-20,NAH3,11146.0,11280.0,11125.0,11249.0,20079,3049,154980752.42,11248.0
2023-01-20,NAM3,11131.0,11192.0,11116.0,11172.0,223,94,1709165.16,11172.0
2023-01-20,NAU3,11327.0,11327.0,11327.0,11327.0,1,1,7794.34,11327.0
2023-01-20,NAZ3,11543.0,11549.0,11306.0,11306.0,4,3,31449.83,11306.0
2023-01-20,NGF3,3.382,3.458,3.237,3.385,586320,164437,13453608846.51,3.393
2023-01-20,NGG3,3.425,3.46,3.317,3.377,169967,61787,3954902682.07,3.38
2023-01-20,NGH3,3.637,3.7,3.521,3.629,9031,4475,223494484.81,3.628
2023-01-20,NGJ3,3.842,3.945,3.76,3.852,630,286,16648124.78,3.852
2023-01-20,NGK3,4.062,4.104,3.994,4.102,119,96,3309403.66,4.101
2023-01-20,NGM3,4.302,4.368,4.25,4.35,59,50,1752449.73,4.35
2023-01-20,NKH3,102350.0,103843.0,101938.0,103675.0,290,255,29857619.0,103741.0
2023-01-20,NKM3,104441.0,104510.0,104000.0,104000.0,4,4,417461.0,104000.0
2023-01-20,NMH3,11239.0,11322.0,11180.0,11290.0,1640,934,18489085.0,11292.0
2023-01-20,NMM3,11446.0,11452.0,11400.0,11452.0,24,5,274707.0,11452.0
2023-01-20,NMU3,11795.0,11795.0,11139.0,11749.0,7,5,80623.0,11749.0
2023-01-20,OGH3,5701.0,5701.0,5655.0,5655.0,3,3,17056.0,5656.0
2023-01-20,OGM3,5158.0,6038.0,5158.0,6038.0,4,2,22392.0,5619.0
2023-01-20,OZH3,15761.0,15933.0,15502.0,15800.0,1357,523,21346241.0,15799.0
2023-01-20,OZM3,15886.0,16020.0,15886.0,16019.0,4,3,63944.0,16045.0
2023-01-20,PDH3,1737.0,1799.88,1737.0,1772.99,168,138,20489212.72,1772.99
2023-01-20,PDM3,1835.0,1858.23,1835.0,1858.23,4,4,508189.0,1858.23
2023-01-20,PHH3,6393.0,6393.0,6349.0,6370.0,71,27,451915.0,6373.0
2023-01-20,PIH3,6071.0,6095.0,6030.0,6077.0,85,26,516129.0,6071.0
2023-01-20,PIM3,5987.0,5987.0,5987.0,5987.0,2,1,11974.0,6050.0
2023-01-20,POH3,4084.0,4180.0,4081.0,4149.0,8410,1738,34769284.0,4141.0
2023-01-20,POM3,4180.0,4262.0,4180.0,4227.0,262,121,1103645.0,4230.0
2023-01-20,PSH3,1360.0,1400.0,1310.0,1400.0,101,23,137281.0,1383.0
2023-01-20,PTH3,1043.9,1065.4,1042.9,1065.2,627,294,45466578.42,1064.3
2023-01-20,PTM3,1065.4,1069.3,1060.7,1069.3,15,7,1099111.3,1074.8
2023-01-20,PZH3,82017.0,82933.0,81983.0,82748.0,470,372,38755747.0,82682.0
2023-01-20,PZM3,83235.0,83235.0,83235.0,83235.0,1,1,83235.0,83250.0
2023-01-20,RBH3,13020.0,13020.0,13020.0,13020.0,4,2,52080.0,13013.0
2023-01-20,RIH3,99280.0,100200.0,98720.0,99280.0,83470,54580,11418657434.98,99290.0
2023-01-20,RIM3,98500.0,99870.0,98340.0,98960.0,430,374,58741282.24,98960.0
2023-01-20,RIU3,98960.0,98960.0,97800.0,98650.0,5,5,677582.92,98650.0
2023-01-20,RIZ3,98450.0,98450.0,98000.0,98000.0,3,3,405856.12,98000.0
2023-01-20,RLH3,4085.0,4128.0,4063.0,4126.0,468,129,1915262.0,4113.0
2023-01-20,RLM3,4178.0,4187.0,4178.0,4187.0,12,2,50154.0,4187.0
2023-01-20,RMH3,996.0,1003.0,988.5,994.5,13814,5545,189234690.99,994.0
2023-01-20,RMM3,987.0,997.5,985.0,990.0,207,106,2822845.86,990.0
2023-01-20,RMU3,971.0,972.0,971.0,972.0,2,2,26740.46,973.0
2023-01-20,RNH3,34367.0,34524.0,33878.0,34180.0,1661,1043,56703874.0,34155.0
2023-01-20,RNM3,34903.0,34912.0,34466.0,34692.0,21,15,729172.0,34692.0
2023-01-20,RNM4,35501.0,35501.0,35501.0,35501.0,2,2,71002.0,35500.0
2023-01-20,RNU3,34500.0,34500.0,34450.0,34450.0,2,2,68950.0,34450.0
2023-01-20,RNU4,36202.0,36666.0,36202.0,36666.0,7,3,256198.0,36664.0
2023-01-20,RTH3,5709.0,5711.0,5659.0,5689.0,184,88,1045254.0,5689.0
2023-01-20,RTM3,5779.0,5809.0,5779.0,5809.0,21,11,121959.0,5809.0
2023-01-20,SEH3,1453.0,1639.0,1451.0,1599.0,1540,271,2412131.0,1599.0
2023-01-20,SEM3,1596.0,1596.0,1596.0,1596.0,1,1,1596.0,1596.0
2023-01-20,SFH3,384.68,386.9,384.1,386.3,40464,8548,1073552303.73,386.08
2023-01-20,SFM3,383.16,385.2,382.98,384.81,405,249,10707800.25,384.81
2023-01-20,SFU3,383.72,383.73,382.21,383.72,7,6,184562.04,383.72
2023-01-20,SGH3,26773.0,27025.0,26675.0,27005.0,131,90,3515504.0,26991.0
2023-01-20,SNH3,22066.0,22097.0,21816.0,21927.0,1343,466,29480520.0,21972.0
2023-01-20,SNM3,22465.0,22465.0,22396.0,22396.0,5,5,112064.0,22424.0
2023-01-20,SOH3,4464.0,4465.0,4387.0,4414.0,786,130,3468108.0,4414.0
2023-01-20,SOM3,4521.0,4584.0,4495.0,4495.0,7,6,31789.0,4495.0
2023-01-20,SPH3,15009.0,15082.0,14920.0,15054.0,6175,3309,92603704.0,15017.0
2023-01-20,SPM3,15047.0,15160.0,15047.0,15077.0,14,11,211026.0,15077.0
2023-01-20,SRH3,15144.0,15282.0,15022.0,15220.0,223876,56252,3390287026.0,15205.0
2023-01-20,SRM3,15256.0,15391.0,15152.0,15325.0,3062,1133,46686764.0,15325.0
2023-01-20,SRU3,15545.0,15902.0,15530.0,15658.0,122,90,1909842.0,15643.0
2023-01-20,SRZ3,15904.0,16100.0,15870.0,16017.0,35,14,559247.0,16017.0
2023-01-20,SSH3,2486.0,2505.0,2469.0,2479.0,212,58,526400.0,2483.0
2023-01-20,SVH3,23.49,23.94,23.42,23.7,56701,13015,925158388.74,23.71
2023-01-20,SVM3,23.72,24.14,23.7,23.97,995,649,16399883.87,23.94
2023-01-20,SVU3,24.22,24.49,24.22,24.46,20,12,334909.45,24.46
2023-01-20,SVZ3,24.69,26.4,24.69,25.11,110,42,1934871.27,25.14
2023-01-20,SXH3,3972.0,4041.9,3972.0,3995.0,294,69,876100.52,3995.0
2023-01-20,SXM3,3891.0,3891.0,3891.0,3891.0,7,1,20313.37,3885.0
2023-01-20,SiH3,69445.0,69615.0,69020.0,69454.0,792107,208364,54896152785.0,69467.0
2023-01-20,SiH4,73931.0,74426.0,73311.0,74161.0,12,12,887163.0,74161.0
2023-01-20,SiM3,70187.0,70331.0,69797.0,70188.0,10655,5298,746478084.0,70177.0
2023-01-20,SiU3,71329.0,71568.0,71159.0,71568.0,109,82,7775124.0,71511.0
2023-01-20,SiZ3,72900.0,73055.0,72675.0,73055.0,10,10,729138.0,73055.0
2023-01-20,TIH3,26649.0,27258.0,26566.0,27130.0,465,275,12529841.0,27054.0
2023-01-20,TIM3,27584.0,27584.0,27584.0,27584.0,1,1,27584.0,27584.0
2023-01-20,TNH3,87420.0,87420.0,87000.0,87000.0,2,2,174420.0,87000.0
2023-01-20,TTH3,33837.0,33964.0,33678.0,33805.0,430,232,14538372.0,33775.0
2023-01-20,TTM3,34591.0,34591.0,34498.0,34498.0,2,2,69089.0,34435.0
2023-01-20,TTU3,35280.0,35284.0,32461.0,35199.0,5,5,170689.0,35100.0
2023-01-20,USDRUBF,68.98,69.0,68.58,68.81,11061,3367,761028340.0,68.82
2023-01-20,VBH3,1675.0,1694.0,1670.0,1688.0,80949,8045,136166423.0,1688.0
2023-01-20,VBM3,1705.0,1719.0,1691.0,1712.0,1553,441,2646838.0,1712.0
2023-01-20,VBU3,1767.0,1778.0,1754.0,1774.0,105,29,185093.0,1770.0
2023-01-20,VIG3,38.6,39.6,36.9,37.7,63,36,324945.5,37.65
2023-01-20,W4F3,15070.0,15250.0,15050.0,15250.0,22,16,333310.0,15190.0
2023-01-20,W4G3,15290.0,15290.0,15140.0,15250.0,9,9,136840.0,15250.0
2023-01-20,W4H3,15320.0,15370.0,15280.0,15280.0,5,5,76570.0,15270.0
2023-01-20,YNH3,19100.0,19339.0,18941.0,19249.0,4446,2327,85036465.0,19297.0
2023-01-20,YNM3,19401.0,19478.0,19002.0,19477.0,263,206,5085398.0,19463.0
2023-01-20,YNU3,19586.0,19715.0,19510.0,19715.0,7,6,137041.0,19715.0
2023-01-23,AFH3,2735.0,2798.0,2723.0,2772.0,3692,484,10224562.0,2785.0
2023-01-23,AFM3,2779.0,2828.0,2772.0,2826.0,34,18,95372.0,2826.0
2023-01-23,AFU3,2910.0,2927.0,2910.0,2927.0,3,2,8747.0,2927.0
2023-01-23,AKH3,12330.0,12601.0,12310.0,12402.0,864,324,10816344.0,12403.0
2023-01-23,AKM3,12833.0,12833.0,12833.0,12833.0,8,2,102664.0,12689.0
2023-01-23,ALH3,6089.0,6256.0,6075.0,6211.0,8396,1760,51884909.0,6203.0
2023-01-23,ALM3,6214.0,6359.0,6214.0,6316.0,425,123,2663448.0,6316.0
2023-01-23,ALU3,6350.0,6752.0,6206.0,6485.0,31,17,197836.0,6479.0
2023-01-23,AUH3,0.6999,0.6999,0.6999,0.6999,1,1,48235.71,0.7008
2023-01-23,BRF4,96.52,97.2,96.52,97.16,12,3,802894.73,97.16
2023-01-23,BRG3,87.5,89.49,87.5,89.2,122637,48681,7505487789.16,89.16
2023-01-23,BRH3,89.65,91.0,89.58,90.59,5936,4155,370097931.63,90.66
2023-01-23,BRJ3,92.38,93.32,92.28,93.07,235,147,15046501.4,93.01
2023-01-23,BRK3,95.01,95.89,95.01,95.5,121,96,7969670.59,95.5
2023-01-23,BRM3,95.35,95.72,94.99,95.19,20,18,1315844.5,95.19
2023-01-23,BRN3,94.49,94.6,94.28,94.3,12,7,780220.67,94.3
2023-01-23,BRQ3,93.97,95.22,92.92,95.0,10,10,650255.11,95.0
2023-01-23,BRU3,95.39,95.39,95.39,95.39,1,1,65740.88,95.39
2023-01-23,BRV3,95.97,96.0,95.97,96.0,2,2,132301.88,96.0
2023-01-23,BRZ3,95.85,95.85,95.85,95.85,1,1,66057.9,95.85
2023-01-23,CAH3,1.3423,1.3511,1.3177,1.3399,203,7,13884928.34,1.338
2023-01-23,CFH3,0.9158,0.9158,0.9158,0.9158,1,1,68494.15,0.9181
2023-01-23,CHH3,88023.0,88630.0,87397.0,88219.0,98,68,8638612.0,88231.0
2023-01-23,CHM3,88418.0,89418.0,88418.0,89418.0,3,3,267236.0,89418.0
2023-01-23,CNYRUBF,10.13,10.16,10.08,10.13,14444,1122,146160160.0,10.13
2023-01-23,CRH3,10.183,10.208,10.117,10.197,1267058,62402,12880464777.0,10.193
2023-01-23,CRM3,10.326,10.353,10.266,10.341,9304,1362,95948311.0,10.338
2023-01-23,CRM4,11.439,11.439,11.255,11.255,11,6,125645.0,11.4
2023-01-23,CRU3,10.523,10.555,10.503,10.503,626,23,6585775.0,10.517
2023-01-23,CRZ3,10.602,10.602,10.602,10.602,1,1,10602.0,10.617
2023-01-23,DYH3,6671.0,6695.0,6581.0,6650.0,82,29,546362.0,6680.0
2023-01-23,EDH3,1.0711,1.0826,1.0708,1.077,68336,23855,5079087847.4,1.0767
2023-01-23,EDM3,1.0629,1.0727,1.0625,1.0667,860,501,63292947.5,1.0667
2023-01-23,EDU3,1.063,1.0631,1.063,1.063,5,3,366306.05,1.063
2023-01-23,EURRUBF,74.46,74.95,74.45,74.79,1716,943,128266480.0,74.67
2023-01-23,EuH3,74313.0,74966.0,74225.0,74886.0,69749,23441,5203684105.0,74860.0
2023-01-23,EuM3,74440.0,75009.0,74365.0,74890.0,1643,671,122722529.0,74890.0
2023-01-23,EuU3,75555.0,76050.0,75555.0,75750.0,18,16,1364653.0,75750.0
2023-01-23,EuZ3,76789.0,76800.0,76789.0,76800.0,2,2,153589.0,76800.0
2023-01-23,FNM3,6907.0,6907.0,6907.0,6907.0,1,1,6907.0,6754.0
2023-01-23,FSH3,8526.0,8607.0,8526.0,8567.0,55,27,471344.0,8567.0
2023-01-23,FSM3,8701.0,8701.0,8700.0,8700.0,5,4,43502.0,8700.0
2023-01-23,FVH3,15166.0,15486.0,15148.0,15400.0,776,314,11926203.0,15391.0
2023-01-23,FVM3,15527.0,15737.0,15021.0,15665.0,63,43,980795.0,15665.0
2023-01-23,GDH3,1925.1,1930.5,1908.5,1918.0,102220,33701,13532511632.25,1917.3
2023-01-23,GDM3,1923.7,1927.4,1904.5,1914.5,2143,1184,283313897.13,1912.9
2023-01-23,GDU3,1929.6,1939.9,1910.9,1920.0,95,66,12634020.24,1920.0
2023-01-23,GDZ3,1933.6,1933.9,1917.0,1917.6,18,16,2387526.29,1917.6
2023-01-23,GKH3,15340.0,15345.0,14425.0,15146.0,27633,9741,415085837.0,15144.0
2023-01-23,GKM3,15338.0,15338.0,14762.0,15078.0,236,145,3544119.0,15078.0
2023-01-23,GKU3,15048.0,15579.0,14577.0,14881.0,9,9,134138.0,14900.0
2023-01-23,GUH3,1.2375,1.2416,1.2283,1.2283,63,24,5368312.64,1.2287
2023-01-23,GZH3,16052.0,16231.0,15984.0,16149.0,54353,17134,875476372.0,16143.0
2023-01-23,GZH5,18023.0,18023.0,18023.0,18023.0,1,1,18023.0,18023.0
2023-01-23,GZM3,16333.0,16508.0,16290.0,16416.0,348,241,5700282.0,16442.0
2023-01-23,GZM4,17050.0,17788.0,16962.0,17788.0,3,3,51800.0,17788.0
2023-01-23,GZU3,16597.0,16648.0,16264.0,16648.0,47,23,775957.0,16647.0
2023-01-23,GZU4,17526.0,17526.0,17525.0,17525.0,2,2,35051.0,17761.0
2023-01-23,GZZ3,16545.0,17334.0,16545.0,17334.0,6,4,102023.0,16833.0
2023-01-23,HOH3,24720.0,24720.0,24700.0,24710.0,7,6,172970.0,24920.0
2023-01-23,HOM3,25010.0,25010.0,24990.0,24990.0,2,2,50000.0,25400.0
2023-01-23,HOU3,24900.0,24900.0,24900.0,24900.0,1,1,24900.0,25540.0
2023-01-23,HSH3,22510.0,23144.0,22461.0,22800.0,1554,285,3111724.76,22800.0
2023-01-23,HSM3,22831.0,23445.0,22190.0,23445.0,125,13,252970.9,23445.0
2023-01-23,HSU3,23710.0,23710.0,22770.0,22770.0,4,4,8163.74,22770.0
2023-01-23,HSZ3,23999.0,24500.0,22426.0,22800.0,26,15,53855.51,22810.0
2023-01-23,HYH3,7660.0,7766.0,7647.0,7761.0,410,115,3162072.0,7752.0
2023-01-23,HYM3,7861.0,7903.0,7861.0,7903.0,45,17,355383.0,7903.0
2023-01-23,IRH3,34502.0,34682.0,34278.0,34646.0,85,48,2935938.0,34575.0
2023-01-23,IRM3,35263.0,35389.0,35263.0,35389.0,10,9,353419.0,35325.0
2023-01-23,JPH3,131.12,132.29,131.11,132.28,32,28,2240044.68,132.28
2023-01-23,JPM3,132.92,133.2,132.92,133.2,11,5,777594.17,133.2
2023-01-23,LKH3,39933.0,40300.0,39800.0,40127.0,6323,4235,253479924.0,39999.0
2023-01-23,LKM3,40710.0,41124.0,40710.0,40857.0,346,290,14160732.0,40850.0
2023-01-23,LKU3,37002.0,41497.0,37002.0,39901.0,9,9,359075.0,39902.0
2023-01-23,MAH3,6000.0,6000.0,6000.0,6000.0,1,1,6000.0,6000.0
2023-01-23,MCH3,10651.0,10678.0,10485.0,10490.0,109,75,1151813.0,10490.0
2023-01-23,MEH3,10146.0,10261.0,10101.0,10169.0,1379,574,14052529.0,10178.0
2023-01-23,MEM3,10000.0,10155.0,9973.0,10099.0,14,9,141271.0,10086.0
2023-01-23,MGH3,33950.0,34530.0,33832.0,34170.0,283,211,9648481.0,34191.0
2023-01-23,MGM3,34311.0,34675.0,34197.0,34675.0,12,9,412562.0,34675.0
2023-01-23,MLH3,4758.0,4878.0,4724.0,4868.0,3136,671,15103347.0,4857.0
2023-01-23,MLM3,4830.0,4955.0,4816.0,4942.0,8,6,38982.0,4942.0
2023-01-23,MMH3,2179.15,2203.4,2173.0,2196.25,30781,9029,675059525.0,2195.7
2023-01-23,MMM3,2174.25,2200.0,2174.2,2200.0,126,86,2758831.0,2196.1
2023-01-23,MMU3,2176.05,2208.95,2176.05,2179.75,5,5,109727.5,2179.75
2023-01-23,MNH3,4608.0,4686.0,4589.0,4679.0,9379,1717,43669439.0,4678.0
2023-01-23,MNM3,4670.0,4760.0,4670.0,4760.0,199,90,939872.0,4759.0
2023-01-23,MTH3,24113.0,24300.0,24113.0,24277.0,149,93,3610213.0,24220.0
2023-01-23,MTM3,24450.0,24500.0,24450.0,24500.0,3,3,73444.0,24500.0
2023-01-23,MXH3,218250.0,220700.0,217650.0,220025.0,12190,7541,2677101525.0,219950.0
2023-01-23,MXM3,217750.0,219500.0,217750.0,219225.0,42,36,9204450.0,219125.0
2023-01-23,MXZ3,229225.0,229225.0,229225.0,229225.0,10,3,2292250.0,216575.0
2023-01-23,NAH3,11260.0,11435.0,11241.0,11419.0,54388,4597,424718743.86,11427.0
2023-01-23,NAM3,11180.0,11319.0,11129.0,11250.0,166,83,1278384.1,11250.0
2023-01-23,NAU3,11404.0,11406.0,11271.0,11406.0,19,11,148242.65,11406.0
2023-01-23,NAZ3,11543.0,11610.0,11015.0,11300.0,29,23,225552.05,11270.0
2023-01-23,NGF3,3.39,3.569,3.205,3.449,887791,228377,21001549316.44,3.439
2023-01-23,NGG3,3.378,3.44,3.268,3.354,235084,82556,5457570336.99,3.348
2023-01-23,NGH3,3.63,3.67,3.504,3.558,11393,5604,281800139.56,3.546
2023-01-23,NGJ3,3.885,3.92,3.725,3.774,644,352,16958790.03,3.774
2023-01-23,NGK3,4.099,4.172,4.013,4.07,202,128,5672557.68,4.07
2023-01-23,NGM3,4.35,4.395,4.267,4.303,122,96,3641151.54,4.303
2023-01-23,NKH3,103946.0,104500.0,103183.0,103270.0,251,212,26043377.0,103270.0
2023-01-23,NKM3,105213.0,105213.0,105055.0,105055.0,2,2,210268.0,104993.0
2023-01-23,NMH3,11271.0,11399.0,11248.0,11295.0,1092,604,12348433.0,11289.0
2023-01-23,NMM3,11473.0,11473.0,11400.0,11400.0,13,5,148402.0,11400.0
2023-01-23,NMU3,11750.0,11750.0,11750.0,11750.0,1,1,11750.0,11734.0
2023-01-23,OGH3,5656.0,5696.0,5656.0,5696.0,2,2,11352.0,5689.0
2023-01-23,OZH3,15800.0,16400.0,15755.0,16324.0,2455,1065,39710998.0,16336.0
2023-01-23,OZM3,16032.0,16695.0,16032.0,16695.0,27,19,444753.0,16600.0
2023-01-23,PDH3,1770.0,1784.73,1749.45,1765.89,88,62,10693482.94,1762.0
2023-01-23,PDM3,1838.17,1838.17,1838.17,1838.17,1,1,126683.0,1838.17
2023-01-23,PHH3,6370.0,6462.0,6331.0,6460.0,574,98,3653049.0,6445.0
2023-01-23,PHM3,6416.0,6530.0,6416.0,6530.0,3,3,19456.0,6530.0
2023-01-23,PIH3,6079.0,6105.0,6037.0,6054.0,155,41,942023.0,6054.0
2023-01-23,POH3,4145.0,4246.0,4107.0,4208.0,11595,2257,48703317.0,4202.0
2023-01-23,POM3,4230.0,4328.0,4199.0,4290.0,183,90,784866.0,4287.0
2023-01-23,PSH3,1365.0,1445.0,1315.0,1390.0,2683,192,3723331.0,1390.0
2023-01-23,PSM3,1346.0,1700.0,1346.0,1514.0,213,24,320420.0,1509.0
2023-01-23,PTH3,1065.5,1073.3,1051.2,1060.0,348,205,25530811.05,1060.0
2023-01-23,PTM3,1074.2,1083.7,1070.0,1070.1,20,18,1483528.85,1073.2
2023-01-23,PZH3,82650.0,83796.0,82303.0,82971.0,879,631,73051062.0,82960.0
2023-01-23,PZM3,84217.0,85246.0,84217.0,84675.0,24,20,2039226.0,84624.0
2023-01-23,RBH3,12961.0,12961.0,12961.0,12961.0,1,1,12961.0,12961.0
2023-01-23,RIH3,99420.0,101280.0,99030.0,100310.0,85567,54001,11856004747.82,100310.0
2023-01-23,RIM3,98830.0,100340.0,98790.0,99540.0,391,323,53698727.6,99550.0
2023-01-23,RIU3,99570.0,99860.0,99570.0,99860.0,4,4,550172.4,99510.0
2023-01-23,RIZ3,100050.0,100100.0,99310.0,100100.0,3,3,412763.69,99310.0
2023-01-23,RLH3,4118.0,4204.0,4090.0,4150.0,2206,316,9123430.0,4156.0
2023-01-23,RLM3,4170.0,4221.0,4100.0,4185.0,73,12,303064.0,4190.0
2023-01-23,RMH3,994.5,1013.0,992.0,1004.0,15539,5666,215362919.78,1003.5
2023-01-23,RMM3,988.0,1002.5,986.5,997.5,127,92,1743583.97,996.0
2023-01-23,RMU3,1003.5,1003.5,982.0,982.0,2,2,27367.34,982.0
2023-01-23,RNH3,34185.0,34434.0,34043.0,34355.0,1928,1330,66063489.0,34361.0
2023-01-23,RNM3,34533.0,34736.0,33593.0,34261.0,44,40,1503881.0,34261.0
2023-01-23,RTH3,5695.0,5814.0,5694.0,5771.0,1167,264,6702517.0,5776.0
2023-01-23,RTM3,5810.0,5950.0,5810.0,5920.0,70,36,411503.0,5892.0
2023-01-23,SEH3,1610.0,1670.0,1591.0,1601.0,978,166,1589217.0,1601.0
2023-01-23,SEM3,1670.0,1670.0,1670.0,1670.0,1,1,1670.0,1649.0
2023-01-23,SFH3,386.3,390.5,385.85,390.43,71839,13156,1922383653.87,390.29
2023-01-23,SFM3,385.18,387.0,384.2,386.96,1283,667,34115265.25,386.89
2023-01-23,SFU3,383.72,384.9,383.72,384.01,47,23,1244099.52,384.82
2023-01-23,SFZ3,384.23,386.0,379.0,380.0,33,21,868668.66,380.03
2023-01-23,SGH3,27004.0,27312.0,26906.0,27171.0,156,94,4239734.0,27171.0
2023-01-23,SGM3,27594.0,27594.0,27415.0,27415.0,5,2,137254.0,27671.0
2023-01-23,SNH3,21982.0,22250.0,21935.0,22013.0,1356,378,30037521.0,22073.0
2023-01-23,SNM3,22409.0,22581.0,22409.0,22526.0,8,4,180276.0,22526.0
2023-01-23,SOH3,4403.0,4473.0,4400.0,4462.0,1074,367,4758877.0,4468.0
2023-01-23,SOM3,4516.0,4634.0,4516.0,4588.0,22,13,100932.0,4588.0
2023-01-23,SPH3,15027.0,15314.0,15022.0,15241.0,6473,3383,98486279.0,15235.0
2023-01-23,SPM3,15061.0,15374.0,15061.0,15374.0,12,12,183545.0,15374.0
2023-01-23,SRH3,15210.0,15606.0,15195.0,15518.0,237552,57360,3676018779.0,15521.0
2023-01-23,SRM3,15332.0,15762.0,15308.0,15701.0,2647,1332,41305572.0,15703.0
2023-01-23,SRU3,15662.0,15929.0,15662.0,15883.0,62,49,978155.0,15910.0
2023-01-23,SRZ3,15971.0,16218.0,15970.0,16217.0,58,18,931749.0,16196.0
2023-01-23,SSH3,2484.0,2530.0,2483.0,2500.0,619,123,1546633.0,2497.0
2023-01-23,SSM3,2548.0,2548.0,2498.0,2498.0,2,2,5046.0,2526.0
2023-01-23,SVH3,23.74,23.88,22.98,23.21,73733,14284,1189420298.12,23.16
2023-01-23,SVM3,23.97,24.09,23.22,23.48,2412,1014,39208862.95,23.45
2023-01-23,SVU3,24.26,24.75,24.08,24.08,106,42,1788022.32,24.08
2023-01-23,SVZ3,25.1,25.44,25.0,25.0,36,10,626285.38,25.0
2023-01-23,SXH3,3975.3,4050.0,3975.3,4015.5,176,58,526553.94,4015.5
2023-01-23,SXU3,4099.8,4099.8,4099.8,4099.8,2,1,6127.56,3950.6
2023-01-23,SiH3,69488.0,69657.0,68921.0,69637.0,889116,238410,61539950228.0,69626.0
2023-01-23,SiM3,70155.0,70364.0,69700.0,70364.0,10405,5547,728065115.0,70350.0
2023-01-23,SiM4,75124.0,75124.0,75124.0,75124.0,1,1,75124.0,75124.0
2023-01-23,SiU3,71402.0,71680.0,71113.0,71680.0,109,97,7781611.0,71680.0
2023-01-23,SiZ3,72716.0,73000.0,72500.0,73000.0,29,22,2108589.0,73000.0
2023-01-23,TIH3,27060.0,27530.0,26891.0,27208.0,464,295,12656129.0,27187.0
2023-01-23,TIM3,27722.0,27722.0,27722.0,27722.0,1,1,27722.0,27722.0
2023-01-23,TTH3,33775.0,34013.0,33629.0,33734.0,295,189,9954974.0,33722.0
2023-01-23,TTM3,34494.0,34496.0,34475.0,34475.0,4,3,137959.0,34456.0
2023-01-23,TTU3,35180.0,35180.0,35180.0,35180.0,1,1,35180.0,34997.0
2023-01-23,USDRUBF,68.84,69.04,68.55,69.0,13147,3959,903964430.0,68.92
2023-01-23,VBH3,1686.0,1709.0,1684.0,1695.0,83042,7533,141136925.0,1698.0
2023-01-23,VBM3,1715.0,1736.0,1710.0,1726.0,807,298,1394022.0,1726.0
2023-01-23,VBU3,1773.0,1805.0,1757.0,1757.0,68,33,121022.0,1766.0
2023-01-23,VIG3,36.95,38.25,36.3,38.25,64,25,329221.32,38.25
2023-01-23,W4F3,15250.0,15250.0,15140.0,15200.0,91,23,1383150.0,15190.0
2023-01-23,W4G3,15280.0,15310.0,15190.0,15210.0,10,7,152250.0,15210.0
2023-01-23,W4H3,15170.0,15340.0,15160.0,15160.0,8,8,121820.0,15170.0
2023-01-23,W4K3,16170.0,16170.0,16170.0,16170.0,1,1,16170.0,15410.0
2023-01-23,YNH3,19217.0,19683.0,19157.0,19635.0,4998,2491,97498125.0,19608.0
2023-01-23,YNM3,19486.0,19876.0,19383.0,19801.0,137,117,2704272.0,19848.0
2023-01-23,YNU3,19919.0,20036.0,19896.0,20036.0,6,6,119851.0,20050.0
2023-01-24,AFH3,2775.0,2798.0,2736.0,2745.0,4286,435,11841998.0,2745.0
2023-01-24,AFM3,2828.0,2838.0,2778.0,2786.0,86,28,241206.0,2786.0
2023-01-24,AFU3,2859.0,2859.0,2859.0,2859.0,5,1,14295.0,2859.0
2023-01-24,AKH3,12461.0,12588.0,12425.0,12443.0,291,120,3634496.0,12443.0
2023-01-24,AKM3,12729.0,12855.0,12665.0,12665.0,19,6,241371.0,12665.0
2023-01-24,ALH3,6211.0,6259.0,6134.0,6136.0,7222,1435,44667284.0,6134.0
2023-01-24,ALM3,6323.0,6350.0,6250.0,6254.0,31,27,195213.0,6254.0
2023-01-24,ALU3,6447.0,6447.0,6447.0,6447.0,1,1,6447.0,6423.0
2023-01-24,AUH3,0.7031,0.7031,0.7031,0.7031,10,1,485872.3,0.7044
2023-01-24,BRF4,95.21,96.0,95.21,96.0,2,2,132134.33,96.0
2023-01-24,BRG3,89.24,89.69,87.95,88.17,117563,48096,7218472857.06,88.2
2023-01-24,BRH3,90.7,91.2,90.1,90.23,11710,6975,733133067.63,90.3
2023-01-24,BRJ3,93.1,93.35,92.31,92.31,293,228,18789293.19,92.31
2023-01-24,BRK3,95.52,95.98,95.0,95.0,103,93,6801024.15,95.02
2023-01-24,BRM3,95.57,96.6,95.43,96.05,17,16,1125570.84,95.76
2023-01-24,BRN3,95.51,95.55,95.51,95.55,2,2,132030.68,95.47
2023-01-24,BRU3,96.57,96.57,96.57,96.57,1,1,66734.02,96.41
2023-01-24,BRV3,95.84,95.84,95.84,95.84,1,1,66229.56,95.84
2023-01-24,BRZ3,93.84,93.84,93.84,93.84,1,1,64847.48,94.7
2023-01-24,CFH3,0.9218,0.9218,0.9218,0.9218,10,1,687230.5,0.923
2023-01-24,CHH3,88375.0,88900.0,87178.0,87189.0,128,110,11247129.0,87178.0
2023-01-24,CHM3,88680.0,90388.0,88680.0,90100.0,5,4,449114.0,89033.0
2023-01-24,CNYRUBF,10.14,10.22,10.11,10.15,20675,1719,209920990.0,10.14
2023-01-24,CRH3,10.193,10.248,10.159,10.212,1213122,59507,12362944303.0,10.205
2023-01-24,CRH4,10.985,10.985,10.985,10.985,1,1,10985.0,10.985
2023-01-24,CRM3,10.349,10.379,10.308,10.348,8771,1436,90716253.0,10.348
2023-01-24,CRM4,11.255,11.255,11.102,11.127,9,8,100453.0,11.358
2023-01-24,CRU3,10.547,10.558,10.528,10.539,170,45,1790314.0,10.539
2023-01-24,CRZ3,10.644,10.748,10.621,10.706,14,13,149567.0,10.706
2023-01-24,CSM3,5133.0,5839.0,5133.0,5839.0,6,2,32916.0,5458.0
2023-01-24,DYH3,6717.0,6751.0,6355.0,6700.0,91,25,608837.0,6700.0
2023-01-24,EDH3,1.0765,1.0808,1.0751,1.0776,55804,14738,4153228100.57,1.0775
2023-01-24,EDM3,1.0667,1.0703,1.0653,1.0679,772,530,56969246.47,1.0679
2023-01-24,EDU3,1.0605,1.0605,1.06,1.06,15,2,1098792.95,1.0604
2023-01-24,EURRUBF,74.81,75.46,74.63,75.04,761,531,57037340.0,75.09
2023-01-24,EuH3,74928.0,75205.0,74584.0,75057.0,43672,16485,3268489514.0,75084.0
2023-01-24,EuH4,79739.0,82747.0,76594.0,77741.0,14,11,1108297.0,78509.0
2023-01-24,EuM3,75011.0,75247.0,74653.0,75097.0,1618,752,121267818.0,75097.0
2023-01-24,EuU3,76000.0,76099.0,75850.0,75850.0,5,5,380048.0,75850.0
2023-01-24,FNM3,6867.0,6867.0,6867.0,6867.0,1,1,6867.0,6754.0
2023-01-24,FSH3,8581.0,8594.0,8531.0,8531.0,15,11,128576.0,8531.0
2023-01-24,FVH3,15422.0,15847.0,15327.0,15327.0,1028,479,15950589.0,15389.0
2023-01-24,FVM3,15760.0,15978.0,15760.0,15978.0,2,2,31738.0,15756.0
2023-01-24,GDH3,1919.6,1939.4,1914.7,1933.7,136651,45290,18224041433.61,1933.0
2023-01-24,GDM3,1915.8,1935.0,1910.8,1929.8,2879,1358,383300159.24,1929.1
2023-01-24,GDU3,1927.7,1940.0,1911.4,1924.0,93,78,12396862.25,1934.4
2023-01-24,GDZ3,1929.4,1939.9,1929.4,1936.4,18,18,2407386.51,1936.4
2023-01-24,GKH3,15158.0,15261.0,14897.0,14903.0,17565,6605,264338885.0,14915.0
2023-01-24,GKM3,15118.0,15200.0,14851.0,14960.0,61,45,918900.0,14960.0
2023-01-24,GKU3,14902.0,15235.0,14902.0,14999.0,37,9,562262.0,14999.0
2023-01-24,GUH3,1.2421,1.2544,1.226,1.23,60,37,5136840.46,1.2265
2023-01-24,GZH3,16163.0,16277.0,15889.0,15909.0,57750,18482,926815644.0,15919.0
2023-01-24,GZH5,18527.0,18527.0,17916.0,17916.0,2,2,36443.0,17916.0
2023-01-24,GZM3,16476.0,16560.0,16191.0,16200.0,332,227,5424128.0,16212.0
2023-01-24,GZU3,16720.0,16720.0,16377.0,16377.0,11,7,181280.0,16377.0
2023-01-24,GZU5,18900.0,18900.0,18900.0,18900.0,1,1,18900.0,18816.0
2023-01-24,GZZ3,16692.0,16934.0,16692.0,16934.0,2,2,33626.0,16677.0
2023-01-24,HOH3,24730.0,24730.0,24450.0,24600.0,73,13,1789730.0,24600.0
2023-01-24,HOM3,25390.0,25390.0,24590.0,24690.0,28,4,699920.0,25100.0
2023-01-24,HOU3,25690.0,25690.0,24990.0,25390.0,40,4,1017600.0,25480.0
2023-01-24,HSH3,22800.0,23249.0,22750.0,23147.0,2577,376,5220950.7,23147.0
2023-01-24,HSM3,23037.0,23440.0,22822.0,23440.0,8,5,16324.57,23440.0
2023-01-24,HSU3,23980.0,23980.0,23100.0,23100.0,5,4,10308.04,23101.0
2023-01-24,HSZ3,22815.0,24500.0,22815.0,24500.0,12,5,25568.2,23149.0
2023-01-24,HYH3,7750.0,7780.0,7673.0,7680.0,581,138,4495626.0,7686.0
2023-01-24,HYM3,7870.0,7870.0,7870.0,7870.0,1,1,7870.0,7848.0
2023-01-24,IRH3,34651.0,34872.0,34285.0,34426.0,48,35,1654868.0,34426.0
2023-01-24,JPH3,131.25,132.15,131.24,131.56,11,11,763774.06,131.56
2023-01-24,LKH3,40118.0,40361.0,39900.0,39922.0,5503,4024,220849414.0,39969.0
2023-01-24,LKM3,40988.0,41165.0,40798.0,40882.0,34,31,1392907.0,40805.0
2023-01-24,MAH3,6000.0,6000.0,6000.0,6000.0,1,1,6000.0,6001.0
2023-01-24,MAM3,5562.0,6329.0,5562.0,6329.0,2,2,11891.0,5962.0
2023-01-24,MCH3,10693.0,10801.0,10559.0,10593.0,120,61,1282393.0,10552.0
2023-01-24,MEH3,10190.0,10465.0,10154.0,10357.0,2687,1025,27795455.0,10349.0
2023-01-24,MEM3,10100.0,10578.0,10100.0,10471.0,586,203,6145503.0,10450.0
2023-01-24,MGH3,34338.0,34779.0,34143.0,34143.0,368,213,12670745.0,34150.0
2023-01-24,MGM3,34690.0,34690.0,34528.0,34528.0,6,5,207978.0,34528.0
2023-01-24,MLH3,4866.0,4919.0,4796.0,4796.0,2982,592,14473481.0,4804.0
2023-01-24,MLM3,4953.0,4994.0,4900.0,4931.0,25,14,123905.0,4894.0
2023-01-24,MMH3,2197.0,2213.95,2177.35,2179.2,40284,11724,884282025.0,2178.6
2023-01-24,MMH5,2452.3,2463.85,2400.5,2463.85,8,6,195996.5,2458.7
2023-01-24,MMM3,2198.65,2204.65,2180.0,2180.0,72,57,1577417.5,2180.0
2023-01-24,MMZ3,2211.9,2211.9,2210.0,2210.0,3,3,66319.0,2148.25
2023-01-24,MMZ4,2430.0,2430.0,2430.0,2430.0,2,2,48600.0,2430.0
2023-01-24,MNH3,4675.0,4708.0,4599.0,4640.0,10794,2273,50228615.0,4636.0
2023-01-24,MNM3,4746.0,4780.0,4684.0,4723.0,57,41,269874.0,4718.0
2023-01-24,MNU3,4850.0,4881.0,4774.0,4774.0,4,4,19280.0,4774.0
2023-01-24,MTH3,24275.0,24345.0,24153.0,24153.0,132,74,3198321.0,24165.0
2023-01-24,MTM3,24316.0,24673.0,24222.0,24304.0,8,8,195710.0,24353.0
2023-01-24,MXH3,219800.0,221850.0,218275.0,218450.0,12839,8076,2824487000.0,218375.0
2023-01-24,MXM3,219600.0,220650.0,218000.0,218000.0,22,18,4812750.0,218000.0
2023-01-24,NAH3,11430.0,11515.0,11400.0,11449.0,37776,4411,299052927.84,11450.0
2023-01-24,NAM3,11249.0,11350.0,11181.0,11241.0,209,133,1624595.05,11241.0
2023-01-24,NAU3,11409.0,11650.0,11305.0,11305.0,21,10,166171.69,11311.0
2023-01-24,NAZ3,11569.0,11605.0,11310.0,11310.0,29,7,230490.13,11310.0
2023-01-24,NGF3,3.439,3.611,3.318,3.44,769303,209183,18503249185.65,3.453
2023-01-24,NGG3,3.346,3.474,3.272,3.38,280387,97557,6575757939.51,3.392
2023-01-24,NGH3,3.542,3.597,3.477,3.535,11458,5813,281208780.25,3.543
2023-01-24,NGJ3,3.77,3.842,3.725,3.788,773,383,20185904.39,3.788
2023-01-24,NGK3,4.035,4.057,3.955,4.027,161,123,4467344.23,4.027
2023-01-24,NGM3,4.328,4.373,4.257,4.303,89,64,2654855.85,4.303
2023-01-24,NKH3,103270.0,103808.0,102596.0,102701.0,214,187,22088984.0,102751.0
2023-01-24,NKM3,105055.0,105363.0,104575.0,104575.0,5,5,525150.0,104516.0
2023-01-24,NMH3,11314.0,11395.0,11185.0,11209.0,1757,1285,19791082.0,11195.0
2023-01-24,NMM3,11479.0,11479.0,11406.0,11422.0,4,4,45757.0,11404.0
2023-01-24,NMU3,11751.0,11751.0,11751.0,11751.0,1,1,11751.0,11671.0
2023-01-24,OGH3,5303.0,6136.0,5303.0,5990.0,35,32,203254.0,5700.0
2023-01-24,OGM3,5232.0,5931.0,5232.0,5931.0,6,2,33489.0,5663.0
2023-01-24,OZH3,16331.0,16678.0,16066.0,16308.0,2492,1032,40850789.0,16271.0
2023-01-24,OZM3,16645.0,16969.0,16550.0,16702.0,85,48,1423611.0,16633.0
2023-01-24,PDH3,1722.02,1770.0,1722.02,1770.0,87,59,10529793.07,1764.98
2023-01-24,PDM3,1830.0,1840.0,1830.0,1840.0,2,2,253611.68,1832.61
2023-01-24,PHH3,6450.0,6478.0,6413.0,6468.0,241,63,1554190.0,6468.0
2023-01-24,PHM3,6592.0,6600.0,6592.0,6600.0,3,3,19792.0,6600.0
2023-01-24,PIH3,6063.0,6143.0,6053.0,6127.0,474,121,2891705.0,6127.0
2023-01-24,PIM3,6266.0,6337.0,5974.0,5974.0,28,18,171053.0,5977.0
2023-01-24,POH3,4211.0,4324.0,4204.0,4284.0,11279,2682,48255678.0,4282.0
2023-01-24,POM3,4307.0,4401.0,4297.0,4371.0,399,190,1742598.0,4371.0
2023-01-24,PSH3,1368.0,1500.0,1352.0,1404.0,1552,177,2192259.0,1404.0
2023-01-24,PSM3,1650.0,1650.0,1354.0,1529.0,3,3,4533.0,1528.0
2023-01-24,PTH3,1063.5,1075.2,1063.2,1074.5,372,221,27481757.4,1074.5
2023-01-24,PTM3,1081.5,1091.5,1081.5,1090.0,11,10,827088.63,1090.0
2023-01-24,PZH3,82971.0,87673.0,82971.0,85310.0,2676,1962,227057984.0,84997.0
2023-01-24,PZM3,84692.0,86999.0,84692.0,86769.0,54,49,4655428.0,86320.0
2023-01-24,RIH3,100310.0,101490.0,99150.0,99310.0,95241,58827,13206396699.4,99250.0
2023-01-24,RIM3,99760.0,100830.0,98590.0,98650.0,182,168,25090724.58,98650.0
2023-01-24,RIU3,98410.0,98410.0,98400.0,98400.0,4,4,544004.46,98400.0
2023-01-24,RLH3,4150.0,4187.0,4119.0,4174.0,1982,297,8237685.0,4171.0
2023-01-24,RLM3,4202.0,4270.0,4202.0,4228.0,56,10,238276.0,4231.0
2023-01-24,RMH3,1005.5,1015.5,992.5,994.0,16435,6699,228060039.19,994.0
2023-01-24,RMM3,992.5,1006.5,987.5,988.0,112,83,1541626.97,988.0
2023-01-24,RMU3,985.0,985.0,985.0,985.0,1,1,13613.55,985.0
2023-01-24,RNH3,34360.0,34735.0,34075.0,34128.0,2939,1719,101264160.0,34112.0
2023-01-24,RNM3,34345.0,34621.0,34251.0,34251.0,10,10,344294.0,34251.0
2023-01-24,RNU3,34700.0,34700.0,34700.0,34700.0,1,1,34700.0,34700.0
2023-01-24,RNU5,36757.0,38836.0,36757.0,38836.0,2,2,75593.0,38834.0
2023-01-24,RTH3,5785.0,5792.0,5720.0,5720.0,192,75,1107933.0,5731.0
2023-01-24,RTM3,5877.0,5888.0,5877.0,5885.0,3,3,17650.0,5861.0
2023-01-24,SEH3,1595.0,1595.0,1561.0,1567.0,138,41,218107.0,1567.0
2023-01-24,SEM3,1533.0,1725.0,1533.0,1725.0,2,2,3258.0,1660.0
2023-01-24,SFH3,390.5,392.0,388.81,390.69,50636,10762,1366735058.76,390.58
2023-01-24,SFM3,387.13,388.18,385.05,386.65,686,455,18336197.42,386.71
2023-01-24,SFU3,385.19,386.58,383.8,386.58,22,21,585872.67,386.55
2023-01-24,SFZ3,385.0,389.82,381.04,381.04,22,14,583028.39,381.04
2023-01-24,SGH3,27262.0,27437.0,27103.0,27170.0,179,116,4885063.0,27218.0
2023-01-24,SNH3,22000.0,22361.0,21860.0,21920.0,1876,957,41427134.0,21925.0
2023-01-24,SNM3,22663.0,22739.0,22534.0,22534.0,23,15,519605.0,22445.0
2023-01-24,SOH3,4476.0,4523.0,4407.0,4428.0,620,161,2782059.0,4459.0
2023-01-24,SOM3,4629.0,4640.0,4583.0,4587.0,46,11,212861.0,4575.0
2023-01-24,SPH3,15228.0,15386.0,15116.0,15182.0,6509,3297,99270416.0,15169.0
2023-01-24,SPM3,15403.0,15460.0,15202.0,15215.0,29,14,443932.0,15215.0
2023-01-24,SRH3,15518.0,15737.0,15400.0,15451.0,356022,83221,5545684209.0,15465.0
2023-01-24,SRM3,15713.0,15920.0,15630.0,15679.0,5256,2144,82786253.0,15696.0
2023-01-24,SRU3,15865.0,16109.0,15865.0,15935.0,160,136,2558141.0,15952.0
2023-01-24,SRZ3,16122.0,16372.0,16098.0,16189.0,10,8,162392.0,16174.0
2023-01-24,SSH3,2507.0,2530.0,2491.0,2526.0,586,129,1474004.0,2524.0
2023-01-24,SSM3,2550.0,2550.0,2550.0,2550.0,1,1,2550.0,2552.0
2023-01-24,SVH3,23.22,23.58,23.17,23.5,78258,14196,1264949340.48,23.49
2023-01-24,SVM3,23.55,23.8,23.42,23.68,1377,923,22484347.97,23.7
2023-01-24,SVU3,24.36,24.55,24.25,24.38,66,21,1114175.42,24.38
2023-01-24,SVZ3,25.0,25.0,24.9,24.9,4,4,68931.54,24.9
2023-01-24,SXH3,4049.7,4050.0,4000.0,4002.1,453,69,1371266.53,4002.1
2023-01-24,SXM3,3969.8,3986.9,3969.8,3986.9,15,3,44797.76,3956.1
2023-01-24,SiH3,69644.0,69945.0,69364.0,69761.0,706372,188360,49153470260.0,69757.0
2023-01-24,SiH4,74411.0,74411.0,74350.0,74350.0,5,4,371835.0,74350.0
2023-01-24,SiM3,70400.0,70636.0,70117.0,70397.0,10910,5950,767093503.0,70390.0
2023-01-24,SiU3,71750.0,71894.0,71465.0,71850.0,63,56,4515760.0,71850.0
2023-01-24,SiZ3,73299.0,73300.0,72943.0,73298.0,11,11,804679.0,73298.0
2023-01-24,TIH3,27276.0,27595.0,27191.0,27342.0,459,328,12576200.0,27342.0
2023-01-24,TIM3,27773.0,27773.0,27773.0,27773.0,1,1,27773.0,27773.0
2023-01-24,TTH3,33797.0,33956.0,33716.0,33789.0,319,204,10798845.0,33727.0
2023-01-24,TTM3,34566.0,34566.0,34566.0,34566.0,1,1,34566.0,34469.0
2023-01-24,TTU3,35100.0,35100.0,35100.0,35100.0,2,2,70200.0,34997.0
2023-01-24,USDRUBF,69.04,69.35,68.77,69.2,10802,3090,745242320.0,69.1
2023-01-24,VBH3,1697.0,1712.0,1682.0,1682.0,74697,7733,126842785.0,1686.0
2023-01-24,VBM3,1728.0,1739.0,1711.0,1713.0,872,418,1504978.0,1713.0
2023-01-24,VBU3,1768.0,1768.0,1760.0,1760.0,9,3,15856.0,1760.0
2023-01-24,VIG3,37.3,38.1,37.3,37.75,26,8,135527.25,37.75
2023-01-24,W4F3,15190.0,15230.0,15190.0,15210.0,107,24,1627540.0,15210.0
2023-01-24,W4G3,15140.0,15330.0,15120.0,15120.0,3,3,45590.0,15300.0
2023-01-24,W4H3,15080.0,15080.0,15080.0,15080.0,1,1,15080.0,15120.0
2023-01-24,YNH3,19648.0,19814.0,19361.0,19408.0,5452,2807,106732229.0,19407.0
2023-01-24,YNM3,19868.0,19999.0,19693.0,19769.0,155,112,3075258.0,19736.0
2023-01-24,YNU3,19919.0,20197.0,19909.0,20042.0,27,23,540977.0,19909.0
2023-01-25,AFH3,2737.0,2743.0,2703.0,2727.0,1824,339,4958369.0,2727.0
2023-01-25,AFM3,2774.0,2785.0,2750.0,2769.0,128,52,353485.0,2769.0
2023-01-25,AFU3,2806.0,2859.0,2806.0,2826.0,86,9,241848.0,2826.0
2023-01-25,AKH3,12436.0,12509.0,12108.0,12310.0,1148,369,14105885.0,12310.0
2023-01-25,AKM3,12411.0,12496.0,12411.0,12495.0,10,6,124869.0,12495.0
2023-01-25,ALH3,6145.0,6158.0,6081.0,6117.0,5046,1145,30887346.0,6125.0
2023-01-25,ALM3,6265.0,6265.0,6200.0,6248.0,64,34,399739.0,6243.0
2023-01-25,ALU3,6206.0,6399.0,6206.0,6387.0,5,4,31422.0,6322.0
2023-01-25,AUH3,0.7099,0.71,0.7078,0.71,13,6,639116.78,0.71
2023-01-25,BRG3,88.06,88.19,86.56,87.52,146183,57429,8832108634.96,87.49
2023-01-25,BRH3,90.2,90.49,89.2,89.99,16758,8978,1042506292.21,89.86
2023-01-25,BRJ3,92.25,92.52,91.78,92.4,220,194,14040742.61,92.4
2023-01-25,BRK3,95.02,95.19,94.5,95.13,56,54,3680184.97,95.06
2023-01-25,BRM3,96.0,96.0,94.99,94.99,12,12,791692.91,94.99
2023-01-25,BRQ3,94.0,94.0,94.0,94.0,2,2,130241.14,94.0
2023-01-25,CAH3,1.3594,1.3594,1.3142,1.341,10,7,690573.03,1.338
2023-01-25,CHH3,87141.0,87631.0,86368.0,87007.0,161,127,13994348.0,86776.0
2023-01-25,CHM3,87325.0,87325.0,86429.0,86429.0,3,3,260926.0,87016.0
2023-01-25,CNYRUBF,10.14,10.23,10.13,10.21,58491,1456,595140280.0,10.22
2023-01-25,CRH3,10.201,10.285,10.175,10.273,1077910,50805,11030842380.0,10.277
2023-01-25,CRH4,10.881,10.881,10.881,10.881,1,1,10881.0,10.881
2023-01-25,CRM3,10.34,10.427,10.329,10.42,5873,1195,60904571.0,10.425
2023-01-25,CRM4,11.2,11.2,11.2,11.2,10,1,112000.0,11.379
2023-01-25,CRU3,10.548,10.641,10.535,10.572,73,43,771270.0,10.572
2023-01-25,CRZ3,10.7,10.809,10.7,10.809,34,3,367355.0,10.809
2023-01-25,CSH3,5489.0,5599.0,5400.0,5402.0,280,280,1539743.0,5402.0
2023-01-25,DYH3,6697.0,6740.0,6696.0,6705.0,15,11,100899.0,6705.0
2023-01-25,EDH3,1.0778,1.0825,1.077,1.0807,58992,17951,4409445229.57,1.0804
2023-01-25,EDM3,1.0686,1.072,1.0675,1.07,643,383,47615791.71,1.07
2023-01-25,EDU3,1.0578,1.0593,1.05,1.0593,23,10,1679445.61,1.0593
2023-01-25,EURRUBF,75.09,75.54,74.85,75.41,1516,597,114009130.0,75.4
2023-01-25,EuH3,75078.0,75490.0,74834.0,75395.0,61476,20819,4621978637.0,75402.0
2023-01-25,EuM3,75101.0,75501.0,74894.0,75498.0,1177,568,88516565.0,75459.0
2023-01-25,EuU3,76150.0,76249.0,75953.0,76249.0,4,4,304369.0,76249.0
2023-01-25,FNM3,6345.0,6358.0,6345.0,6358.0,2,2,12703.0,6700.0
2023-01-25,FSH3,8545.0,8554.0,8499.0,8499.0,12,10,102241.0,8501.0
2023-01-25,FVH3,15363.0,15363.0,15161.0,15176.0,646,320,9844125.0,15200.0
2023-01-25,FVM3,15588.0,15588.0,15411.0,15524.0,4,4,62078.0,15499.0
2023-01-25,GDH3,1932.7,1938.0,1923.8,1932.9,98260,33266,13143820780.86,1932.2
2023-01-25,GDM3,1926.4,1933.7,1920.0,1930.1,1761,794,235059036.57,1928.4
2023-01-25,GDU3,1936.2,1938.9,1929.0,1936.3,26,24,3483943.48,1934.8
2023-01-25,GDZ3,1940.0,1940.2,1932.8,1932.8,8,8,1073283.94,1935.0
2023-01-25,GKH3,14909.0,15133.0,14808.0,15053.0,21968,8232,329581788.0,15058.0
2023-01-25,GKM3,14970.0,15173.0,14871.0,15136.0,27,22,403770.0,15133.0
2023-01-25,GKU3,15051.0,15100.0,14900.0,14900.0,13,11,194785.0,15000.0
2023-01-25,GUH3,1.2289,1.2361,1.2274,1.2361,10,9,853411.97,1.2361
2023-01-25,GZH3,15918.0,16065.0,15802.0,16005.0,67640,19805,1077971847.0,16015.0
2023-01-25,GZH5,18204.0,18204.0,18204.0,18204.0,1,1,18204.0,18204.0
2023-01-25,GZM3,16205.0,16357.0,16115.0,16331.0,1451,524,23597169.0,16323.0
2023-01-25,GZU3,16452.0,16452.0,16303.0,16427.0,14,7,229284.0,16427.0
2023-01-25,GZU4,17775.0,17775.0,17775.0,17775.0,1,1,17775.0,17775.0
2023-01-25,GZU5,18657.0,18657.0,18582.0,18582.0,3,3,55821.0,18583.0
2023-01-25,GZZ3,16255.0,16500.0,16255.0,16500.0,2,2,32755.0,16500.0
2023-01-25,HOH3,24580.0,24900.0,24500.0,24900.0,91,32,2247590.0,24890.0
2023-01-25,HSH3,23174.0,23240.0,23001.0,23002.0,1749,275,3570065.33,23002.0
2023-01-25,HSM3,23440.0,23711.0,22837.0,23680.0,10,6,20372.59,22915.0
2023-01-25,HSU3,23910.0,24431.0,23910.0,24431.0,10,7,21494.02,23435.0
2023-01-25,HSZ3,24590.0,24590.0,23237.0,23250.0,4,4,8436.7,23502.0
2023-01-25,HYH3,7695.0,7731.0,7672.0,7680.0,266,83,2048166.0,7683.0
2023-01-25,HYM3,7844.0,7844.0,7844.0,7844.0,1,1,7844.0,7844.0
2023-01-25,IRH3,34375.0,34518.0,34282.0,34409.0,42,21,1444991.0,34409.0
2023-01-25,IRM3,34990.0,34990.0,34900.0,34900.0,3,3,104907.0,34924.0
2023-01-25,JPH3,131.56,131.6,130.77,130.93,5,5,346931.32,130.93
2023-01-25,JPM3,130.65,130.65,130.65,130.65,10,1,691164.6,130.65
2023-01-25,LKH3,39942.0,40037.0,39377.0,39498.0,7110,4771,281502445.0,39502.0
2023-01-25,LKM3,40808.0,40808.0,40282.0,40395.0,120,106,4847673.0,40374.0
2023-01-25,LKU3,40699.0,41426.0,39900.0,41426.0,4,4,163344.0,41054.0
2023-01-25,MAM3,5655.0,5711.0,5655.0,5711.0,2,2,11366.0,5962.0
2023-01-25,MCH3,10779.0,10909.0,10470.0,10751.0,157,76,1675722.0,10812.0
2023-01-25,MEH3,10322.0,10366.0,10213.0,10338.0,1199,538,12351103.0,10295.0
2023-01-25,MEM3,10437.0,10470.0,10345.0,10370.0,42,33,436196.0,10370.0
2023-01-25,MGH3,34152.0,34219.0,33839.0,34025.0,120,83,4085999.0,34055.0
2023-01-25,MLH3,4777.0,4826.0,4760.0,4800.0,2138,438,10243159.0,4793.0
2023-01-25,MLM3,4857.0,4886.0,4850.0,4886.0,20,11,97166.0,4881.0
2023-01-25,MMH3,2177.45,2182.0,2163.25,2175.65,32723,9782,711028632.5,2176.15
2023-01-25,MMH5,2394.35,2450.25,2394.35,2450.25,2,2,48446.0,2450.25
2023-01-25,MMM3,2180.0,2183.05,2161.45,2181.65,110,71,2392460.5,2181.65
2023-01-25,MMU3,2188.35,2188.35,2163.55,2170.0,3,3,65219.0,2170.0
2023-01-25,MMZ3,2153.7,2153.7,2148.1,2148.1,8,8,171904.0,2148.1
2023-01-25,MNH3,4643.0,4643.0,4578.0,4610.0,8417,1830,38811717.0,4614.0
2023-01-25,MNM3,4709.0,4709.0,4658.0,4698.0,217,76,1017036.0,4696.0
2023-01-25,MTH3,24144.0,24275.0,24052.0,24275.0,161,83,3885698.0,24260.0
2023-01-25,MTM3,24216.0,24435.0,24216.0,24435.0,3,3,73067.0,24435.0
2023-01-25,MXH3,218375.0,218750.0,216800.0,218100.0,14068,9858,3064546450.0,218100.0
2023-01-25,MXM3,217650.0,218150.0,217000.0,218150.0,24,22,5214100.0,218000.0
2023-01-25,MXZ3,211200.0,211200.0,211200.0,211200.0,1,1,211200.0,214750.0
2023-01-25,NAH3,11468.0,11477.0,11298.0,11309.0,31580,3138,248731263.76,11311.0
2023-01-25,NAM3,11279.0,11300.0,11202.0,11230.0,91,56,708140.45,11230.0
2023-01-25,NAU3,11314.0,11359.0,11312.0,11359.0,4,4,31412.95,11359.0
2023-01-25,NAZ3,11610.0,11612.0,11492.0,11492.0,12,4,95700.61,11490.0
2023-01-25,NGF3,3.439,3.447,3.111,3.204,621616,147972,14038255443.91,3.188
2023-01-25,NGG3,3.377,3.396,3.199,3.229,304978,90640,6957431833.85,3.239
2023-01-25,NGH3,3.532,3.538,3.371,3.397,13582,7055,324804523.98,3.399
2023-01-25,NGJ3,3.774,3.825,3.603,3.628,716,387,18361166.83,3.628
2023-01-25,NGK3,4.011,4.015,3.842,3.842,196,129,5336097.28,3.842
2023-01-25,NGM3,4.293,4.328,4.083,4.19,136,114,3952298.93,4.183
2023-01-25,NKH3,102863.0,103449.0,102096.0,102752.0,271,251,27807704.0,102792.0
2023-01-25,NKM3,104215.0,104215.0,102555.0,103700.0,6,6,621218.0,103700.0
2023-01-25,NMH3,11200.0,11314.0,11170.0,11290.0,1772,1290,19974175.0,11240.0
2023-01-25,NMM3,11418.0,11419.0,11418.0,11419.0,4,3,45673.0,11419.0
2023-01-25,NMU3,11750.0,11750.0,11750.0,11750.0,1,1,11750.0,11699.0
2023-01-25,OGH3,5750.0,5750.0,5626.0,5746.0,7,7,40112.0,5746.0
2023-01-25,OZH3,16286.0,16540.0,16002.0,16410.0,1879,693,30572175.0,16407.0
2023-01-25,OZM3,16667.0,16819.0,16395.0,16730.0,37,26,616895.0,16730.0
2023-01-25,PDH3,1774.98,1797.0,1746.01,1746.01,183,93,22450393.81,1753.52
2023-01-25,PDM3,1869.97,1875.55,1836.55,1836.55,5,5,644129.92,1842.0
2023-01-25,PHH3,6462.0,6482.0,6401.0,6448.0,143,58,923005.0,6448.0
2023-01-25,PHM3,6580.0,6681.0,6580.0,6662.0,9,7,59773.0,6630.0
2023-01-25,PIH3,6121.0,6201.0,6072.0,6138.0,577,159,3550574.0,6189.0
2023-01-25,PIM3,6100.0,6273.0,5880.0,6273.0,7,5,42945.0,6273.0
2023-01-25,POH3,4286.0,4535.0,4262.0,4480.0,45433,8578,201552497.0,4468.0
2023-01-25,POM3,4377.0,4624.0,4278.0,4552.0,1622,638,7346523.0,4558.0
2023-01-25,PSH3,1403.0,1489.0,1360.0,1421.0,3638,258,5244049.0,1421.0
2023-01-25,PSM3,1597.0,1597.0,1475.0,1524.0,60,12,92205.0,1524.0
2023-01-25,PTH3,1075.0,1076.5,1055.0,1058.5,251,195,18504106.41,1057.4
2023-01-25,PTM3,1090.0,1090.0,1085.5,1085.5,4,4,301168.77,1077.3
2023-01-25,PZH3,84992.0,86104.0,84978.0,85833.0,1223,976,104756764.0,85864.0
2023-01-25,PZM3,86125.0,87534.0,86125.0,87534.0,63,59,5500486.0,87534.0
2023-01-25,RIH3,99220.0,99900.0,98510.0,99200.0,91339,58883,12562057693.69,99200.0
2023-01-25,RIH4,96850.0,96850.0,96850.0,96850.0,1,1,134189.55,96850.0
2023-01-25,RIM3,98970.0,98980.0,98000.0,98400.0,82,74,11207522.24,98460.0
2023-01-25,RIU3,97990.0,97990.0,97970.0,97970.0,2,2,271510.41,97970.0
2023-01-25,RIZ3,98700.0,98720.0,97590.0,97590.0,4,4,544641.92,97590.0
2023-01-25,RLH3,4164.0,4175.0,4118.0,4166.0,972,165,4033542.0,4166.0
2023-01-25,RMH3,994.5,1000.0,986.5,993.5,13441,5021,185083093.39,993.0
2023-01-25,RMM3,989.5,990.0,979.0,986.0,98,72,1337403.24,985.5
2023-01-25,RNH3,34127.0,34271.0,33950.0,34110.0,1624,1245,55412381.0,34131.0
2023-01-25,RNM3,34328.0,34328.0,34328.0,34328.0,2,2,68656.0,34328.0
2023-01-25,RNU3,34600.0,34600.0,34600.0,34600.0,1,1,34600.0,34600.0
2023-01-25,RTH3,5724.0,5745.0,5656.0,5679.0,1014,204,5767827.0,5679.0
2023-01-25,RTM3,5817.0,5817.0,5817.0,5817.0,1,1,5817.0,5808.0
2023-01-25,SAH3,30.44,30.44,29.85,29.95,4,4,122468.64,29.95
2023-01-25,SEH3,1557.0,1572.0,1501.0,1513.0,370,79,564456.0,1529.0
2023-01-25,SFH3,390.79,391.56,386.4,387.02,43216,9567,1164535493.08,386.93
2023-01-25,SFM3,386.99,387.63,383.0,383.91,922,536,24620076.72,383.64
2023-01-25,SFU3,387.11,388.0,381.88,384.22,23,17,614363.02,383.45
2023-01-25,SFZ3,385.0,388.15,381.01,388.15,8,6,212762.85,387.55
2023-01-25,SGH3,27256.0,27343.0,26978.0,27291.0,459,300,12486059.0,27289.0
2023-01-25,SNH3,21969.0,22111.0,21850.0,21924.0,1409,512,31026955.0,21994.0
2023-01-25,SOH3,4459.0,4460.0,4402.0,4450.0,299,139,1327467.0,4450.0
2023-01-25,SOM3,4557.0,4560.0,4550.0,4560.0,4,4,18223.0,4560.0
2023-01-25,SPH3,15193.0,15213.0,15078.0,15192.0,4889,2660,74089297.0,15162.0
2023-01-25,SPM3,15267.0,15287.0,15146.0,15287.0,21,19,319219.0,15262.0
2023-01-25,SRH3,15461.0,15530.0,15310.0,15402.0,208990,60901,3221353264.0,15382.0
2023-01-25,SRM3,15690.0,15735.0,15523.0,15592.0,1322,849,20670922.0,15585.0
2023-01-25,SRU3,15941.0,16002.0,15756.0,15851.0,151,136,2397690.0,15851.0
2023-01-25,SRZ3,16221.0,16221.0,15965.0,16100.0,18,10,289130.0,16079.0
2023-01-25,SSH3,2517.0,2562.0,2494.0,2536.0,1234,229,3121602.0,2536.0
2023-01-25,SSM3,2568.0,2568.0,2566.0,2566.0,2,2,5134.0,2566.0
2023-01-25,SVH3,23.46,23.55,23.27,23.47,34046,9163,552545773.75,23.46
2023-01-25,SVM3,23.67,23.75,23.51,23.69,1060,641,17364836.06,23.68
2023-01-25,SVU3,24.32,24.32,24.26,24.26,10,5,168295.14,24.26
2023-01-25,SVZ3,25.19,25.19,25.06,25.06,9,2,156337.89,25.06
2023-01-25,SXH3,4002.9,4045.0,4000.2,4001.2,282,43,854839.25,4001.2
2023-01-25,SXM3,3983.0,3983.0,3850.2,3850.2,3,2,8809.28,3955.2
2023-01-25,SiH3,69750.0,69987.0,69421.0,69880.0,791351,184495,55173529096.0,69901.0
2023-01-25,SiH4,74568.0,74568.0,74568.0,74568.0,2,1,149136.0,74600.0
2023-01-25,SiM3,70332.0,70690.0,70116.0,70572.0,17969,7483,1265887351.0,70605.0
2023-01-25,SiM4,75300.0,75378.0,75300.0,75377.0,3,3,226055.0,75377.0
2023-01-25,SiU3,71800.0,72032.0,71577.0,71997.0,219,151,15729002.0,71954.0
2023-01-25,SiU4,76109.0,76232.0,76109.0,76232.0,4,3,304713.0,76232.0
2023-01-25,SiZ3,73134.0,73601.0,72665.0,73600.0,38,28,2784751.0,73600.0
2023-01-25,SiZ4,78287.0,78287.0,75840.0,75840.0,2,2,154127.0,76031.0
2023-01-25,TIH3,27323.0,27323.0,26882.0,26931.0,480,332,12996660.0,26960.0
2023-01-25,TIM3,27721.0,27721.0,27721.0,27721.0,1,1,27721.0,27499.0
2023-01-25,TTH3,33733.0,33784.0,33550.0,33614.0,288,177,9691048.0,33660.0
2023-01-25,TTM3,34200.0,34300.0,34200.0,34300.0,2,2,68500.0,34300.0
2023-01-25,USDRUBF,69.15,69.34,68.88,69.3,11388,3466,787020170.0,69.28
2023-01-25,VBH3,1684.0,1693.0,1651.0,1678.0,131814,12066,220157060.0,1678.0
2023-01-25,VBM3,1715.0,1719.0,1684.0,1705.0,1823,765,3099170.0,1706.0
2023-01-25,VBU3,1761.0,1763.0,1743.0,1752.0,153,20,267624.0,1761.0
2023-01-25,VIG3,37.5,37.5,36.7,37.25,27,26,138880.0,37.2
2023-01-25,W4F3,15190.0,15200.0,15080.0,15090.0,7,6,105940.0,15090.0
2023-01-25,W4H3,15240.0,15250.0,15090.0,15090.0,5,5,75780.0,15100.0
2023-01-25,YNH3,19407.0,19470.0,19186.0,19231.0,3466,2023,67100206.0,19201.0
2023-01-25,YNM3,19695.0,19743.0,19529.0,19547.0,96,75,1889945.0,19558.0
2023-01-25,YNU3,20034.0,20034.0,19800.0,19800.0,9,6,178871.0,19800.0
2023-01-26,AFH3,2721.0,2747.0,2702.0,2703.0,3014,418,8213404.0,2709.0
2023-01-26,AFM3,2767.0,2785.0,2750.0,2754.0,172,54,475256.0,2754.0
2023-01-26,AFU3,2850.0,2850.0,2850.0,2850.0,4,2,11400.0,2850.0
2023-01-26,AKH3,12294.0,12386.0,12288.0,12336.0,230,110,2837132.0,12336.0
2023-01-26,AKM3,12518.0,12655.0,12518.0,12588.0,10,6,125745.0,12588.0
2023-01-26,ALH3,6123.0,6185.0,6090.0,6096.0,3567,1025,21858244.0,6103.0
2023-01-26,ALM3,6268.0,6289.0,6217.0,6218.0,27,17,168635.0,6218.0
2023-01-26,ALU3,6379.0,6380.0,6334.0,6334.0,3,3,19093.0,6334.0
2023-01-26,AUH3,0.7099,0.7141,0.7097,0.7106,21,6,1034761.46,0.7106
2023-01-26,BRG3,87.51,88.42,86.55,87.81,151226,57060,9157447315.28,87.9
2023-01-26,BRG4,80.0,80.0,80.0,80.0,1,1,55398.16,81.78
2023-01-26,BRH3,89.74,90.32,89.2,89.75,22997,13394,1428209923.32,89.71
2023-01-26,BRJ3,92.25,92.75,91.5,91.94,499,319,31775124.4,91.94
2023-01-26,BRK3,95.22,95.35,94.4,94.81,74,71,4854700.08,94.81
2023-01-26,BRM3,95.0,95.3,94.44,94.8,12,12,788336.61,94.89
2023-01-26,BRN3,93.8,94.57,93.8,94.57,2,2,130441.89,94.57
2023-01-26,BRQ3,94.35,94.35,94.35,94.35,1,1,65335.2,94.35
2023-01-26,BRV3,94.64,94.64,94.29,94.29,2,2,130829.68,94.69
2023-01-26,CAH3,1.3389,1.3389,1.3389,1.3389,49,1,3386180.28,1.3389
2023-01-26,CFH3,0.9215,0.9218,0.9175,0.9218,28,3,1933034.27,0.9218
2023-01-26,CHH3,86962.0,87747.0,86679.0,87480.0,93,83,8120248.0,87356.0
2023-01-26,CHM3,88919.0,88919.0,88919.0,88919.0,1,1,88919.0,88919.0
2023-01-26,CNYRUBF,10.22,10.31,10.19,10.29,58720,2152,602745640.0,10.28
2023-01-26,CRH3,10.275,10.364,10.268,10.343,1416713,68304,14616900070.0,10.343
2023-01-26,CRM3,10.429,10.506,10.417,10.492,14316,2068,149750015.0,10.491
2023-01-26,CRM4,11.197,11.197,11.187,11.187,3,3,33571.0,11.481
2023-01-26,CRU3,10.587,10.768,10.577,10.669,86,42,916707.0,10.669
2023-01-26,CRZ3,10.865,10.865,10.784,10.862,4,4,43295.0,10.862
2023-01-26,CSH3,5535.0,5639.0,5535.0,5639.0,2,2,11174.0,5618.0
2023-01-26,DYH3,6704.0,6905.0,6698.0,6725.0,53,34,357374.0,6725.0
2023-01-26,EDH3,1.0803,1.0843,1.0789,1.081,65820,20796,4932607088.39,1.0811
2023-01-26,EDM3,1.0698,1.073,1.0698,1.0705,967,547,71752416.26,1.0705
2023-01-26,EDU3,1.0629,1.0667,1.0601,1.061,22,19,1619856.04,1.061
2023-01-26,EURRUBF,75.36,75.97,75.02,75.4,3578,1145,270272920.0,75.46
2023-01-26,EuH3,75364.0,76034.0,74964.0,75376.0,124286,33790,9389754022.0,75410.0
2023-01-26,EuM3,75403.0,76067.0,75039.0,75410.0,1216,688,91794091.0,75443.0
2023-01-26,EuU3,76600.0,76600.0,76100.0,76100.0,14,12,1070401.0,76101.0
2023-01-26,FSH3,8501.0,8548.0,8451.0,8495.0,105,30,891598.0,8495.0
2023-01-26,FVH3,15182.0,15401.0,15153.0,15153.0,446,243,6796302.0,15162.0
2023-01-26,FVM3,15602.0,15667.0,15497.0,15556.0,6,6,93430.0,15511.0
2023-01-26,GDH3,1932.1,1947.9,1929.5,1934.5,119197,39939,16009728530.91,1933.3
2023-01-26,GDM3,1927.7,1944.1,1926.4,1931.2,3619,1443,485281702.64,1931.2
2023-01-26,GDU3,1934.4,1946.1,1933.2,1941.4,49,44,6585117.0,1939.0
2023-01-26,GDZ3,1943.5,1952.9,1941.0,1946.3,45,37,6059679.28,1942.9
2023-01-26,GKH3,15055.0,15160.0,14857.0,14870.0,20825,7073,311968716.0,14899.0
2023-01-26,GKM3,15056.0,15144.0,14900.0,14900.0,39,20,585579.0,14900.0
2023-01-26,GKU3,14900.0,14900.0,14900.0,14900.0,1,1,14900.0,14900.0
2023-01-26,GUH3,1.2349,1.2413,1.2267,1.2378,26,24,2228023.98,1.2373
2023-01-26,GZH3,15999.0,16156.0,15860.0,15898.0,52373,16235,836822803.0,15881.0
2023-01-26,GZM3,16290.0,16427.0,16183.0,16196.0,757,380,12285654.0,16200.0
2023-01-26,GZU3,16530.0,16530.0,16420.0,16420.0,3,3,49430.0,16386.0
2023-01-26,GZU4,17900.0,17900.0,17900.0,17900.0,1,1,17900.0,17900.0
2023-01-26,GZU5,18600.0,18600.0,18600.0,18600.0,1,1,18600.0,18591.0
2023-01-26,GZZ3,16683.0,16684.0,16681.0,16681.0,7,3,116779.0,16561.0
2023-01-26,GZZ5,18551.0,19656.0,18551.0,19656.0,12,2,229242.0,19997.0
2023-01-26,HOH3,25020.0,25110.0,24700.0,24710.0,11,10,273040.0,24970.0
2023-01-26,HSH3,23002.0,23959.0,22905.0,23680.0,3582,671,7475744.32,23680.0
2023-01-26,HSM3,22922.0,24111.0,22915.0,24000.0,48,21,100434.83,24000.0
2023-01-26,HSU3,23800.0,25400.0,23202.0,25391.0,117,14,257247.2,23800.0
2023-01-26,HYH3,7692.0,7714.0,7640.0,7655.0,155,46,1188587.0,7661.0
2023-01-26,IRH3,34450.0,35060.0,34450.0,35060.0,74,52,2570853.0,35060.0
2023-01-26,IRM3,35200.0,35200.0,35200.0,35200.0,1,1,35200.0,35200.0
2023-01-26,JPH3,130.6,130.94,130.0,130.94,18,14,1256918.98,130.94
2023-01-26,JPM3,129.03,129.03,129.03,129.03,1,1,69041.37,130.9
2023-01-26,LKH3,39528.0,39745.0,39444.0,39521.0,4997,3571,197612257.0,39532.0
2023-01-26,LKM3,40374.0,40490.0,40300.0,40350.0,57,34,2302830.0,40350.0
2023-01-26,MAM3,5985.0,5990.0,5985.0,5990.0,3,3,17961.0,5962.0
2023-01-26,MCH3,10811.0,11100.0,10808.0,11037.0,147,74,1614110.0,11063.0
2023-01-26,MEH3,10307.0,10421.0,10289.0,10365.0,1054,355,10911045.0,10365.0
2023-01-26,MEM3,10468.0,10507.0,10392.0,10416.0,21,12,219240.0,10416.0
2023-01-26,MGH3,34217.0,34299.0,34071.0,34249.0,83,59,2837809.0,34244.0
2023-01-26,MGM3,34527.0,34529.0,34527.0,34529.0,6,6,207169.0,34529.0
2023-01-26,MLH3,4794.0,4851.0,4788.0,4788.0,1892,400,9107295.0,4788.0
2023-01-26,MLM3,4887.0,4911.0,4887.0,4904.0,14,10,68598.0,4881.0
2023-01-26,MMH3,2176.0,2189.75,2172.05,2178.8,22674,6657,494600021.0,2178.05
2023-01-26,MMM3,2178.0,2186.0,2177.95,2178.15,9,8,196358.5,2178.15
2023-01-26,MMU3,2201.2,2201.2,2201.2,2201.2,1,1,22012.0,2201.2
2023-01-26,MMU5,2488.95,2488.95,2415.15,2415.15,2,2,49041.0,2420.05
2023-01-26,MMZ3,2244.05,2244.05,2244.05,2244.05,2,2,44881.0,2231.4
2023-01-26,MNH3,4612.0,4675.0,4612.0,4650.0,8338,1582,38701530.0,4648.0
2023-01-26,MNM3,4695.0,4757.0,4695.0,4736.0,133,54,628745.0,4730.0
2023-01-26,MNU3,4774.0,4817.0,4774.0,4817.0,3,3,14394.0,4817.0
2023-01-26,MTH3,24275.0,24306.0,24093.0,24260.0,536,158,12989484.0,24260.0
2023-01-26,MTM3,24598.0,24598.0,24598.0,24598.0,1,1,24598.0,24598.0
2023-01-26,MXH3,218150.0,219625.0,217725.0,218250.0,8373,5479,1830369925.0,218225.0
2023-01-26,MXM3,218000.0,218950.0,217850.0,218100.0,21,17,4579425.0,218100.0
2023-01-26,MXU3,222000.0,222000.0,222000.0,222000.0,1,1,222000.0,222000.0
2023-01-26,NAH3,11310.0,11614.0,11310.0,11524.0,51331,5708,407965906.63,11523.0
2023-01-26,NAM3,11260.0,11454.0,11250.0,11360.0,193,88,1513014.09,11358.0
2023-01-26,NAU3,11405.0,11571.0,11369.0,11369.0,6,6,47453.58,11390.0
2023-01-26,NAZ3,11350.0,11600.0,11350.0,11600.0,4,4,31946.88,11594.0
2023-01-26,NGF3,3.199,3.199,2.814,2.851,445361,102425,9241604724.34,2.857
2023-01-26,NGG3,3.221,3.226,2.951,3.006,587236,161226,12387433012.97,3.02
2023-01-26,NGH3,3.381,3.394,3.086,3.179,38337,17240,845878382.23,3.189
2023-01-26,NGJ3,3.615,3.635,3.348,3.407,1197,814,28498572.89,3.405
2023-01-26,NGK3,3.818,3.847,3.565,3.603,300,191,7541303.18,3.612
2023-01-26,NGM3,4.111,4.163,3.766,3.86,575,349,15649481.88,3.86
2023-01-26,NGN3,3.545,3.899,3.545,3.846,24,21,633367.19,3.846
2023-01-26,NKH3,102751.0,103458.0,102357.0,103051.0,198,180,20384819.0,103326.0
2023-01-26,NKM3,104239.0,104239.0,104239.0,104239.0,1,1,104239.0,104239.0
2023-01-26,NMH3,11263.0,11314.0,11199.0,11297.0,2046,1527,23029740.0,11307.0
2023-01-26,NMM3,11424.0,11424.0,11423.0,11423.0,2,2,22847.0,11443.0
2023-01-26,OGH3,5650.0,5746.0,5650.0,5685.0,9,6,51232.0,5680.0
2023-01-26,OZH3,16444.0,16651.0,16325.0,16410.0,1065,518,17545168.0,16456.0
2023-01-26,OZM3,16777.0,17000.0,16015.0,16769.0,122,66,2041287.0,16752.0
2023-01-26,PDH3,1754.0,1766.99,1725.0,1746.0,174,86,21062840.13,1744.5
2023-01-26,PDM3,1830.0,1839.0,1806.31,1806.31,8,8,1011182.15,1815.31
2023-01-26,PHH3,6438.0,6466.0,6415.0,6427.0,74,51,476186.0,6427.0
2023-01-26,PIH3,6171.0,6219.0,6137.0,6157.0,438,98,2706578.0,6154.0
2023-01-26,POH3,4471.0,4791.0,4440.0,4703.0,56090,9948,261829601.0,4720.0
2023-01-26,POM3,4546.0,4870.0,4544.0,4800.0,1767,674,8412586.0,4808.0
2023-01-26,PSH3,1452.0,1475.0,1421.0,1469.0,268,79,391735.0,1467.0
2023-01-26,PSM3,1524.0,1581.0,1400.0,1520.0,23,12,33652.0,1520.0
2023-01-26,PTH3,1065.0,1065.7,1045.6,1048.2,349,251,25510070.34,1048.2
2023-01-26,PTM3,1079.0,1079.0,1063.0,1068.2,17,14,1261277.64,1068.2
2023-01-26,PZH3,85842.0,88314.0,85737.0,87705.0,1785,1379,155634493.0,87961.0
2023-01-26,PZM3,87957.0,89646.0,87930.0,89096.0,34,32,3025285.0,89616.0
2023-01-26,RIH3,99230.0,100430.0,98750.0,99300.0,99197,62153,13684081895.06,99340.0
2023-01-26,RIM3,98620.0,99480.0,98130.0,98590.0,97,93,13284911.32,98590.0
2023-01-26,RIZ3,98590.0,98590.0,98590.0,98590.0,1,1,136542.22,98590.0
2023-01-26,RIZ4,99030.0,99030.0,99030.0,99030.0,1,1,137151.6,97310.0
2023-01-26,RLH3,4166.0,4194.0,4131.0,4194.0,2654,350,11046381.0,4182.0
2023-01-26,RLM3,4200.0,4200.0,4137.0,4137.0,7,2,29337.0,4304.0
2023-01-26,RMH3,993.0,1005.0,988.0,994.0,14393,5188,198716733.01,994.5
2023-01-26,RMM3,986.5,994.5,983.5,986.0,106,68,1452692.22,986.0
2023-01-26,RMU3,993.5,993.5,993.5,993.5,1,1,13759.52,993.5
2023-01-26,RNH3,34105.0,34318.0,33750.0,33751.0,2083,1138,70856129.0,33787.0
2023-01-26,RNM3,34588.0,34633.0,34263.0,34391.0,14,14,483546.0,34210.0
2023-01-26,RTH3,5690.0,5702.0,5689.0,5701.0,38,20,216292.0,5689.0
2023-01-26,SEH3,1520.0,1559.0,1500.0,1525.0,240,42,363457.0,1525.0
2023-01-26,SFH3,387.37,394.99,387.35,392.51,68955,14719,1870023543.7,392.64
2023-01-26,SFM3,384.44,391.53,384.26,389.41,1127,570,30308640.78,389.41
2023-01-26,SFU3,381.73,387.0,381.72,384.3,18,18,480038.22,384.3
2023-01-26,SFZ3,383.0,386.0,382.2,386.0,8,7,212373.24,386.0
2023-01-26,SGH3,27332.0,27470.0,27216.0,27333.0,142,80,3880117.0,27333.0
2023-01-26,SGM3,27875.0,27875.0,27875.0,27875.0,2,1,55750.0,27875.0
2023-01-26,SNH3,21938.0,22092.0,21860.0,21940.0,1131,481,24843501.0,21911.0
2023-01-26,SNM3,22541.0,22541.0,22541.0,22541.0,1,1,22541.0,22436.0
2023-01-26,SOH3,4448.0,4500.0,4448.0,4480.0,267,66,1196886.0,4481.0
2023-01-26,SOM3,4600.0,4600.0,4600.0,4600.0,2,2,9200.0,4600.0
2023-01-26,SPH3,15161.0,15273.0,15093.0,15107.0,5162,2794,78278502.0,15100.0
2023-01-26,SPM3,15343.0,15400.0,15271.0,15399.0,18,10,276508.0,15287.0
2023-01-26,SRH3,15393.0,15599.0,15327.0,15340.0,235987,59215,3650576118.0,15341.0
2023-01-26,SRM3,15583.0,15809.0,15531.0,15538.0,1664,815,26048144.0,15537.0
2023-01-26,SRU3,15831.0,15954.0,15831.0,15854.0,67,56,1065927.0,15854.0
2023-01-26,SRZ3,16163.0,16164.0,16162.0,16162.0,4,4,64652.0,16093.0
2023-01-26,SSH3,2537.0,2562.0,2529.0,2532.0,385,88,980953.0,2539.0
2023-01-26,SSM3,2567.0,2600.0,2567.0,2600.0,10,2,25967.0,2600.0
2023-01-26,SVH3,23.47,23.85,23.41,23.61,64855,13426,1061117186.54,23.6
2023-01-26,SVM3,23.62,23.97,23.62,23.76,1453,818,23929649.1,23.75
2023-01-26,SVU3,24.39,24.46,24.18,24.18,54,22,908696.07,24.18
2023-01-26,SVZ3,25.2,25.2,25.2,25.2,10,3,174504.2,25.2
2023-01-26,SXH3,4034.7,4071.0,4001.3,4050.0,148,46,451871.3,4050.1
2023-01-26,SiH3,69907.0,70266.0,69276.0,69770.0,1185452,287992,82648666927.0,69770.0
2023-01-26,SiH4,74530.0,74758.0,74530.0,74758.0,4,4,298576.0,74758.0
2023-01-26,SiM3,70605.0,71030.0,70073.0,70479.0,22033,8593,1553416235.0,70479.0
2023-01-26,SiM4,75448.0,75448.0,75117.0,75117.0,2,2,150565.0,75251.0
2023-01-26,SiU3,71902.0,72355.0,71550.0,71927.0,131,113,9429577.0,71927.0
2023-01-26,SiU4,76591.0,76591.0,75836.0,75836.0,2,2,152427.0,75856.0
2023-01-26,SiZ3,73600.0,73841.0,73200.0,73400.0,55,23,4035364.0,73400.0
2023-01-26,TIH3,26900.0,27250.0,26810.0,26863.0,283,171,7637450.0,26830.0
2023-01-26,TIM3,27499.0,27530.0,27499.0,27530.0,2,2,55029.0,27391.0
2023-01-26,TTH3,33678.0,33993.0,33597.0,33658.0,296,215,9989397.0,33670.0
2023-01-26,TTM3,34718.0,34718.0,34718.0,34718.0,1,1,34718.0,34396.0
2023-01-26,USDRUBF,69.33,69.65,68.86,69.35,21625,5891,1496600930.0,69.25
2023-01-26,VBH3,1675.0,1690.0,1670.0,1676.0,81277,7171,136634819.0,1675.0
2023-01-26,VBM3,1701.0,1716.0,1701.0,1706.0,499,245,853224.0,1706.0
2023-01-26,VBU3,1753.0,1753.0,1751.0,1751.0,7,2,12259.0,1751.0
2023-01-26,VIG3,37.2,37.2,36.55,36.55,10,10,50876.3,36.55
2023-01-26,W4F3,15130.0,15130.0,15080.0,15100.0,9,9,135860.0,15090.0
2023-01-26,W4G3,15110.0,15110.0,15100.0,15110.0,5,5,75530.0,15110.0
2023-01-26,W4H3,15210.0,15210.0,15210.0,15210.0,1,1,15210.0,15200.0
2023-01-26,YNH3,19252.0,19439.0,19064.0,19108.0,3512,1629,67687830.0,19098.0
2023-01-26,YNM3,19615.0,19741.0,19421.0,19444.0,48,46,938940.0,19441.0
2023-01-26,YNU3,19801.0,19955.0,19740.0,19743.0,23,13,454872.0,19740.0
2023-01-27,AFH3,2709.0,2769.0,2693.0,2750.0,2813,491,7674444.0,2750.0
2023-01-27,AFM3,2750.0,2807.0,2750.0,2802.0,81,46,224042.0,2796.0
2023-01-27,AFU3,2856.0,2856.0,2814.0,2826.0,55,6,154920.0,2843.0
2023-01-27,AKH3,12302.0,12459.0,12302.0,12459.0,272,100,3375465.0,12459.0
2023-01-27,AKM3,12588.0,12588.0,12582.0,12582.0,5,3,62934.0,12655.0
2023-01-27,ALH3,6113.0,6332.0,6087.0,6114.0,4192,1177,25713641.0,6131.0
2023-01-27,ALM3,6229.0,6384.0,6203.0,6203.0,175,76,1095391.0,6251.0
2023-01-27,ALU3,6380.0,6404.0,6250.0,6400.0,23,8,145819.0,6400.0
2023-01-27,AUH3,0.7137,0.7137,0.7109,0.7132,14,4,693156.1,0.7132
2023-01-27,BRF4,95.62,95.62,95.62,95.62,1,1,66452.36,95.62
2023-01-27,BRG3,87.89,89.16,87.67,87.87,114897,43710,7066442129.41,87.91
2023-01-27,BRH3,89.7,90.64,89.35,89.49,17258,9728,1081211789.15,89.6
2023-01-27,BRJ3,92.08,92.58,91.5,91.5,342,247,21919021.91,91.69
2023-01-27,BRK3,94.99,95.3,94.5,94.5,64,60,4223457.01,94.6
2023-01-27,BRM3,95.19,95.19,95.19,95.19,1,1,66153.53,95.19
2023-01-27,BRN3,94.68,94.68,94.68,94.68,2,2,131598.2,94.68
2023-01-27,BRU3,96.4,97.29,94.48,97.29,14,7,937470.38,96.65
2023-01-27,BRX3,94.07,94.07,94.07,94.07,1,1,65375.17,94.29
2023-01-27,BRZ3,96.0,96.0,94.99,95.96,14,11,933015.64,95.96
2023-01-27,CFH3,0.9214,0.9214,0.9214,0.9214,50,1,3467610.5,0.9218
2023-01-27,CHH3,87425.0,88756.0,87349.0,88700.0,153,107,13485959.0,88699.0
2023-01-27,CHM3,89000.0,89000.0,89000.0,89000.0,2,2,178000.0,89000.0
2023-01-27,CNYRUBF,10.29,10.29,10.24,10.28,16598,1089,170309050.0,10.26
2023-01-27,CRH3,10.346,10.362,10.295,10.333,1065871,38806,11001578549.0,10.333
2023-01-27,CRM3,10.492,10.508,10.448,10.475,12958,1336,135680644.0,10.476
2023-01-27,CRM4,11.21,11.35,11.147,11.147,7,7,78531.0,11.358
2023-01-27,CRU3,10.671,10.688,10.619,10.637,343,192,3647376.0,10.639
2023-01-27,CRZ3,10.862,10.994,10.862,10.994,15,7,163191.0,10.9
2023-01-27,CSM3,5118.0,5634.0,5118.0,5634.0,2,2,10752.0,5566.0
2023-01-27,DYH3,6733.0,6805.0,6503.0,6756.0,121,33,816541.0,6756.0
2023-01-27,EDH3,1.0815,1.0822,1.0779,1.0779,36943,10362,2772780940.39,1.0781
2023-01-27,EDM3,1.0702,1.0712,1.068,1.068,228,150,16953302.66,1.068
2023-01-27,EDU3,1.0643,1.0643,1.0643,1.0643,2,2,147929.82,1.0643
2023-01-27,EURRUBF,75.41,75.65,75.2,75.42,536,273,40437230.0,75.4
2023-01-27,EuH3,75371.0,75710.0,75205.0,75481.0,36516,12142,2758260949.0,75510.0
2023-01-27,EuM3,75435.0,75744.0,75247.0,75591.0,539,286,40705039.0,75576.0
2023-01-27,EuU3,76391.0,76600.0,76391.0,76600.0,6,4,459351.0,76600.0
2023-01-27,FSH3,8490.0,8711.0,8490.0,8711.0,52,20,447660.0,8643.0
2023-01-27,FSM3,8808.0,8850.0,8756.0,8814.0,18,5,158270.0,8814.0
2023-01-27,FVH3,15164.0,15262.0,15061.0,15201.0,374,179,5665096.0,15167.0
2023-01-27,FVM3,15519.0,15519.0,15466.0,15484.0,3,3,46469.0,15484.0
2023-01-27,GDH3,1933.3,1938.8,1923.3,1924.8,94722,31080,12719603051.16,1926.0
2023-01-27,GDM3,1930.1,1937.0,1922.8,1923.0,2586,1145,347089268.35,1925.0
2023-01-27,GDU3,1934.1,1941.1,1929.9,1929.9,27,22,3629736.13,1929.9
2023-01-27,GDZ3,1942.5,1945.3,1931.0,1931.0,30,23,4033996.13,1934.1
2023-01-27,GKH3,14870.0,15380.0,14820.0,15195.0,27347,8576,413675269.0,15207.0
2023-01-27,GKM3,14975.0,15390.0,14916.0,15234.0,91,55,1380499.0,15234.0
2023-01-27,GKU3,15224.0,15837.0,15224.0,15837.0,4,4,62054.0,15484.0
2023-01-27,GUH3,1.2371,1.2377,1.23,1.2377,7,7,600656.52,1.2377
2023-01-27,GZH3,15888.0,16100.0,15820.0,16065.0,49869,16896,796724045.0,16069.0
2023-01-27,GZM3,16226.0,16390.0,16146.0,16390.0,695,369,11341185.0,16380.0
2023-01-27,GZM4,17584.0,17584.0,17584.0,17584.0,1,1,17584.0,17584.0
2023-01-27,GZU3,16496.0,16504.0,16353.0,16497.0,7,4,114909.0,16497.0
2023-01-27,HOH3,24980.0,24980.0,24790.0,24820.0,16,8,397000.0,24900.0
2023-01-27,HOM3,25460.0,25460.0,25460.0,25460.0,1,1,25460.0,25410.0
2023-01-27,HSH3,23677.0,24095.0,23550.0,23600.0,2646,373,5581824.48,23600.0
2023-01-27,HSM3,24316.0,24316.0,23700.0,24120.0,47,22,99924.34,24101.0
2023-01-27,HSU3,25370.0,25390.0,24925.0,24975.0,8,5,17945.0,24975.0
2023-01-27,HYH3,7677.0,7863.0,7641.0,7851.0,1182,280,9187467.0,7857.0
2023-01-27,HYM3,7870.0,8017.0,7870.0,8017.0,28,16,222163.0,8016.0
2023-01-27,IRH3,35061.0,35632.0,34892.0,35354.0,140,81,4946240.0,35404.0
2023-01-27,JPH3,131.5,131.5,130.92,130.92,6,6,419834.31,130.96
2023-01-27,JPM3,133.63,133.63,133.63,133.63,1,1,71272.9,130.65
2023-01-27,LKH3,39529.0,39585.0,39299.0,39553.0,4471,2890,176235763.0,39507.0
2023-01-27,LKM3,40367.0,40390.0,40165.0,40246.0,31,28,1248171.0,40294.0
2023-01-27,MAH3,6050.0,6099.0,6050.0,6061.0,4,4,24309.0,6061.0
2023-01-27,MCH3,11038.0,11671.0,11037.0,11500.0,841,331,9589279.0,11538.0
2023-01-27,MCM3,11698.0,11943.0,11698.0,11943.0,31,8,369086.0,11896.0
2023-01-27,MEH3,10359.0,10533.0,10345.0,10453.0,3085,1167,32274695.0,10442.0
2023-01-27,MEM3,10408.0,10881.0,10406.0,10518.0,198,84,2108339.0,10528.0
2023-01-27,MGH3,34286.0,34650.0,34132.0,34573.0,134,83,4610696.0,34653.0
2023-01-27,MGM3,34529.0,34820.0,34529.0,34820.0,5,5,173517.0,34853.0
2023-01-27,MLH3,4798.0,4814.0,4732.0,4786.0,1687,386,8062781.0,4772.0
2023-01-27,MLM3,4881.0,4888.0,4844.0,4844.0,42,21,204856.0,4850.0
2023-01-27,MMH3,2178.8,2195.3,2171.0,2191.65,25967,9119,567381507.0,2192.2
2023-01-27,MMM3,2178.1,2190.0,2171.0,2189.0,47,27,1026973.0,2189.0
2023-01-27,MMU3,2201.2,2201.2,2201.2,2201.2,1,1,22012.0,2201.2
2023-01-27,MMZ3,2238.85,2259.95,2133.45,2246.85,43,37,948543.5,2246.85
2023-01-27,MNH3,4646.0,4669.0,4621.0,4647.0,5526,1071,25651530.0,4641.0
2023-01-27,MNM3,4720.0,4735.0,4706.0,4711.0,189,75,892578.0,4722.0
2023-01-27,MTH3,24234.0,24401.0,24198.0,24400.0,183,83,4450891.0,24404.0
2023-01-27,MTM3,24657.0,24726.0,24657.0,24726.0,5,5,123428.0,24726.0
2023-01-27,MTU3,24500.0,24500.0,24500.0,24500.0,1,1,24500.0,24500.0
2023-01-27,MXH3,218175.0,220050.0,217525.0,219625.0,7543,5059,1651430475.0,219700.0
2023-01-27,MXM3,218075.0,219000.0,217875.0,219000.0,19,18,4157225.0,219000.0
2023-01-27,NAH3,11522.0,11700.0,11465.0,11642.0,28620,4439,230731386.59,11645.0
2023-01-27,NAM3,11352.0,11486.0,11321.0,11486.0,245,85,1941404.92,11461.0
2023-01-27,NAU3,11532.0,11532.0,11298.0,11450.0,16,13,126888.57,11450.0
2023-01-27,NAZ3,11702.0,11716.0,11699.0,11716.0,5,5,40668.36,11716.0
2023-01-27,NGF3,2.846,2.952,2.778,2.943,155900,27594,3124758416.79,2.944
2023-01-27,NGG3,3.006,3.15,2.936,3.046,1086653,273909,23015857541.88,3.051
2023-01-27,NGH3,3.177,3.331,3.113,3.214,56407,25883,1260937588.75,3.217
2023-01-27,NGJ3,3.36,3.556,3.349,3.415,1788,1027,42508057.37,3.415
2023-01-27,NGK3,3.619,3.76,3.536,3.662,392,249,9921514.3,3.655
2023-01-27,NGM3,3.822,3.944,3.68,3.802,390,248,10273429.69,3.802
2023-01-27,NGN3,3.83,4.0,3.794,3.843,37,29,984540.14,3.843
2023-01-27,NKH3,103070.0,103669.0,102597.0,103669.0,140,131,14435745.0,103547.0
2023-01-27,NKM3,104750.0,105252.0,97593.0,104052.0,22,21,2259376.0,104052.0
2023-01-27,NMH3,11303.0,11505.0,11278.0,11480.0,1553,590,17696686.0,11479.0
2023-01-27,NMM3,11372.0,11617.0,11372.0,11596.0,12,11,138464.0,11596.0
2023-01-27,NMU3,11890.0,11890.0,10780.0,11890.0,7,3,82120.0,11900.0
2023-01-27,OGM3,5444.0,5900.0,5154.0,5848.0,14,9,77893.0,5563.0
2023-01-27,OZH3,16407.0,16801.0,16324.0,16380.0,1047,419,17290292.0,16748.0
2023-01-27,OZM3,16690.0,17015.0,16336.0,16700.0,104,61,1742595.0,17015.0
2023-01-27,PDH3,1746.5,1746.5,1695.01,1695.01,256,143,30536711.95,1695.01
2023-01-27,PDM3,1810.0,1825.0,1790.0,1791.0,11,11,1378390.63,1791.0
2023-01-27,PHH3,6420.0,6474.0,6407.0,6451.0,135,61,869268.0,6450.0
2023-01-27,PHM3,6580.0,6780.0,6435.0,6620.0,24,15,158821.0,6614.0
2023-01-27,PIH3,6154.0,6175.0,6126.0,6134.0,181,55,1113533.0,6141.0
2023-01-27,POH3,4703.0,4945.0,4620.0,4700.0,61366,10379,292092473.0,4702.0
2023-01-27,POM3,4799.0,5031.0,4712.0,4784.0,1784,793,8664258.0,4784.0
2023-01-27,PSH3,1462.0,1555.0,1457.0,1549.0,535,143,801089.0,1483.0
2023-01-27,PSM3,1570.0,1619.0,1465.0,1515.0,27,7,42163.0,1515.0
2023-01-27,PTH3,1049.5,1050.7,1031.0,1031.0,591,374,42655758.48,1034.0
2023-01-27,PTM3,1060.1,1062.7,1048.1,1048.1,43,41,3148370.05,1051.0
2023-01-27,PZH3,87700.0,88968.0,87503.0,88032.0,1151,891,101397423.0,88016.0
2023-01-27,PZM3,89579.0,91060.0,89241.0,89613.0,30,29,2702585.0,89613.0
2023-01-27,RIH3,99230.0,99890.0,98950.0,99590.0,64588,38818,8926931858.22,99630.0
2023-01-27,RIM3,98610.0,99120.0,98330.0,98810.0,29,29,3979147.18,98860.0
2023-01-27,RIU3,98370.0,98900.0,98370.0,98600.0,9,9,1234313.44,98610.0
2023-01-27,RIZ3,98940.0,99920.0,98000.0,99000.0,11,11,1512994.41,99000.0
2023-01-27,RLH3,4175.0,4280.0,4175.0,4264.0,2290,405,9712338.0,4264.0
2023-01-27,RLM3,4243.0,4422.0,4243.0,4246.0,49,12,212981.0,4386.0
2023-01-27,RMH3,995.0,999.0,990.5,996.0,6795,2551,93989382.4,996.5
2023-01-27,RMM3,988.0,990.0,984.0,988.0,28,26,383946.21,988.0
2023-01-27,RMU3,971.5,971.5,963.5,963.5,4,3,53762.33,967.0
2023-01-27,RNH3,33739.0,34133.0,33730.0,34046.0,1306,854,44347286.0,34100.0
2023-01-27,RNM3,34265.0,34415.0,34265.0,34415.0,4,4,137318.0,34415.0
2023-01-27,RNU3,34400.0,34400.0,34400.0,34400.0,1,1,34400.0,34401.0
2023-01-27,RTH3,5696.0,5699.0,5681.0,5690.0,39,19,221814.0,5688.0
2023-01-27,SAH3,30.6,30.69,30.6,30.61,5,5,155569.92,30.61
2023-01-27,SEH3,1537.0,1645.0,1507.0,1521.0,135,37,209815.0,1521.0
2023-01-27,SEM3,1530.0,1530.0,1530.0,1530.0,1,1,1530.0,1530.0
2023-01-27,SFH3,392.2,396.0,391.15,394.56,49407,9206,1352447458.01,394.61
2023-01-27,SFM3,388.45,392.42,388.0,391.2,611,296,16589229.75,391.2
2023-01-27,SFU3,383.1,387.9,383.1,387.9,14,14,375497.31,387.9
2023-01-27,SGH3,27319.0,28328.0,27281.0,28109.0,887,647,24773213.0,28159.0
2023-01-27,SGM3,28121.0,28771.0,28116.0,28700.0,32,17,910901.0,28700.0
2023-01-27,SNH3,21917.0,23530.0,21906.0,23285.0,9689,3436,223989074.0,23285.0
2023-01-27,SNM3,23037.0,23947.0,23037.0,23800.0,52,35,1230332.0,23794.0
2023-01-27,SOH3,4480.0,4503.0,4476.0,4486.0,107,31,480028.0,4486.0
2023-01-27,SOM3,4640.0,4649.0,4578.0,4638.0,16,8,74099.0,4638.0
2023-01-27,SPH3,15074.0,15211.0,15058.0,15186.0,3568,2078,54099239.0,15192.0
2023-01-27,SPM3,15290.0,15387.0,15290.0,15387.0,6,6,92155.0,15350.0
2023-01-27,SRH3,15343.0,15511.0,15310.0,15452.0,169562,44434,2614876542.0,15466.0
2023-01-27,SRM3,15551.0,15702.0,15539.0,15676.0,1391,679,21753667.0,15686.0
2023-01-27,SRU3,15886.0,15999.0,15834.0,15999.0,43,42,684422.0,15997.0
2023-01-27,SRZ3,15980.0,16219.0,15980.0,16219.0,2,2,32199.0,16218.0
2023-01-27,SSH3,2554.0,2583.0,2534.0,2555.0,1273,196,3246633.0,2550.0
2023-01-27,SSM3,2626.0,2633.0,2626.0,2633.0,5,2,13158.0,2607.0
2023-01-27,SVH3,23.59,23.75,23.39,23.41,47329,9293,776044860.19,23.45
2023-01-27,SVM3,23.75,23.88,23.58,23.58,647,424,10678954.12,23.62
2023-01-27,SVU3,24.16,24.32,24.16,24.17,22,11,370943.45,24.17
2023-01-27,SVZ3,25.73,25.73,24.62,24.62,4,4,70365.01,24.94
2023-01-27,SXH3,4030.2,4065.5,4030.1,4046.2,26,24,79303.53,4046.2
2023-01-27,SXU3,4098.7,4098.7,4098.7,4098.7,1,1,3090.42,3980.8
2023-01-27,SiH3,69795.0,70175.0,69586.0,70080.0,827967,156725,57922828960.0,70076.0
2023-01-27,SiH4,74758.0,74758.0,74758.0,74758.0,1,1,74758.0,74800.0
2023-01-27,SiM3,70500.0,70815.0,70300.0,70701.0,10702,4358,755522223.0,70712.0
2023-01-27,SiM4,75126.0,75800.0,75126.0,75800.0,12,6,908571.0,75800.0
2023-01-27,SiU3,71724.0,72253.0,71723.0,72253.0,40,37,2879675.0,72162.0
2023-01-27,SiU4,76970.0,77450.0,76970.0,77450.0,7,7,540599.0,77399.0
2023-01-27,SiZ3,73371.0,73767.0,73010.0,73764.0,36,30,2640324.0,73763.0
2023-01-27,SiZ4,78668.0,79138.0,76200.0,76200.0,4,4,310207.0,76701.0
2023-01-27,TIH3,26802.0,27041.0,26795.0,26966.0,236,145,6355120.0,27036.0
2023-01-27,TTH3,33677.0,33768.0,33453.0,33555.0,397,276,13316811.0,33568.0
2023-01-27,TTM3,34468.0,34498.0,34118.0,34279.0,14,12,480405.0,34279.0
2023-01-27,USDRUBF,69.35,69.59,69.15,69.49,9913,2855,688065250.0,69.5
2023-01-27,VBH3,1676.0,1685.0,1671.0,1675.0,56884,5159,95369669.0,1677.0
2023-01-27,VBM3,1707.0,1715.0,1701.0,1704.0,602,277,1028132.0,1707.0
2023-01-27,VBU3,1750.0,1770.0,1728.0,1765.0,112,22,195871.0,1765.0
2023-01-27,VIG3,36.55,36.85,36.0,36.25,20,16,101242.2,36.25
2023-01-27,VIH3,41.2,41.2,31.25,41.15,7,6,36749.67,36.25
2023-01-27,W4F3,15030.0,15130.0,15020.0,15020.0,27,16,406000.0,15020.0
2023-01-27,YNH3,19134.0,19332.0,19120.0,19322.0,2205,1201,42389924.0,19320.0
2023-01-27,YNM3,19478.0,19676.0,19462.0,19676.0,32,30,626175.0,19646.0
2023-01-27,YNU3,19917.0,19987.0,19917.0,19987.0,3,3,59880.0,19917.0
2023-01-30,AFH3,2763.0,2850.0,2752.0,2765.0,5671,1109,15856841.0,2792.0
2023-01-30,AFM3,2792.0,2870.0,2792.0,2825.0,158,78,447497.0,2834.0
2023-01-30,AFU3,2880.0,2882.0,2866.0,2866.0,26,10,74812.0,2877.0
2023-01-30,AKH3,12465.0,12588.0,12447.0,12534.0,425,186,5314629.0,12534.0
2023-01-30,AKM3,12690.0,12690.0,12690.0,12690.0,2,2,25380.0,12717.0
2023-01-30,ALH3,6133.0,6278.0,6000.0,6149.0,7953,1401,49163449.0,6211.0
2023-01-30,ALM3,6259.0,6376.0,6250.0,6250.0,215,89,1349060.0,6320.0
2023-01-30,ALU3,6430.0,6450.0,6430.0,6450.0,5,3,32170.0,6450.0
2023-01-30,AUH3,0.7149,0.7149,0.7077,0.7077,4,2,200087.28,0.7077
2023-01-30,BRF4,93.81,93.81,93.8,93.8,7,3,461757.69,93.8
2023-01-30,BRG3,87.85,87.85,85.35,86.14,157882,59982,9615153716.69,85.99
2023-01-30,BRH3,89.4,89.4,88.0,88.6,50158,22486,3122109316.7,88.52
2023-01-30,BRJ3,91.41,91.59,90.0,90.42,855,715,54412414.07,90.42
2023-01-30,BRK3,94.4,94.4,92.57,93.1,244,218,16024105.47,93.1
2023-01-30,BRM3,94.21,94.25,92.33,93.13,57,51,3734020.01,93.13
2023-01-30,BRN3,93.39,93.97,92.55,93.97,4,4,262690.13,93.94
2023-01-30,BRU3,94.61,95.04,94.61,95.04,2,2,133370.41,95.04
2023-01-30,BRV3,94.67,94.67,94.03,94.03,2,2,132702.33,94.03
2023-01-30,BRX3,94.23,95.5,94.0,95.5,6,6,399766.67,95.4
2023-01-30,BRZ3,94.99,94.99,94.99,94.99,1,1,66801.24,94.99
2023-01-30,CHH3,88337.0,91100.0,88337.0,91100.0,232,179,20935245.0,91024.0
2023-01-30,CNYRUBF,10.28,10.42,10.26,10.4,45135,1618,465696920.0,10.4
2023-01-30,CRH3,10.33,10.481,10.319,10.473,1413197,66642,14697773554.0,10.473
2023-01-30,CRH4,11.088,11.139,10.808,11.139,23,14,253309.0,11.139
2023-01-30,CRM3,10.48,10.633,10.466,10.63,36917,3211,390093511.0,10.63
2023-01-30,CRM4,11.319,11.319,11.319,11.319,7,2,79233.0,11.319
2023-01-30,CRU3,10.671,10.841,10.671,10.771,165,53,1776699.0,10.779
2023-01-30,CRZ3,10.779,10.911,10.779,10.911,58,15,631551.0,10.911
2023-01-30,CSH3,5436.0,5436.0,5436.0,5436.0,1,1,5436.0,5445.0
2023-01-30,CSM3,5621.0,5621.0,5276.0,5276.0,2,2,10897.0,5409.0
2023-01-30,DYH3,6774.0,6852.0,6730.0,6780.0,122,35,828382.0,6779.0
2023-01-30,EDH3,1.0786,1.0842,1.0774,1.081,53290,19308,4052986328.87,1.0812
2023-01-30,EDM3,1.068,1.0729,1.068,1.07,220,146,16569211.53,1.0701
2023-01-30,EDU3,1.0636,1.0694,1.0636,1.0693,11,9,825778.41,1.0693
2023-01-30,EURRUBF,75.43,76.63,75.4,76.56,1269,664,96606990.0,76.56
2023-01-30,EuH3,75568.0,76682.0,75414.0,76649.0,100453,24788,7648261387.0,76660.0
2023-01-30,EuM3,75582.0,76719.0,75492.0,76719.0,589,317,44883189.0,76690.0
2023-01-30,EuU3,77100.0,77476.0,77100.0,77450.0,8,8,618116.0,77450.0
2023-01-30,EuZ3,78639.0,79491.0,78639.0,79491.0,2,2,158130.0,79473.0
2023-01-30,FNH3,6791.0,6791.0,6510.0,6551.0,5,5,33434.0,6552.0
2023-01-30,FNM3,6662.0,6662.0,6662.0,6662.0,1,1,6662.0,6509.0
2023-01-30,FSH3,8689.0,8716.0,8481.0,8680.0,133,67,1149950.0,8680.0
2023-01-30,FSM3,8917.0,8940.0,8836.0,8836.0,29,9,258490.0,8836.0
2023-01-30,FVH3,15247.0,15261.0,15101.0,15110.0,419,147,6366028.0,15105.0
2023-01-30,FVM3,15613.0,15649.0,15407.0,15407.0,7,3,109193.0,15407.0
2023-01-30,GDH3,1925.8,1936.1,1925.8,1932.0,64455,21978,8759183136.98,1931.4
2023-01-30,GDM3,1930.0,1935.1,1927.1,1930.1,1848,802,250946143.47,1930.4
2023-01-30,GDU3,1936.0,1953.6,1933.4,1936.1,28,23,3815807.34,1936.1
2023-01-30,GDZ3,1942.1,1942.1,1939.1,1940.0,11,11,1500759.99,1940.0
2023-01-30,GKH3,15210.0,15360.0,15150.0,15349.0,10843,4146,165700239.0,15342.0
2023-01-30,GKM3,15189.0,15312.0,15189.0,15300.0,23,14,351047.0,15309.0
2023-01-30,GKU3,15036.0,15502.0,14993.0,15502.0,4,4,61023.0,15502.0
2023-01-30,GUH3,1.2371,1.2403,1.2329,1.2345,10,10,869689.04,1.2345
2023-01-30,GZH3,16058.0,16130.0,15901.0,16070.0,48506,16479,775225297.0,16023.0
2023-01-30,GZM3,16352.0,16427.0,16203.0,16377.0,322,213,5239585.0,16327.0
2023-01-30,GZU3,16497.0,16497.0,16350.0,16415.0,11,6,180491.0,16414.0
2023-01-30,GZU4,17500.0,17500.0,17500.0,17500.0,1,1,17500.0,17500.0
2023-01-30,GZU5,18685.0,18870.0,18685.0,18870.0,2,2,37555.0,18888.0
2023-01-30,GZZ5,18182.0,18182.0,18182.0,18182.0,1,1,18182.0,19996.0
2023-01-30,HOH3,24860.0,24900.0,24860.0,24890.0,26,6,647090.0,24890.0
2023-01-30,HOM3,25450.0,25450.0,25450.0,25450.0,1,1,25450.0,25460.0
2023-01-30,HOU3,24480.0,25480.0,24450.0,24450.0,22,4,548950.0,25490.0
2023-01-30,HSH3,23600.0,23761.0,23000.0,23120.0,2702,424,5585620.53,23120.0
2023-01-30,HSM3,24067.0,24067.0,24067.0,24067.0,3,2,6424.44,24067.0
2023-01-30,HSU3,25380.0,25380.0,25182.0,25182.0,4,2,8980.38,24004.0
2023-01-30,HYH3,7846.0,7986.0,7825.0,7935.0,1649,412,13014098.0,7930.0
2023-01-30,HYM3,8003.0,8100.0,8003.0,8100.0,37,19,299173.0,8092.0
2023-01-30,IRH3,35428.0,35799.0,35002.0,35212.0,70,50,2476673.0,35212.0
2023-01-30,IRM3,36070.0,36070.0,36070.0,36070.0,1,1,36070.0,35868.0
2023-01-30,JPH3,131.95,131.95,130.97,131.24,9,9,632459.22,131.24
2023-01-30,JPM3,130.01,133.32,130.01,133.3,5,5,354651.02,133.29
2023-01-30,LKH3,39599.0,39862.0,39519.0,39786.0,6138,3887,243844208.0,39785.0
2023-01-30,LKM3,40441.0,40702.0,40382.0,40652.0,48,41,1947097.0,40640.0
2023-01-30,LKU3,40500.0,40500.0,40500.0,40500.0,1,1,40500.0,40500.0
2023-01-30,MCH3,11453.0,11880.0,11222.0,11400.0,471,212,5465319.0,11490.0
2023-01-30,MCM3,11769.0,11769.0,11522.0,11522.0,18,11,207986.0,11522.0
2023-01-30,MEH3,10438.0,10545.0,10409.0,10485.0,717,313,7497386.0,10476.0
2023-01-30,MEM3,10555.0,10625.0,10519.0,10545.0,34,29,359252.0,10546.0
2023-01-30,MGH3,34623.0,35892.0,34484.0,35618.0,1842,944,64806879.0,35739.0
2023-01-30,MGM3,35027.0,35981.0,34965.0,35918.0,18,17,640295.0,35981.0
2023-01-30,MLH3,4776.0,4882.0,4766.0,4875.0,2625,534,12670104.0,4857.0
2023-01-30,MLM3,4893.0,4952.0,4893.0,4939.0,5,5,24589.0,4939.0
2023-01-30,MMH3,2191.45,2205.85,2190.3,2202.7,20820,6366,457958932.0,2202.5
2023-01-30,MMH6,2439.0,2439.0,2408.9,2408.9,2,2,48479.0,2242.45
2023-01-30,MMM3,2196.4,2206.35,2192.05,2203.0,83,57,1825832.5,2203.0
2023-01-30,MMM4,2364.9,2364.9,2364.9,2364.9,3,2,70947.0,2364.9
2023-01-30,MMM5,2390.9,2419.0,2356.35,2356.4,5,5,118926.5,2098.85
2023-01-30,MMU3,2202.0,2202.0,2202.0,2202.0,1,1,22020.0,2202.0
2023-01-30,MMU4,2462.35,2462.35,2462.35,2462.35,1,1,24623.5,2462.35
2023-01-30,MMZ3,2255.35,2255.35,2249.0,2249.0,5,3,112513.5,2249.0
2023-01-30,MNH3,4646.0,4701.0,4635.0,4698.0,9595,1686,44835985.0,4696.0
2023-01-30,MNM3,4718.0,4767.0,4716.0,4767.0,92,42,436885.0,4770.0
2023-01-30,MTH3,24436.0,24700.0,24383.0,24660.0,437,208,10740199.0,24682.0
2023-01-30,MTM3,24814.0,25814.0,24814.0,25086.0,75,27,1908857.0,25086.0
2023-01-30,MXH3,219575.0,221000.0,219500.0,220850.0,8137,5084,1793274100.0,220750.0
2023-01-30,MXM3,219900.0,220000.0,219350.0,220000.0,24,22,5276925.0,220000.0
2023-01-30,NAH3,11642.0,11748.0,11552.0,11584.0,37002,4818,303441869.54,11560.0
2023-01-30,NAM3,11393.0,11446.0,11316.0,11328.0,200,55,1597818.86,11328.0
2023-01-30,NAU3,11516.0,11560.0,11387.0,11429.0,31,26,250126.36,11429.0
2023-01-30,NAZ3,11877.0,12497.0,11868.0,11995.0,176,52,1515175.87,11968.0
2023-01-30,NGG3,3.045,3.108,2.88,2.919,692463,174500,14477710878.43,2.918
2023-01-30,NGH3,3.214,3.273,3.036,3.105,41025,18746,902190149.62,3.102
2023-01-30,NGJ3,3.411,3.474,3.252,3.331,1579,1070,36904750.68,3.33
2023-01-30,NGK3,3.621,3.68,3.516,3.545,243,156,6100523.75,3.545
2023-01-30,NGM3,3.758,3.859,3.62,3.745,218,167,5763880.48,3.745
2023-01-30,NGN3,3.741,3.84,3.741,3.8,34,17,913149.62,3.8
2023-01-30,NKH3,103442.0,103533.0,103061.0,103303.0,67,64,6923110.0,103496.0
2023-01-30,NMH3,11474.0,11636.0,11451.0,11589.0,825,329,9519365.0,11618.0
2023-01-30,NMM3,11557.0,11750.0,11557.0,11750.0,17,14,198035.0,11750.0
2023-01-30,OGH3,5406.0,5406.0,5404.0,5404.0,3,3,16215.0,5502.0
2023-01-30,OZH3,16525.0,17201.0,16524.0,17201.0,1368,595,23227149.0,17193.0
2023-01-30,OZM3,17024.0,17479.0,16965.0,17479.0,97,74,1662516.0,17479.0
2023-01-30,PDH3,1700.0,1711.4,1690.26,1695.8,185,83,22093216.2,1695.8
2023-01-30,PDM3,1785.0,1788.0,1775.16,1788.0,5,5,626763.83,1788.0
2023-01-30,PHH3,6446.0,6524.0,6427.0,6518.0,933,236,6072635.0,6521.0
2023-01-30,PHM3,6561.0,6648.0,6561.0,6617.0,4,4,26436.0,6637.0
2023-01-30,PIH3,6145.0,6152.0,6084.0,6105.0,176,47,1077466.0,6118.0
2023-01-30,POH3,4703.0,4817.0,4645.0,4803.0,24213,4002,114583943.0,4801.0
2023-01-30,POM3,4786.0,4890.0,4735.0,4878.0,794,348,3831675.0,4886.0
2023-01-30,PSH3,1488.0,1570.0,1469.0,1550.0,1493,225,2274314.0,1550.0
2023-01-30,PSM3,1515.0,1609.0,1457.0,1604.0,30,15,46049.0,1604.0
2023-01-30,PTH3,1036.8,1041.6,1031.9,1041.5,353,178,25752121.85,1041.5
2023-01-30,PTM3,1049.0,1053.7,1048.1,1053.0,23,15,1699145.38,1053.0
2023-01-30,PZH3,88150.0,93437.0,88034.0,92811.0,3537,2618,323121240.0,93017.0
2023-01-30,PZM3,90200.0,94800.0,89904.0,94500.0,80,74,7437304.0,94790.0
2023-01-30,RIH3,99560.0,100430.0,98710.0,98860.0,83894,50377,11746358412.9,98900.0
2023-01-30,RIH4,97800.0,97800.0,97800.0,97800.0,1,1,137554.72,97800.0
2023-01-30,RIM3,98990.0,99550.0,98280.0,98360.0,102,93,14147025.13,98360.0
2023-01-30,RIU3,98660.0,98660.0,98280.0,98280.0,16,16,2219173.94,98280.0
2023-01-30,RIZ3,98550.0,98550.0,98540.0,98540.0,2,2,277205.11,98540.0
2023-01-30,RLH3,4252.0,4296.0,4194.0,4230.0,1371,243,5817916.0,4230.0
2023-01-30,RLM3,4399.0,4399.0,4313.0,4320.0,3,3,13032.0,4320.0
2023-01-30,RMH3,996.0,1004.0,988.0,990.5,10378,3869,145352828.03,990.5
2023-01-30,RMM3,989.5,995.5,985.0,986.0,335,128,4655481.94,986.0
2023-01-30,RNH3,34102.0,34230.0,33906.0,34000.0,1685,1161,57413265.0,34126.0
2023-01-30,RNM3,34753.0,34809.0,34335.0,34631.0,9,9,312053.0,34697.0
2023-01-30,RTH3,5732.0,6128.0,5696.0,5963.0,4105,982,24409636.0,5938.0
2023-01-30,RTM3,5899.0,6369.0,5899.0,6063.0,316,61,1934446.0,6063.0
2023-01-30,SAH3,30.95,31.0,30.79,31.0,8,6,251551.44,31.01
2023-01-30,SEH3,1550.0,1615.0,1507.0,1551.0,1474,135,2283812.0,1551.0
2023-01-30,SFH3,394.38,396.57,392.65,393.83,50312,10735,1395921955.05,393.31
2023-01-30,SFM3,391.0,392.85,389.74,390.35,914,413,25129362.37,390.14
2023-01-30,SFU3,385.19,388.0,385.04,386.04,16,12,435398.96,386.04
2023-01-30,SFZ3,386.0,388.93,384.2,384.2,14,7,381830.98,384.2
2023-01-30,SGH3,28219.0,28794.0,28035.0,28372.0,703,479,19948948.0,28385.0
2023-01-30,SGM3,28900.0,29073.0,28677.0,28800.0,15,12,434415.0,28800.0
2023-01-30,SNH3,23285.0,24000.0,23130.0,23377.0,6235,2641,146488765.0,23435.0
2023-01-30,SNM3,23797.0,24409.0,23733.0,23926.0,102,58,2437514.0,23926.0
2023-01-30,SOH3,4485.0,4615.0,4470.0,4488.0,841,168,3797823.0,4480.0
2023-01-30,SOM3,4618.0,4626.0,4618.0,4626.0,36,6,166260.0,4626.0
2023-01-30,SPH3,15187.0,15258.0,15115.0,15238.0,3159,1819,48021766.0,15231.0
2023-01-30,SPM3,15370.0,15370.0,15263.0,15300.0,23,9,352323.0,15300.0
2023-01-30,SRH3,15458.0,15544.0,15362.0,15492.0,176223,46433,2723704899.0,15487.0
2023-01-30,SRM3,15682.0,15748.0,15560.0,15701.0,989,658,15483451.0,15683.0
2023-01-30,SRU3,15970.0,16001.0,15901.0,16000.0,48,46,765679.0,16000.0
2023-01-30,SRZ3,16151.0,16151.0,16150.0,16150.0,6,4,96901.0,16150.0
2023-01-30,SSH3,2545.0,2550.0,2520.0,2550.0,873,147,2214186.0,2550.0
2023-01-30,SSM3,2599.0,2599.0,2599.0,2599.0,2,1,5198.0,2599.0
2023-01-30,SVH3,23.45,23.7,23.44,23.57,30405,5455,504363686.72,23.56
2023-01-30,SVM3,23.73,23.84,23.65,23.7,496,269,8277503.39,23.7
2023-01-30,SVU3,24.25,24.32,24.2,24.32,14,9,238575.85,24.32
2023-01-30,SVZ3,25.15,25.15,25.05,25.05,2,2,35302.9,25.05
2023-01-30,SXH3,4035.3,4058.0,4019.3,4019.3,297,47,917963.29,4019.3
2023-01-30,SXU3,3803.1,3803.1,3803.1,3803.1,1,1,2910.89,3954.3
2023-01-30,SiH3,70089.0,71089.0,69911.0,71019.0,878135,224027,61830765550.0,71006.0
2023-01-30,SiH4,75000.0,75562.0,74999.0,75562.0,14,12,1052866.0,75562.0
2023-01-30,SiM3,70717.0,71772.0,70595.0,71724.0,9840,5421,700100549.0,71695.0
2023-01-30,SiM4,75800.0,76501.0,75800.0,76501.0,4,4,304191.0,76501.0
2023-01-30,SiU3,72092.0,72980.0,71887.0,72980.0,384,195,27741052.0,72935.0
2023-01-30,SiU4,77663.0,77777.0,77533.0,77533.0,5,5,388524.0,77676.0
2023-01-30,SiZ3,73553.0,74576.0,73415.0,74576.0,71,42,5252573.0,74576.0
2023-01-30,SiZ4,78430.0,78430.0,78325.0,78325.0,2,2,156755.0,78325.0
2023-01-30,TIH3,27029.0,27196.0,26789.0,27029.0,344,237,9299367.0,27048.0
2023-01-30,TIM3,27576.0,27611.0,27484.0,27611.0,4,4,110258.0,27579.0
2023-01-30,TNH3,89698.0,89698.0,89698.0,89698.0,1,1,89698.0,88980.0
2023-01-30,TTH3,33622.0,33885.0,33444.0,33582.0,886,478,29741570.0,33525.0
2023-01-30,TTM3,34381.0,34400.0,34139.0,34139.0,30,25,1028166.0,34139.0
2023-01-30,USDRUBF,69.51,70.4,69.41,70.39,13899,4437,971372370.0,70.33
2023-01-30,VBH3,1676.0,1716.0,1600.0,1703.0,198882,17355,335006949.0,1699.0
2023-01-30,VBM3,1707.0,1740.0,1638.0,1726.0,3156,1153,5388651.0,1725.0
2023-01-30,VBU3,1765.0,1769.0,1749.0,1763.0,243,44,426631.0,1763.0
2023-01-30,VIG3,36.15,36.25,35.8,35.8,20,15,101337.58,35.8
2023-01-30,VIH3,40.5,40.5,35.15,35.15,3,3,16336.37,36.7
2023-01-30,W4F3,14970.0,14980.0,14960.0,14960.0,24,11,359460.0,14960.0
2023-01-30,W4G3,15240.0,15240.0,15240.0,15240.0,1,1,15240.0,15180.0
2023-01-30,W4H3,15050.0,15050.0,15050.0,15050.0,1,1,15050.0,15050.0
2023-01-30,YNH3,19322.0,19582.0,19310.0,19504.0,2776,1394,53937535.0,19525.0
2023-01-30,YNM3,19641.0,19800.0,19624.0,19800.0,107,84,2106282.0,19761.0
2023-01-30,YNU3,19910.0,20018.0,19689.0,20015.0,19,19,378127.0,20015.0
2023-01-31,AFH3,2784.0,2805.0,2763.0,2786.0,2811,349,7825953.0,2786.0
2023-01-31,AFM3,2833.0,2840.0,2805.0,2829.0,56,23,157829.0,2829.0
2023-01-31,AFU3,2976.0,2976.0,2874.0,2917.0,16,11,47007.0,2917.0
2023-01-31,AKH3,12512.0,12853.0,12485.0,12768.0,1264,454,16053496.0,12849.0
2023-01-31,AKM3,12735.0,12973.0,12735.0,12973.0,32,14,412830.0,13040.0
2023-01-31,ALH3,6131.0,6310.0,6079.0,6280.0,9769,1796,61080098.0,6256.0
2023-01-31,ALM3,6309.0,6423.0,6305.0,6374.0,374,131,2385574.0,6374.0
2023-01-31,ALU3,6531.0,6531.0,6480.0,6490.0,9,5,58436.0,6490.0
2023-01-31,AUH3,0.7076,0.7076,0.6756,0.7024,14,13,687785.33,0.7044
2023-01-31,BRF4,94.0,97.06,94.0,97.06,3,3,200497.27,96.53
2023-01-31,BRG3,86.28,86.96,83.9,85.11,115630,33789,6886818819.74,85.06
2023-01-31,BRH3,88.75,89.35,86.3,87.89,93549,35743,5719911304.24,87.87
2023-01-31,BRJ3,90.21,90.95,88.19,89.4,1438,1129,89752911.0,89.4
2023-01-31,BRK3,93.58,93.6,89.86,91.03,1097,799,69791262.58,91.03
2023-01-31,BRM3,93.3,93.38,90.9,91.44,75,67,4813839.17,91.49
2023-01-31,BRN3,92.39,92.39,91.01,91.9,8,8,512684.56,91.9
2023-01-31,BRQ3,92.09,92.7,92.09,92.7,4,4,258789.5,92.7
2023-01-31,BRU3,93.0,93.0,93.0,93.0,1,1,65119.25,93.0
2023-01-31,BRZ3,94.3,94.3,93.35,93.35,2,2,131393.84,93.5
2023-01-31,CFH3,0.9227,0.9289,0.9227,0.9253,5,3,352130.54,0.9215
2023-01-31,CHH3,90871.0,94000.0,90700.0,93198.0,255,197,23426845.0,92823.0
2023-01-31,CHM3,92717.0,93233.0,91725.0,91725.0,4,4,369648.0,93227.0
2023-01-31,CNYRUBF,10.42,10.49,10.32,10.37,40776,2763,424947680.0,10.36
2023-01-31,CRH3,10.48,10.535,10.389,10.435,1706388,79743,17875537156.0,10.434
2023-01-31,CRH4,11.139,11.139,10.97,10.97,7,7,77667.0,10.97
2023-01-31,CRM3,10.635,10.691,10.545,10.589,34760,3242,369779267.0,10.589
2023-01-31,CRM4,11.319,11.321,10.959,11.203,115,115,1265475.0,11.203
2023-01-31,CRU3,10.799,10.85,10.728,10.741,146,56,1578297.0,10.741
2023-01-31,CRZ3,11.0,11.0,10.901,10.901,2,2,21901.0,10.904
2023-01-31,CSM3,5613.0,5613.0,5319.0,5319.0,2,2,10932.0,5416.0
2023-01-31,DYH3,6791.0,6864.0,6666.0,6850.0,108,33,735147.0,6850.0
2023-01-31,EDH3,1.0813,1.0813,1.0739,1.0771,57911,21811,4365000647.17,1.0775
2023-01-31,EDM3,1.0695,1.0696,1.0635,1.0669,1267,702,94556802.93,1.0669
2023-01-31,EURRUBF,76.63,76.99,75.65,75.96,3104,1411,236929440.0,75.9
2023-01-31,EuH3,76635.0,76928.0,75757.0,76193.0,110408,35040,8429850282.0,76164.0
2023-01-31,EuH4,81171.0,81171.0,81171.0,81171.0,1,1,81171.0,79517.0
2023-01-31,EuM3,76684.0,76924.0,75849.0,76203.0,2563,652,196100641.0,76205.0
2023-01-31,EuU3,77539.0,78116.0,77100.0,77100.0,8,8,619579.0,77100.0
2023-01-31,EuZ3,78442.0,78442.0,78442.0,78442.0,1,1,78442.0,78442.0
2023-01-31,FNM3,6401.0,6662.0,6401.0,6662.0,7,7,46344.0,6557.0
2023-01-31,FSH3,8681.0,8805.0,8680.0,8767.0,110,28,964916.0,8787.0
2023-01-31,FSM3,8947.0,8949.0,8947.0,8949.0,2,2,17896.0,8949.0
2023-01-31,FVH3,15113.0,15195.0,15113.0,15181.0,125,73,1896714.0,15186.0
2023-01-31,FVM3,15498.0,15498.0,15480.0,15481.0,3,3,46459.0,15481.0
2023-01-31,GDH3,1931.0,1931.4,1908.8,1927.5,121522,38928,16337471661.89,1928.3
2023-01-31,GDM3,1928.9,1930.4,1908.2,1926.4,2723,1637,366018232.66,1926.8
2023-01-31,GDU3,1933.8,1935.2,1912.0,1928.3,65,56,8739850.75,1928.7
2023-01-31,GDZ3,1938.0,1938.0,1918.8,1930.0,26,21,3507217.84,1930.0
2023-01-31,GKH3,15357.0,15498.0,15187.0,15255.0,16865,5746,258002711.0,15259.0
2023-01-31,GKM3,15301.0,15316.0,15231.0,15231.0,54,24,824558.0,15245.0
2023-01-31,GKU3,15131.0,15498.0,15131.0,15237.0,5,5,76556.0,15237.0
2023-01-31,GUH3,1.2414,1.2414,1.2272,1.2292,28,16,2411127.86,1.2292
2023-01-31,GUM3,1.259,1.259,1.259,1.259,1,1,88156.06,1.229
2023-01-31,GZH3,16052.0,16170.0,15932.0,16000.0,45981,15794,737061032.0,15986.0
2023-01-31,GZM3,16345.0,16473.0,16245.0,16315.0,258,158,4207806.0,16292.0
2023-01-31,GZU3,16441.0,16491.0,16365.0,16365.0,17,10,279494.0,16365.0
2023-01-31,GZU4,17151.0,17889.0,17151.0,17889.0,3,3,52929.0,17889.0
2023-01-31,GZZ4,17948.0,17949.0,17948.0,17949.0,2,2,35897.0,17949.0
2023-01-31,HOH3,24880.0,24880.0,24700.0,24820.0,9,7,222910.0,24820.0
2023-01-31,HOU3,25230.0,25250.0,24370.0,24370.0,10,8,248870.0,24880.0
2023-01-31,HSH3,23154.0,23499.0,22751.0,23213.0,2932,518,6083608.4,23173.0
2023-01-31,HSM3,24070.0,24070.0,23310.0,23310.0,61,16,130091.26,23311.0
2023-01-31,HSU3,23763.0,25100.0,23368.0,24711.0,40,13,87211.56,23558.0
2023-01-31,HSZ3,24900.0,25420.0,24900.0,25420.0,9,5,20524.83,23772.0
2023-01-31,HYH3,7935.0,7952.0,7870.0,7905.0,549,132,4344890.0,7911.0
2023-01-31,HYM3,8040.0,8040.0,8010.0,8010.0,10,7,80250.0,8020.0
2023-01-31,IRH3,35305.0,35321.0,34151.0,35295.0,137,106,4789506.0,35142.0
2023-01-31,IRM3,34800.0,35801.0,34800.0,35801.0,3,3,105401.0,35801.0
2023-01-31,JPH3,131.75,132.37,130.94,130.94,34,34,2421969.06,131.01
2023-01-31,JPM3,131.02,131.02,131.02,131.02,1,1,70847.75,131.3
2023-01-31,LKH3,39798.0,40106.0,39616.0,40000.0,7276,4782,290008865.0,39913.0
2023-01-31,LKM3,40654.0,40919.0,40424.0,40650.0,359,252,14632041.0,40652.0
2023-01-31,LKU3,41595.0,41595.0,39801.0,39801.0,4,4,161997.0,40000.0
2023-01-31,MAM3,6226.0,6240.0,6226.0,6240.0,3,3,18693.0,6060.0
2023-01-31,MCH3,11400.0,11613.0,11358.0,11479.0,267,110,3077632.0,11479.0
2023-01-31,MCM3,11522.0,12298.0,11522.0,12298.0,30,14,354805.0,11701.0
2023-01-31,MEH3,10490.0,10882.0,10457.0,10882.0,4104,1360,43694991.0,10874.0
2023-01-31,MEM3,10548.0,10910.0,10416.0,10843.0,347,119,3716791.0,10859.0
2023-01-31,MGH3,35609.0,36125.0,35440.0,36125.0,418,278,14975319.0,36055.0
2023-01-31,MGM3,36137.0,36320.0,35761.0,36320.0,8,7,289107.0,36320.0
2023-01-31,MLH3,4859.0,4977.0,4847.0,4906.0,4479,977,21998464.0,4940.0
2023-01-31,MLM3,4951.0,5032.0,4951.0,5017.0,166,75,828874.0,5029.0
2023-01-31,MMH3,2202.85,2236.8,2202.85,2236.5,24538,7416,544164025.0,2236.0
2023-01-31,MMM3,2205.0,2226.0,2201.05,2226.0,121,83,2679816.5,2225.4
2023-01-31,MMM4,2364.9,2364.9,2090.75,2364.45,22,13,508048.5,2364.45
2023-01-31,MMU3,2219.9,2219.9,2180.0,2180.0,4,4,87851.5,2207.65
2023-01-31,MMZ3,2176.8,2176.8,2176.8,2176.8,5,5,108840.0,2184.9
2023-01-31,MMZ4,2430.0,2443.95,2425.0,2435.7,10,8,243370.0,2435.7
2023-01-31,MNH3,4703.0,4722.0,4671.0,4719.0,11759,2047,55294400.0,4706.0
2023-01-31,MNM3,4780.0,4806.0,4763.0,4779.0,278,102,1330367.0,4779.0
2023-01-31,MTH3,24700.0,25170.0,24650.0,25150.0,524,253,13048582.0,25147.0
2023-01-31,MTM3,25206.0,25608.0,25206.0,25608.0,10,8,254162.0,25604.0
2023-01-31,MTU3,25100.0,25100.0,25100.0,25100.0,1,1,25100.0,25100.0
2023-01-31,MXH3,221000.0,224350.0,220450.0,224350.0,13860,8851,3082135850.0,224250.0
2023-01-31,MXM3,219900.0,222100.0,219900.0,222000.0,54,49,11936225.0,222775.0
2023-01-31,MXU3,225000.0,225000.0,225000.0,225000.0,2,2,450000.0,225000.0
2023-01-31,NAH3,11577.0,11630.0,11508.0,11628.0,29689,3851,240589693.83,11629.0
2023-01-31,NAM3,11361.0,11412.0,11328.0,11380.0,90,62,716694.47,11371.0
2023-01-31,NAU3,11429.0,11567.0,11421.0,11499.0,15,13,120610.49,11499.0
2023-01-31,NAZ3,12443.0,12443.0,11828.0,12246.0,103,41,872616.95,12207.0
2023-01-31,NGG3,2.919,2.969,2.805,2.875,706445,188519,14201114466.21,2.876
2023-01-31,NGH3,3.1,3.139,3.016,3.075,38064,17970,818367941.12,3.077
2023-01-31,NGJ3,3.329,3.353,3.214,3.258,1923,1093,44086461.43,3.27
2023-01-31,NGK3,3.551,3.567,3.468,3.5,146,101,3585662.03,3.51
2023-01-31,NGM3,3.752,3.797,3.62,3.7,240,173,6222284.47,3.7
2023-01-31,NGN3,3.79,3.791,3.785,3.785,6,6,159129.04,3.785
2023-01-31,NKH3,103586.0,104034.0,102706.0,103999.0,225,201,23307366.0,103970.0
2023-01-31,NKM3,104494.0,104494.0,104494.0,104494.0,1,1,104494.0,104494.0
2023-01-31,NMH3,11589.0,11796.0,11558.0,11775.0,1819,750,21330393.0,11776.0
2023-01-31,NMM3,11760.0,11890.0,11679.0,11880.0,18,13,212386.0,11880.0
2023-01-31,OGH3,5941.0,5941.0,5503.0,5503.0,7,7,39852.0,5506.0
2023-01-31,OZH3,17180.0,17548.0,17078.0,17387.0,1136,518,19720418.0,17405.0
2023-01-31,OZM3,17469.0,17822.0,17448.0,17722.0,97,54,1713991.0,17722.0
2023-01-31,PDH3,1696.0,1710.62,1660.33,1682.94,348,170,41019549.21,1682.88
2023-01-31,PDM3,1766.51,1776.93,1755.0,1776.93,9,9,1112064.46,1776.44
2023-01-31,PHH3,6510.0,6599.0,6483.0,6524.0,673,161,4381461.0,6523.0
2023-01-31,PHM3,6650.0,6680.0,6623.0,6641.0,24,11,160135.0,6641.0
2023-01-31,PIH3,6124.0,6220.0,6005.0,6189.0,864,287,5274113.0,6189.0
2023-01-31,POH3,4805.0,4854.0,4710.0,4844.0,23794,3954,113880739.0,4830.0
2023-01-31,POM3,4883.0,4933.0,4794.0,4928.0,605,277,2945467.0,4905.0
2023-01-31,PSH3,1556.0,1645.0,1550.0,1600.0,1786,320,2857225.0,1594.0
2023-01-31,PSM3,1553.0,1850.0,1553.0,1700.0,485,51,815707.0,1700.0
2023-01-31,PTH3,1041.5,1043.5,1022.2,1041.7,484,310,34931268.71,1041.3
2023-01-31,PTM3,1052.7,1052.7,1035.0,1045.0,50,43,3646993.18,1050.9
2023-01-31,PZH3,93008.0,95000.0,91651.0,95000.0,3848,2642,357409450.0,94558.0
2023-01-31,PZM3,94833.0,99847.0,93319.0,99847.0,153,149,14493231.0,96263.0
2023-01-31,RBH3,12901.0,12901.0,12900.0,12900.0,7,4,90303.0,12901.0
2023-01-31,RIH3,98850.0,100330.0,98410.0,100230.0,97323,58937,13528546187.0,100250.0
2023-01-31,RIH4,99340.0,99790.0,98210.0,99790.0,12,4,1672355.65,99790.0
2023-01-31,RIM3,98430.0,99520.0,98000.0,99510.0,156,152,21548584.8,99510.0
2023-01-31,RIM4,101000.0,101000.0,100790.0,100790.0,2,2,282588.73,98500.0
2023-01-31,RIU3,97720.0,99020.0,97720.0,99020.0,7,7,965218.61,99270.0
2023-01-31,RIZ3,97350.0,97350.0,97350.0,97350.0,1,1,136329.91,98800.0
2023-01-31,RLH3,4240.0,4292.0,4225.0,4289.0,747,190,3173495.0,4286.0
2023-01-31,RLM3,4348.0,4350.0,4348.0,4350.0,6,3,26098.0,4350.0
2023-01-31,RMH3,990.5,1003.5,985.0,1002.5,17770,5441,247266385.87,1002.5
2023-01-31,RMM3,987.0,994.5,982.0,994.0,182,94,2518861.53,994.0
2023-01-31,RMU3,967.0,973.0,967.0,969.0,4,3,54308.05,971.5
2023-01-31,RNH3,34132.0,34517.0,33991.0,34510.0,2290,1244,78636869.0,34419.0
2023-01-31,RNM3,34477.0,34658.0,34103.0,34658.0,12,12,412132.0,34619.0
2023-01-31,RTH3,5960.0,5999.0,5896.0,5933.0,889,291,5283826.0,5927.0
2023-01-31,RTM3,6033.0,6096.0,5958.0,6058.0,9,8,54492.0,6055.0
2023-01-31,SAH3,31.9,31.9,31.21,31.21,6,6,191627.76,31.31
2023-01-31,SEH3,1567.0,1572.0,1551.0,1566.0,129,18,202133.0,1566.0
2023-01-31,SFH3,393.98,395.23,391.5,395.11,57146,12151,1573125440.33,394.99
2023-01-31,SFM3,390.52,391.47,388.54,391.47,689,404,18804572.9,391.07
2023-01-31,SFU3,379.19,388.99,379.19,386.82,24,20,649462.26,386.82
2023-01-31,SFZ3,384.1,387.87,384.1,387.87,6,4,162408.13,387.87
2023-01-31,SGH3,28291.0,28490.0,28208.0,28269.0,238,161,6739092.0,28249.0
2023-01-31,SGM3,28985.0,28985.0,28710.0,28710.0,9,9,259977.0,28710.0
2023-01-31,SNH3,23457.0,23662.0,23242.0,23293.0,2304,1016,53950502.0,23325.0
2023-01-31,SNM3,23946.0,23963.0,23710.0,23790.0,9,9,214647.0,23790.0
2023-01-31,SOH3,4512.0,4519.0,4443.0,4445.0,652,185,2919306.0,4450.0
2023-01-31,SOM3,4549.0,4577.0,4442.0,4544.0,25,15,113290.0,4544.0
2023-01-31,SPH3,15230.0,15578.0,15207.0,15550.0,6906,3616,106272099.0,15557.0
2023-01-31,SPM3,15377.0,15586.0,15377.0,15586.0,26,14,401843.0,15586.0
2023-01-31,SRH3,15492.0,15887.0,15479.0,15864.0,306861,68615,4814081079.0,15870.0
2023-01-31,SRM3,15681.0,15990.0,15669.0,15971.0,3374,1662,53427899.0,15978.0
2023-01-31,SRU3,15938.0,16153.0,15901.0,16150.0,841,211,13441538.0,16150.0
2023-01-31,SRZ3,16378.0,16488.0,16368.0,16488.0,11,9,180666.0,16495.0
2023-01-31,SSH3,2568.0,2670.0,2511.0,2656.0,1661,306,4296844.0,2652.0
2023-01-31,SSM3,2592.0,2700.0,2592.0,2700.0,12,4,32286.0,2700.0
2023-01-31,SVH3,23.56,23.61,23.12,23.52,54222,11552,886109690.67,23.52
2023-01-31,SVM3,23.69,23.75,23.32,23.66,1369,772,22527136.98,23.66
2023-01-31,SVU3,24.21,24.23,23.94,24.09,72,30,1211596.21,24.1
2023-01-31,SVZ3,25.65,25.65,24.9,24.94,23,6,402289.88,24.94
2023-01-31,SXH3,4035.0,4192.5,4000.0,4083.1,2438,172,7572778.12,4093.5
2023-01-31,SXU3,3726.6,3800.0,3726.6,3800.0,2,2,5711.94,3900.0
2023-01-31,SiH3,71090.0,71525.0,70555.0,70860.0,1273100,293312,90541531962.0,70809.0
2023-01-31,SiH4,75658.0,76258.0,75518.0,75518.0,18,14,1364879.0,75518.0
2023-01-31,SiM3,71733.0,72232.0,71302.0,71570.0,14669,8072,1053963489.0,71517.0
2023-01-31,SiM4,76899.0,77299.0,76568.0,76568.0,6,6,460609.0,76568.0
2023-01-31,SiU3,72980.0,73594.0,72700.0,72735.0,417,248,30542400.0,72753.0
2023-01-31,SiU4,78300.0,78500.0,78300.0,78500.0,2,2,156800.0,78500.0
2023-01-31,SiZ3,74803.0,75038.0,74300.0,74300.0,58,40,4332622.0,74304.0
2023-01-31,TIH3,26968.0,27900.0,26912.0,27672.0,1025,611,28253807.0,27660.0
2023-01-31,TIM3,27739.0,28100.0,27739.0,28100.0,22,13,617819.0,28138.0
2023-01-31,TTH3,33554.0,33686.0,33040.0,33300.0,1694,1094,56495521.0,33220.0
2023-01-31,TTM3,34292.0,34366.0,33630.0,33800.0,59,40,2002827.0,33800.0
2023-01-31,TTU3,34900.0,34900.0,34900.0,34900.0,1,1,34900.0,34390.0
2023-01-31,UCH3,6.75,6.796,6.75,6.777,2297,124,161157562.78,6.777
2023-01-31,USDRUBF,70.43,70.9,69.88,70.15,25059,7049,1764540520.0,70.03
2023-01-31,VBH3,1700.0,1718.0,1693.0,1710.0,116141,8767,197981962.0,1710.0
2023-01-31,VBM3,1728.0,1740.0,1721.0,1734.0,1789,515,3094552.0,1734.0
2023-01-31,VBU3,1760.0,1774.0,1732.0,1768.0,95,28,167170.0,1769.0
2023-01-31,VIG3,35.45,35.75,35.35,35.4,9,8,44715.22,35.4
2023-01-31,VIH3,40.25,40.3,36.75,37.0,11,10,59629.63,37.0
2023-01-31,W4F3,14960.0,14960.0,14930.0,14930.0,20,10,298690.0,14921.0
2023-01-31,W4G3,15230.0,15260.0,15060.0,15070.0,34,20,515890.0,15090.0
2023-01-31,W4H3,15240.0,15290.0,15190.0,15200.0,7,7,106680.0,15200.0
2023-01-31,W4M3,16750.0,16750.0,15330.0,15360.0,7,6,109280.0,15360.0
2023-01-31,W4U3,15460.0,15460.0,15320.0,15320.0,15,2,230500.0,15320.0
2023-01-31,W4Z3,15820.0,16020.0,15320.0,16020.0,39,8,611500.0,16020.0
2023-01-31,YNH3,19539.0,20665.0,19491.0,20502.0,11362,4998,229344142.0,20481.0
2023-01-31,YNM3,19809.0,20858.0,19780.0,20665.0,336,265,6866950.0,20678.0
2023-01-31,YNU3,20080.0,20999.0,20080.0,20785.0,136,34,2810943.0,20785.0
2023-02-01,AFH3,2791.0,2850.0,2787.0,2789.0,4805,1013,13541878.0,2794.0
2023-02-01,AFM3,2837.0,2890.0,2832.0,2833.0,134,47,384225.0,2832.0
2023-02-01,AFU3,2944.0,2944.0,2944.0,2944.0,2,2,5888.0,2944.0
2023-02-01,AKH3,12833.0,13037.0,12723.0,12902.0,755,307,9752811.0,12902.0
2023-02-01,AKM3,12993.0,13225.0,12993.0,13120.0,49,22,642594.0,13120.0
2023-02-01,ALH3,6264.0,6300.0,6194.0,6212.0,4818,1142,30124089.0,6203.0
2023-02-01,ALM3,6398.0,6415.0,6322.0,6340.0,220,100,1406586.0,6334.0
2023-02-01,ALU3,6506.0,6506.0,6505.0,6505.0,9,5,58553.0,6505.0
2023-02-01,AUH3,0.7024,0.7024,0.7024,0.7024,1,1,49206.63,0.707
2023-02-01,BRF4,94.04,95.93,94.04,95.93,2,2,133083.48,95.93
2023-02-01,BRG3,84.95,85.07,84.2,84.5,52230,6801,3094558168.26,84.51
2023-02-01,BRH3,87.81,88.5,87.15,87.55,133064,50167,8185014332.03,87.6
2023-02-01,BRJ3,89.39,90.14,88.86,89.14,1002,810,62788006.13,89.18
2023-02-01,BRK3,91.0,92.0,90.41,90.78,235,197,15000449.92,90.88
2023-02-01,BRM3,91.29,92.2,91.29,91.29,12,12,771522.74,91.41
2023-02-01,BRN3,92.28,97.55,89.59,93.0,22,22,1429997.67,92.57
2023-02-01,BRQ3,93.45,93.45,93.45,93.45,1,1,65466.4,93.27
2023-02-01,BRV3,92.99,92.99,92.99,92.99,1,1,65144.14,92.99
2023-02-01,CFH3,0.9207,0.9207,0.9175,0.9175,41,2,2879315.34,0.9174
2023-02-01,CHH3,93234.0,96996.0,92350.0,96888.0,423,346,40318887.0,96818.0
2023-02-01,CHM3,93000.0,97559.0,93000.0,97559.0,5,5,472891.0,97559.0
2023-02-01,CNYRUBF,10.36,10.43,10.32,10.41,12903,1394,134055300.0,10.38
2023-02-01,CRH3,10.43,10.495,10.374,10.46,1448004,56203,15140995891.0,10.464
2023-02-01,CRH4,11.073,11.2,11.073,11.2,9,9,100585.0,11.151
2023-02-01,CRM3,10.587,10.648,10.532,10.607,10101,1635,107135216.0,10.614
2023-02-01,CRU3,10.752,10.81,10.752,10.801,5,4,53974.0,10.801
2023-02-01,CRZ3,10.84,10.938,10.801,10.938,15,9,162458.0,10.938
2023-02-01,DYH3,6846.0,6949.0,6846.0,6902.0,137,45,945656.0,6902.0
2023-02-01,EDH3,1.0777,1.0829,1.0768,1.0826,45115,16365,3415245731.65,1.0825
2023-02-01,EDM3,1.0672,1.071,1.0664,1.0706,313,222,23446147.76,1.0706
2023-02-01,EDU3,1.0614,1.07,1.0614,1.07,12,10,896507.85,1.07
2023-02-01,EURRUBF,75.94,76.58,75.8,76.46,2679,940,204426110.0,76.26
2023-02-01,EuH3,76117.0,76600.0,75820.0,76438.0,54924,18495,4192384784.0,76461.0
2023-02-01,EuM3,76129.0,76604.0,75900.0,76462.0,1485,612,113356465.0,76462.0
2023-02-01,EuU3,77550.0,77712.0,77431.0,77431.0,10,10,775906.0,77431.0
2023-02-01,FSH3,8758.0,8758.0,8638.0,8657.0,364,94,3167239.0,8657.0
2023-02-01,FSM3,8939.0,8939.0,8939.0,8939.0,1,1,8939.0,8936.0
2023-02-01,FVH3,15193.0,15266.0,15083.0,15159.0,594,309,9022911.0,15130.0
2023-02-01,FVM3,15522.0,15558.0,15443.0,15448.0,18,16,279329.0,15448.0
2023-02-01,GDH3,1928.0,1936.7,1925.8,1934.5,92391,31908,12500093825.41,1935.7
2023-02-01,GDM3,1928.0,1935.2,1924.4,1933.8,2057,1484,278013793.47,1934.3
2023-02-01,GDU3,1932.3,1938.4,1926.5,1936.0,39,31,5276815.85,1936.0
2023-02-01,GDZ3,1932.8,1939.0,1932.8,1935.5,13,10,1762590.8,1935.5
2023-02-01,GKH3,15273.0,15467.0,15246.0,15439.0,15072,5666,231638831.0,15368.0
2023-02-01,GKM3,15305.0,15450.0,15282.0,15450.0,32,22,491513.0,15418.0
2023-02-01,GKU3,15126.0,15199.0,14898.0,14898.0,58,33,867217.0,14898.0
2023-02-01,GUH3,1.2276,1.236,1.2271,1.2305,12,7,1033059.07,1.2305
2023-02-01,GZH3,16001.0,16027.0,15900.0,15980.0,41395,13301,661154891.0,15974.0
2023-02-01,GZH5,18256.0,18256.0,18256.0,18256.0,1,1,18256.0,18257.0
2023-02-01,GZM3,16316.0,16324.0,16225.0,16293.0,639,359,10395961.0,16283.0
2023-02-01,GZU3,16369.0,16369.0,16309.0,16309.0,8,5,130603.0,16309.0
2023-02-01,GZU4,17915.0,17915.0,17850.0,17850.0,5,5,89413.0,17875.0
2023-02-01,GZZ3,16625.0,16625.0,16611.0,16625.0,6,3,99736.0,16625.0
2023-02-01,GZZ4,18269.0,19803.0,18269.0,18698.0,9,7,167375.0,18335.0
2023-02-01,GZZ5,20131.0,20131.0,18500.0,18500.0,6,2,115893.0,20142.0
2023-02-01,HOH3,24750.0,24760.0,24500.0,24760.0,60,13,1481800.0,24760.0
2023-02-01,HSH3,23174.0,23747.0,23166.0,23415.0,2153,335,4532208.31,23415.0
2023-02-01,HSM3,23710.0,24095.0,22767.0,23499.0,63,23,133331.79,23499.0
2023-02-01,HSU3,24710.0,24710.0,23610.0,23610.0,3,3,6541.93,23610.0
2023-02-01,HSZ3,25333.0,25409.0,23400.0,23500.0,15,9,32322.41,23501.0
2023-02-01,HYH3,7906.0,7923.0,7888.0,7891.0,146,36,1155112.0,7907.0
2023-02-01,HYM3,8042.0,8042.0,8042.0,8042.0,1,1,8042.0,8042.0
2023-02-01,IRH3,35280.0,35433.0,35004.0,35360.0,82,53,2891516.0,35363.0
2023-02-01,JPH3,131.31,131.31,130.43,130.5,32,10,2256366.04,130.5
2023-02-01,LKH3,39989.0,40300.0,39729.0,39790.0,6466,4334,258803534.0,39754.0
2023-02-01,LKM3,40786.0,41093.0,40541.0,40541.0,24,23,980515.0,40541.0
2023-02-01,LKU3,40899.0,41006.0,39804.0,40847.0,12,10,486969.0,40847.0
2023-02-01,MCH3,11364.0,11902.0,11231.0,11806.0,326,153,3794394.0,11866.0
2023-02-01,MCM3,12000.0,12200.0,11838.0,12200.0,23,7,275438.0,12199.0
2023-02-01,MEH3,10883.0,10960.0,10647.0,10726.0,2125,708,22971986.0,10680.0
2023-02-01,MEM3,10922.0,10922.0,10800.0,10815.0,147,69,1589186.0,10802.0
2023-02-01,MGH3,36787.0,37090.0,35827.0,36932.0,595,396,21724556.0,36642.0
2023-02-01,MGM3,36347.0,37173.0,36145.0,37064.0,22,20,806377.0,36942.0
2023-02-01,MLH3,4933.0,5023.0,4840.0,4849.0,6178,1334,30582960.0,4879.0
2023-02-01,MLM3,5031.0,5095.0,5000.0,5000.0,48,39,242709.0,4968.0
2023-02-01,MMH3,2234.2,2254.8,2231.1,2236.15,36001,9568,807199094.5,2236.2
2023-02-01,MMH5,2452.95,2579.95,2452.95,2579.95,8,3,197506.0,2530.5
2023-02-01,MMM3,2228.0,2250.15,2225.0,2226.15,143,94,3202190.5,2226.15
2023-02-01,MMU3,2219.9,2355.65,2207.65,2256.7,48,16,1070838.5,2245.95
2023-02-01,MMU4,2460.0,2460.0,2460.0,2460.0,1,1,24600.0,2460.0
2023-02-01,MMZ3,2249.65,2249.65,2221.4,2242.0,9,8,201117.0,2242.0
2023-02-01,MMZ4,2435.0,2435.0,2435.0,2435.0,1,1,24350.0,2435.0
2023-02-01,MNH3,4712.0,4723.0,4642.0,4652.0,8506,1594,39860969.0,4663.0
2023-02-01,MNM3,4781.0,4792.0,4726.0,4751.0,222,84,1057933.0,4745.0
2023-02-01,MNU3,4899.0,4899.0,4779.0,4779.0,2,2,9678.0,4779.0
2023-02-01,MTH3,25150.0,25450.0,25061.0,25365.0,491,257,12413854.0,25368.0
2023-02-01,MTM3,25551.0,25709.0,25476.0,25709.0,43,25,1103578.0,25709.0
2023-02-01,MXH3,224150.0,226075.0,223650.0,224100.0,12376,7867,2782736950.0,224150.0
2023-02-01,MXM3,222875.0,224700.0,222500.0,223475.0,38,35,8499425.0,222875.0
2023-02-01,MXU3,229000.0,229000.0,227025.0,227025.0,2,2,456025.0,227025.0
2023-02-01,NAH3,11629.0,11720.0,11622.0,11662.0,16162,2793,132171643.28,11673.0
2023-02-01,NAM3,11358.0,11500.0,11275.0,11364.0,99,62,790164.3,11370.0
2023-02-01,NAU3,11454.0,11609.0,11451.0,11479.0,11,11,88808.71,11479.0
2023-02-01,NAZ3,12199.0,12366.0,11965.0,12143.0,30,17,256758.58,12143.0
2023-02-01,NGG3,2.873,2.915,2.767,2.771,635089,166784,12628883032.25,2.774
2023-02-01,NGH3,3.071,3.111,2.975,2.98,41724,20159,887721675.99,2.982
2023-02-01,NGJ3,3.267,3.309,3.173,3.185,1545,923,35029833.69,3.182
2023-02-01,NGK3,3.52,3.52,3.389,3.426,260,188,6303485.95,3.426
2023-02-01,NGM3,3.695,3.73,3.631,3.631,248,171,6388756.98,3.631
2023-02-01,NGN3,3.731,3.818,3.73,3.73,6,5,157497.67,3.73
2023-02-01,NKH3,104043.0,104364.0,103560.0,103651.0,121,107,12583620.0,103742.0
2023-02-01,NKM3,100755.0,105855.0,100755.0,105804.0,8,7,840175.0,105300.0
2023-02-01,NMH3,11786.0,12095.0,11511.0,11937.0,1580,663,18794205.0,11982.0
2023-02-01,NMM3,11919.0,12178.0,11900.0,12046.0,19,18,228387.0,12046.0
2023-02-01,NMU3,12350.0,12519.0,12308.0,12308.0,3,3,37177.0,12519.0
2023-02-01,OGH3,5509.0,5673.0,5508.0,5665.0,5,5,27865.0,5665.0
2023-02-01,OZH3,17393.0,17511.0,16894.0,16894.0,1275,563,21995851.0,17063.0
2023-02-01,OZM3,17725.0,17767.0,17308.0,17320.0,29,17,510480.0,17384.0
2023-02-01,PDH3,1689.99,1760.0,1689.99,1737.0,380,213,45928980.15,1737.0
2023-02-01,PDM3,1802.9,1835.0,1792.0,1835.0,7,7,887581.45,1825.0
2023-02-01,PHH3,6533.0,6685.0,6500.0,6649.0,896,303,5914200.0,6622.0
2023-02-01,PHM3,6633.0,6819.0,6571.0,6694.0,34,16,226901.0,6700.0
2023-02-01,PIH3,6185.0,6360.0,6148.0,6151.0,2831,569,17766650.0,6216.0
2023-02-01,PIM3,6272.0,6273.0,6272.0,6273.0,18,3,112911.0,6300.0
2023-02-01,POH3,4833.0,4953.0,4801.0,4869.0,21184,3976,103261128.0,4832.0
2023-02-01,POM3,4926.0,5024.0,4889.0,4920.0,464,259,2305025.0,4925.0
2023-02-01,PSH3,1600.0,1624.0,1543.0,1571.0,1681,159,2683011.0,1584.0
2023-02-01,PSM3,1651.0,1698.0,1620.0,1662.0,148,47,242541.0,1662.0
2023-02-01,PTH3,1040.3,1042.4,1031.3,1033.8,169,121,12280970.9,1034.0
2023-02-01,PTM3,1052.2,1052.2,1045.0,1051.6,5,5,367109.22,1048.1
2023-02-01,PZH3,94844.0,99280.0,94489.0,95200.0,5715,4118,554175702.0,94800.0
2023-02-01,PZM3,96644.0,100686.0,96000.0,96893.0,177,173,17417276.0,96491.0
2023-02-01,RIH3,100220.0,101370.0,99870.0,100380.0,92234,57273,13009566283.55,100350.0
2023-02-01,RIH4,98310.0,98310.0,98150.0,98150.0,10,2,1375403.87,98150.0
2023-02-01,RIM3,99690.0,100500.0,99450.0,99480.0,133,123,18634293.82,99790.0
2023-02-01,RIU3,99800.0,100770.0,99800.0,100500.0,39,37,5494371.69,100500.0
2023-02-01,RIZ3,100090.0,100500.0,100090.0,100500.0,4,4,561616.92,100260.0
2023-02-01,RLH3,4286.0,4348.0,4270.0,4288.0,728,129,3135950.0,4284.0
2023-02-01,RLM3,4410.0,4460.0,4360.0,4449.0,191,23,841598.0,4439.0
2023-02-01,RMH3,1003.0,1014.0,999.5,1004.0,15637,5930,220500119.82,1003.5
2023-02-01,RMM3,994.5,1005.0,994.5,996.0,322,122,4514197.89,996.0
2023-02-01,RMU3,1000.0,1000.0,977.5,977.5,4,4,55728.75,977.5
2023-02-01,RNH3,34540.0,34826.0,34366.0,34600.0,2787,1730,96478851.0,34620.0
2023-02-01,RNM3,34647.0,35236.0,34647.0,35060.0,22,21,767495.0,35060.0
2023-02-01,RNU3,35000.0,35928.0,35000.0,35443.0,4,3,142299.0,35443.0
2023-02-01,RNU5,39163.0,39163.0,36998.0,36998.0,2,2,76161.0,39180.0
2023-02-01,RNZ5,38253.0,42292.0,38253.0,42292.0,2,2,80545.0,36690.0
2023-02-01,RTH3,5932.0,5971.0,5904.0,5935.0,417,146,2477798.0,5935.0
2023-02-01,RTM3,6003.0,6072.0,6002.0,6027.0,59,22,356006.0,6027.0
2023-02-01,SAH3,31.79,31.84,31.1,31.84,9,8,289641.28,31.84
2023-02-01,SEH3,1579.0,1579.0,1551.0,1562.0,244,39,383414.0,1562.0
2023-02-01,SFH3,395.16,397.5,394.6,396.1,36243,7859,1006369805.7,396.28
2023-02-01,SFM3,391.57,393.86,391.29,393.1,772,398,21236739.44,393.03
2023-02-01,SFU3,388.99,390.15,388.03,389.85,32,30,872984.78,389.0
2023-02-01,SFZ3,389.0,389.0,389.0,389.0,3,3,81754.2,389.0
2023-02-01,SGH3,28303.0,28486.0,28216.0,28216.0,151,98,4279704.0,28247.0
2023-02-01,SGM3,28791.0,28877.0,28766.0,28807.0,7,6,201721.0,28807.0
2023-02-01,SNH3,23310.0,23428.0,22990.0,23182.0,2150,709,49890719.0,23130.0
2023-02-01,SNM3,23750.0,23750.0,23582.0,23582.0,12,10,284565.0,23582.0
2023-02-01,SOH3,4462.0,4519.0,4430.0,4449.0,906,188,4043137.0,4448.0
2023-02-01,SPH3,15550.0,15824.0,15540.0,15594.0,9556,4817,149846410.0,15579.0
2023-02-01,SPM3,15634.0,15808.0,15582.0,15760.0,36,25,566838.0,15685.0
2023-02-01,SRH3,15865.0,16121.0,15802.0,15860.0,350343,84402,5592661301.0,15855.0
2023-02-01,SRM3,15955.0,16220.0,15955.0,16010.0,2961,1858,47686309.0,16018.0
2023-02-01,SRU3,16173.0,16419.0,16161.0,16300.0,134,100,2183584.0,16281.0
2023-02-01,SRZ3,16620.0,16786.0,16503.0,16513.0,50,26,828858.0,16513.0
2023-02-01,SSH3,2652.0,2697.0,2594.0,2594.0,1888,358,5022501.0,2594.0
2023-02-01,SSM3,2700.0,3229.0,2645.0,2645.0,299,73,836177.0,2626.0
2023-02-01,SVH3,23.54,23.64,23.32,23.6,37661,8298,619993880.67,23.59
2023-02-01,SVM3,23.69,23.73,23.48,23.68,1352,632,22379475.83,23.68
2023-02-01,SVU3,24.13,24.23,24.0,24.14,41,16,691968.29,24.23
2023-02-01,SVZ3,24.6,25.17,24.6,25.0,11,5,192546.16,25.0
2023-02-01,SXH3,4112.4,4131.0,4090.2,4097.5,162,33,506946.47,4097.5
2023-02-01,SXM3,3850.2,3850.2,3850.2,3850.2,1,1,2936.16,3996.1
2023-02-01,SXZ3,4283.9,4283.9,4104.0,4104.0,2,2,6396.61,3998.5
2023-02-01,SiH3,70850.0,71103.0,70505.0,70718.0,805466,227654,57000493588.0,70749.0
2023-02-01,SiH4,75518.0,75518.0,75518.0,75518.0,1,1,75518.0,75518.0
2023-02-01,SiM3,71493.0,71854.0,71202.0,71430.0,10939,5265,782077524.0,71472.0
2023-02-01,SiM4,76699.0,76699.0,76241.0,76241.0,7,6,534429.0,76241.0
2023-02-01,SiU3,72799.0,73100.0,72511.0,72860.0,104,84,7564467.0,72794.0
2023-02-01,SiZ3,74300.0,74900.0,73601.0,74469.0,67,50,4990273.0,74469.0
2023-02-01,TIH3,27726.0,28250.0,27090.0,27444.0,1481,888,41229591.0,27462.0
2023-02-01,TIM3,28282.0,28282.0,27741.0,27741.0,7,5,196737.0,28013.0
2023-02-01,TNH3,88300.0,88300.0,88300.0,88300.0,1,1,88300.0,88777.0
2023-02-01,TTH3,33240.0,33343.0,33109.0,33192.0,1169,680,38824976.0,33169.0
2023-02-01,TTM3,33975.0,33991.0,33832.0,33832.0,7,5,237276.0,33832.0
2023-02-01,UCH3,6.761,6.78,6.737,6.75,28145,265,1970562681.41,6.75
2023-02-01,USDRUBF,70.08,70.5,69.86,70.15,13479,4260,945859930.0,70.05
2023-02-01,VBH3,1710.0,1755.0,1705.0,1724.0,199572,15346,345636587.0,1723.0
2023-02-01,VBM3,1735.0,1777.0,1731.0,1752.0,2368,722,4155870.0,1750.0
2023-02-01,VBU3,1772.0,1820.0,1772.0,1806.0,123,35,221193.0,1811.0
2023-02-01,VIG3,35.0,35.0,34.0,34.0,9,9,43532.19,34.0
2023-02-01,VIH3,36.45,37.0,33.0,33.0,6,6,29899.48,35.0
2023-02-01,W4G3,15070.0,15150.0,15020.0,15130.0,7,6,105690.0,15130.0
2023-02-01,W4H3,15200.0,15200.0,15110.0,15150.0,6,6,90890.0,15150.0
2023-02-01,W4Z3,15730.0,15730.0,15730.0,15730.0,500,1,7865000.0,15730.0
2023-02-01,YNH3,20499.0,21470.0,20455.0,20790.0,21656,9447,454230553.0,20637.0
2023-02-01,YNM3,20665.0,21761.0,18909.0,20900.0,828,572,17422070.0,20837.0
2023-02-01,YNU3,20999.0,22649.0,20900.0,21021.0,36,35,770924.0,21021.0
2023-02-02,AFH3,2790.0,2890.0,2762.0,2772.0,7564,2355,21336478.0,2791.0
2023-02-02,AFM3,2832.0,2921.0,2811.0,2824.0,250,106,714182.0,2839.0
2023-02-02,AFU3,2942.0,2944.0,2906.0,2906.0,20,5,58828.0,2942.0
2023-02-02,AKH3,12908.0,13242.0,12597.0,13083.0,2376,760,30773572.0,13054.0
2023-02-02,AKM3,12900.0,13435.0,12900.0,13254.0,29,19,382506.0,13254.0
2023-02-02,ALH3,6205.0,6243.0,6176.0,6200.0,4582,1319,28462720.0,6213.0
2023-02-02,ALM3,6332.0,6357.0,6313.0,6322.0,121,67,766741.0,6341.0
2023-02-02,ALU3,6500.0,6500.0,6500.0,6500.0,1,1,6500.0,6500.0
2023-02-02,BRF4,94.5,94.8,94.21,94.21,3,3,199539.44,94.5
2023-02-02,BRG4,95.43,95.6,95.0,95.0,17,10,1139080.16,95.0
2023-02-02,BRH3,87.55,87.55,84.75,85.54,200683,67284,12165456842.15,85.57
2023-02-02,BRJ3,89.09,89.16,86.65,87.45,2898,2304,179211953.13,87.45
2023-02-02,BRK3,90.78,90.78,88.51,89.2,516,465,32602123.21,89.2
2023-02-02,BRM3,91.36,91.36,90.0,90.0,65,62,4145072.76,90.42
2023-02-02,BRN3,92.17,92.17,90.7,90.7,7,7,451259.97,90.92
2023-02-02,BRQ3,91.8,91.8,90.89,90.89,5,5,321680.01,90.89
2023-02-02,BRU3,92.59,92.59,92.0,92.0,3,3,194669.03,92.0
2023-02-02,BRV3,94.17,94.17,92.62,92.62,3,3,197744.7,92.62
2023-02-02,BRZ3,95.45,96.26,94.54,94.54,11,10,741014.78,94.54
2023-02-02,CFH3,0.91,0.91,0.91,0.91,10,1,702111.4,0.91
2023-02-02,CHH3,96406.0,101740.0,95619.0,100055.0,704,552,69491081.0,100177.0
2023-02-02,CHM3,98473.0,100800.0,96860.0,100800.0,13,13,1291826.0,100800.0
2023-02-02,CNYRUBF,10.4,10.47,10.38,10.47,17248,1159,179798240.0,10.45
2023-02-02,CRH3,10.468,10.539,10.446,10.534,1309635,43342,13733720718.0,10.533
2023-02-02,CRH4,11.021,11.438,11.0,11.062,61,42,687540.0,11.388
2023-02-02,CRM3,10.618,10.682,10.603,10.682,7275,1496,77455784.0,10.679
2023-02-02,CRM4,11.293,11.309,11.293,11.309,10,7,113042.0,11.309
2023-02-02,CRU3,10.8,10.86,10.8,10.836,82,13,889610.0,10.86
2023-02-02,CRZ3,10.979,11.058,10.912,11.058,16,12,175801.0,11.055
2023-02-02,DYH3,6887.0,6957.0,6866.0,6949.0,103,39,714670.0,6949.0
2023-02-02,EDH3,1.0827,1.0931,1.0804,1.0851,97005,28712,7428658806.1,1.085
2023-02-02,EDM3,1.0713,1.0791,1.0691,1.0727,1044,511,78950256.69,1.0727
2023-02-02,EDU3,1.0711,1.0813,1.0711,1.0813,10,5,756731.06,1.0741
2023-02-02,EURRUBF,76.49,77.22,76.39,76.96,2061,1173,158629090.0,76.93
2023-02-02,EuH3,76497.0,77215.0,76435.0,77080.0,92635,24965,7134438321.0,77098.0
2023-02-02,EuH4,79674.0,79674.0,78896.0,78896.0,4,4,316820.0,78914.0
2023-02-02,EuM3,76480.0,77150.0,76480.0,77087.0,1389,602,106852892.0,77058.0
2023-02-02,EuU3,77650.0,78026.0,77650.0,78000.0,58,28,4523465.0,78001.0
2023-02-02,FNH3,6825.0,6826.0,6825.0,6826.0,2,2,13651.0,6600.0
2023-02-02,FSH3,8655.0,8665.0,8644.0,8653.0,64,13,554104.0,8657.0
2023-02-02,FVH3,15118.0,15236.0,15104.0,15143.0,279,162,4234984.0,15135.0
2023-02-02,FVM3,15527.0,15536.0,15462.0,15494.0,12,12,186110.0,15494.0
2023-02-02,GDH3,1934.5,1962.6,1927.0,1937.3,204919,64371,28045637998.37,1937.0
2023-02-02,GDM3,1935.0,1960.6,1926.3,1936.7,4794,3043,656535512.66,1936.4
2023-02-02,GDU3,1931.6,1961.2,1927.7,1951.3,97,82,13323331.05,1941.9
2023-02-02,GDZ3,1941.1,1983.6,1935.0,1943.7,54,42,7425906.28,1943.7
2023-02-02,GKH3,15435.0,15538.0,15250.0,15295.0,15769,6161,241923025.0,15271.0
2023-02-02,GKM3,15389.0,15453.0,15000.0,15262.0,108,52,1644147.0,15262.0
2023-02-02,GKU3,15134.0,15232.0,15134.0,15176.0,4,4,60703.0,15176.0
2023-02-02,GUH3,1.2301,1.2433,1.22,1.2225,55,35,4763123.46,1.2225
2023-02-02,GZH3,15989.0,16105.0,15847.0,15953.0,54543,16682,869557382.0,15924.0
2023-02-02,GZM3,16286.0,16400.0,16172.0,16252.0,380,265,6180274.0,16232.0
2023-02-02,GZM4,17799.0,17799.0,17799.0,17799.0,1,1,17799.0,17799.0
2023-02-02,GZU3,16302.0,16389.0,16212.0,16389.0,9,5,146178.0,16387.0
2023-02-02,GZU4,17976.0,17989.0,17976.0,17989.0,2,2,35965.0,17898.0
2023-02-02,GZU5,18588.0,18588.0,18588.0,18588.0,1,1,18588.0,18697.0
2023-02-02,GZZ3,16497.0,16516.0,16497.0,16516.0,2,2,33013.0,16516.0
2023-02-02,GZZ4,17052.0,19007.0,17052.0,19007.0,4,4,72566.0,18290.0
2023-02-02,HSH3,23417.0,23500.0,23220.0,23248.0,1360,203,2841763.39,23248.0
2023-02-02,HSM3,23449.0,24742.0,23400.0,23400.0,23,16,48985.0,23351.0
2023-02-02,HSU3,23610.0,23610.0,23610.0,23610.0,3,2,6336.45,23655.0
2023-02-02,HSZ3,23701.0,25247.0,23701.0,23703.0,7,5,15257.5,23740.0
2023-02-02,HYH3,7890.0,7929.0,7812.0,7844.0,388,118,3050467.0,7844.0
2023-02-02,HYM3,8036.0,8036.0,7924.0,7924.0,20,14,159612.0,7956.0
2023-02-02,IRH3,35332.0,35733.0,35105.0,35457.0,99,60,3508484.0,35394.0
2023-02-02,IRM3,34851.0,36264.0,34851.0,36110.0,4,4,142076.0,36043.0
2023-02-02,JPH3,130.49,130.88,129.65,130.64,43,25,3055191.25,130.62
2023-02-02,JPM3,130.22,130.5,130.22,130.5,2,2,142220.16,130.5
2023-02-02,LKH3,39794.0,39970.0,39331.0,39508.0,5700,3815,225590704.0,39507.0
2023-02-02,LKM3,40654.0,40778.0,40176.0,40318.0,45,43,1816800.0,40318.0
2023-02-02,LKU3,40488.0,40488.0,40488.0,40488.0,1,1,40488.0,40488.0
2023-02-02,MAH3,6759.0,6759.0,6250.0,6350.0,4,4,25708.0,6201.0
2023-02-02,MCH3,11899.0,12405.0,11641.0,12350.0,394,213,4772501.0,12369.0
2023-02-02,MCM3,12440.0,12440.0,12100.0,12100.0,21,4,254440.0,12101.0
2023-02-02,MEH3,10685.0,10975.0,10664.0,10919.0,2512,881,27321074.0,10925.0
2023-02-02,MEM3,10801.0,10963.0,10801.0,10920.0,75,56,817038.0,10920.0
2023-02-02,MGH3,36574.0,38497.0,36512.0,38279.0,1176,700,44591183.0,38260.0
2023-02-02,MGM3,36857.0,38670.0,36808.0,38380.0,25,24,942140.0,38380.0
2023-02-02,MLH3,4878.0,5054.0,4855.0,4967.0,4309,914,21316744.0,4965.0
2023-02-02,MLM3,4950.0,5094.0,4944.0,5054.0,42,23,210362.0,5054.0
2023-02-02,MMH3,2236.3,2264.4,2232.3,2257.45,35846,9466,806505488.5,2255.0
2023-02-02,MMH5,2500.0,2500.0,2500.0,2500.0,1,1,25000.0,2462.9
2023-02-02,MMM3,2227.95,2253.6,2227.95,2248.2,136,96,3051885.5,2245.65
2023-02-02,MMU3,2242.0,2242.0,2242.0,2242.0,1,1,22420.0,2242.0
2023-02-02,MMU5,2500.0,2515.1,2500.0,2515.1,6,2,150755.0,2484.55
2023-02-02,MMZ3,2250.5,2252.0,2214.2,2252.0,3,3,67167.0,2252.0
2023-02-02,MMZ4,2480.0,2480.0,2435.7,2435.7,2,2,49157.0,2435.7
2023-02-02,MNH3,4663.0,4769.0,4646.0,4715.0,15379,2499,72524440.0,4719.0
2023-02-02,MNM3,4742.0,4845.0,4732.0,4777.0,291,124,1391649.0,4783.0
2023-02-02,MNU3,4751.0,4850.0,4751.0,4850.0,3,3,14451.0,4850.0
2023-02-02,MTH3,25432.0,26031.0,25119.0,25965.0,1381,553,35425764.0,25924.0
2023-02-02,MTM3,25686.0,26304.0,25380.0,26304.0,22,18,565902.0,26304.0
2023-02-02,MTU3,25800.0,25800.0,25800.0,25800.0,1,1,25800.0,25812.0
2023-02-02,MXH3,223975.0,226825.0,223850.0,225775.0,12309,7150,2774367550.0,225875.0
2023-02-02,MXM3,223600.0,225150.0,222700.0,225000.0,32,28,7177875.0,225000.0
2023-02-02,MXU3,225075.0,228000.0,224625.0,228000.0,3,3,677700.0,228000.0
2023-02-02,NAH3,11662.0,12255.0,11620.0,12233.0,128973,13087,1086814762.94,12236.0
2023-02-02,NAM3,11360.0,11900.0,11330.0,11850.0,306,221,2504463.87,11832.0
2023-02-02,NAU3,11470.0,11715.0,11470.0,11690.0,42,32,344110.92,11668.0
2023-02-02,NAZ3,12346.0,12517.0,12089.0,12370.0,85,18,739779.32,12370.0
2023-02-02,NGG3,2.771,2.773,2.636,2.651,902777,219441,17120799107.91,2.662
2023-02-02,NGH3,2.98,2.98,2.8,2.831,76305,36959,1558870114.44,2.881
2023-02-02,NGJ3,3.18,3.193,3.08,3.105,2603,1562,57467345.24,3.113
2023-02-02,NGK3,3.436,3.438,3.305,3.35,418,263,9907462.66,3.35
2023-02-02,NGM3,3.63,3.64,3.506,3.559,389,233,9762222.99,3.558
2023-02-02,NGN3,3.66,3.765,3.616,3.696,66,39,1714500.71,3.693
2023-02-02,NKH3,103650.0,104448.0,103200.0,103836.0,117,103,12158644.0,103836.0
2023-02-02,NKM3,100753.0,105300.0,100753.0,105300.0,3,3,310987.0,105166.0
2023-02-02,NMH3,11988.0,12150.0,11882.0,12107.0,1458,853,17545523.0,12089.0
2023-02-02,NMM3,12005.0,12210.0,11953.0,12041.0,40,25,484227.0,12096.0
2023-02-02,OGM3,5928.0,5928.0,5928.0,5928.0,1,1,5928.0,5628.0
2023-02-02,OZH3,16850.0,17509.0,16800.0,17031.0,796,382,13673192.0,17108.0
2023-02-02,OZM3,17450.0,17506.0,17348.0,17396.0,19,13,330594.0,17396.0
2023-02-02,PDH3,1718.0,1745.77,1679.26,1706.99,327,233,39243102.16,1709.99
2023-02-02,PDM3,1813.99,1817.0,1775.0,1815.0,14,14,1780704.73,1815.0
2023-02-02,PHH3,6657.0,6685.0,6604.0,6674.0,354,131,2354366.0,6673.0
2023-02-02,PHM3,6772.0,6772.0,6754.0,6754.0,2,2,13526.0,6754.0
2023-02-02,PIH3,6216.0,6303.0,6205.0,6229.0,312,95,1952172.0,6234.0
2023-02-02,PIM3,6300.0,6300.0,5999.0,6266.0,23,11,142892.0,6266.0
2023-02-02,POH3,4846.0,5277.0,4843.0,5219.0,46510,8835,237039295.0,5197.0
2023-02-02,POM3,4922.0,5355.0,4921.0,5318.0,1551,744,8090355.0,5279.0
2023-02-02,PSH3,1567.0,1839.0,1566.0,1591.0,875,152,1415194.0,1597.0
2023-02-02,PSM3,1631.0,1780.0,1602.0,1641.0,516,75,856263.0,1641.0
2023-02-02,PTH3,1030.3,1061.1,1025.0,1052.1,760,501,55832917.39,1052.1
2023-02-02,PTM3,1040.0,1070.0,1040.0,1070.0,9,8,668838.25,1067.6
2023-02-02,PZH3,94906.0,99199.0,94778.0,97000.0,4271,3004,415315938.0,96992.0
2023-02-02,PZM3,96601.0,100623.0,93004.0,98200.0,191,184,18736371.0,98384.0
2023-02-02,RIH3,100370.0,101690.0,100080.0,100570.0,91427,56507,12978078566.99,100580.0
2023-02-02,RIM3,99740.0,101010.0,99590.0,99870.0,188,174,26532676.8,99870.0
2023-02-02,RIU3,100360.0,101300.0,99980.0,101300.0,5,5,708493.36,100390.0
2023-02-02,RIZ3,100360.0,100360.0,99160.0,99160.0,3,3,421208.11,99440.0
2023-02-02,RLH3,4287.0,4360.0,4258.0,4314.0,882,173,3796092.0,4307.0
2023-02-02,RLM3,4419.0,4425.0,4400.0,4400.0,3,3,13244.0,4400.0
2023-02-02,RMH3,1003.5,1017.0,1001.5,1006.0,13923,5198,197682961.14,1005.5
2023-02-02,RMM3,995.0,1009.5,994.5,999.5,245,116,3450819.32,999.5
2023-02-02,RMU3,1002.0,1005.0,986.0,986.0,7,7,98414.87,986.0
2023-02-02,RMZ3,1017.5,1017.5,1017.5,1017.5,1,1,14322.7,980.5
2023-02-02,RNH3,34624.0,34856.0,34505.0,34541.0,1779,1170,61695929.0,34550.0
2023-02-02,RNM3,35016.0,35063.0,34819.0,34931.0,8,8,279665.0,34819.0
2023-02-02,RNU3,35300.0,35336.0,35300.0,35336.0,3,3,105965.0,35300.0
2023-02-02,RNZ5,37005.0,38005.0,37005.0,38005.0,2,2,75010.0,38014.0
2023-02-02,RTH3,5932.0,5959.0,5909.0,5925.0,925,247,5488037.0,5944.0
2023-02-02,RTM3,6025.0,6025.0,6020.0,6020.0,10,2,60205.0,6034.0
2023-02-02,SAH3,31.65,32.02,31.61,32.02,8,6,259364.48,32.02
2023-02-02,SEH3,1569.0,1613.0,1554.0,1581.0,1430,131,2263323.0,1581.0
2023-02-02,SFH3,396.05,406.35,394.0,406.0,130805,26998,3690879646.55,405.87
2023-02-02,SFM3,391.91,402.85,391.33,402.27,3641,1715,102142000.75,402.27
2023-02-02,SFU3,389.76,397.73,389.64,393.5,56,50,1547772.68,393.5
2023-02-02,SFZ3,389.49,400.0,389.42,393.99,20,16,555729.93,393.99
2023-02-02,SGH3,28299.0,28799.0,28288.0,28523.0,303,240,8644624.0,28530.0
2023-02-02,SGM3,28818.0,29200.0,28808.0,29080.0,25,16,726752.0,29080.0
2023-02-02,SNH3,23208.0,23930.0,23098.0,23409.0,4185,1751,98726889.0,23486.0
2023-02-02,SNM3,23712.0,24200.0,23712.0,24025.0,14,12,336175.0,24006.0
2023-02-02,SOH3,4455.0,4473.0,4436.0,4451.0,307,57,1367556.0,4451.0
2023-02-02,SOM3,4574.0,4574.0,4574.0,4574.0,2,2,9148.0,4581.0
2023-02-02,SPH3,15589.0,15951.0,15589.0,15917.0,6901,3915,109080741.0,15912.0
2023-02-02,SPM3,15735.0,15935.0,15717.0,15929.0,22,15,348809.0,15929.0
2023-02-02,SRH3,15861.0,16196.0,15854.0,16091.0,258272,69393,4144237197.0,16090.0
2023-02-02,SRM3,16044.0,16344.0,16025.0,16224.0,2590,1629,42001455.0,16253.0
2023-02-02,SRU3,16330.0,16586.0,16315.0,16495.0,112,90,1840222.0,16495.0
2023-02-02,SRZ3,16576.0,16914.0,16482.0,16913.0,27,16,450855.0,16878.0
2023-02-02,SSH3,2592.0,2665.0,2592.0,2622.0,1081,233,2843823.0,2628.0
2023-02-02,SSM3,2657.0,2657.0,2575.0,2638.0,16,9,41830.0,2638.0
2023-02-02,SVH3,23.6,24.44,23.4,23.85,118890,22750,2006765333.57,23.87
2023-02-02,SVM3,23.69,24.47,23.55,23.95,4249,1822,72010215.6,23.95
2023-02-02,SVU3,24.24,24.63,24.24,24.33,99,56,1701923.44,24.33
2023-02-02,SVZ3,24.95,25.35,24.9,24.9,76,21,1344777.98,24.9
2023-02-02,SXH3,4096.6,4237.0,4051.6,4083.1,1135,138,3620956.76,4085.0
2023-02-02,SXM3,3996.1,3996.1,3996.1,3996.1,4,1,12296.8,4038.1
2023-02-02,SXU3,4139.1,4139.2,4099.0,4100.0,10,6,31719.71,4100.0
2023-02-02,SXZ3,3750.1,4283.5,3750.1,3751.1,4,3,11951.69,3986.3
2023-02-02,SiH3,70738.0,71187.0,70383.0,71114.0,833037,215745,58937719898.0,71118.0
2023-02-02,SiH4,75405.0,75854.0,75289.0,75854.0,11,11,831700.0,75854.0
2023-02-02,SiM3,71460.0,71857.0,71118.0,71784.0,6819,3843,487634539.0,71799.0
2023-02-02,SiM4,76385.0,76395.0,76385.0,76395.0,3,3,229173.0,76398.0
2023-02-02,SiU3,72782.0,73138.0,72440.0,73119.0,93,78,6767094.0,73112.0
2023-02-02,SiU4,77707.0,78100.0,77707.0,78100.0,3,3,233514.0,78100.0
2023-02-02,SiZ3,74306.0,74523.0,74306.0,74523.0,15,11,1115890.0,74523.0
2023-02-02,SiZ4,78000.0,78000.0,78000.0,78000.0,1,1,78000.0,78000.0
2023-02-02,TIH3,27549.0,27950.0,27391.0,27731.0,713,500,19771887.0,27749.0
2023-02-02,TIM3,27915.0,27915.0,27915.0,27915.0,1,1,27915.0,28152.0
2023-02-02,TNH3,91049.0,91049.0,91049.0,91049.0,1,1,91049.0,91049.0
2023-02-02,TTH3,33159.0,33221.0,32939.0,32981.0,486,318,16057334.0,32956.0
2023-02-02,TTM3,33729.0,33931.0,33729.0,33735.0,14,14,473299.0,33704.0
2023-02-02,UCH3,6.745,6.745,6.713,6.739,405,80,28468199.51,6.739
2023-02-02,USDRUBF,70.21,70.51,69.4,70.43,20697,4683,1452031710.0,70.39
2023-02-02,VBH3,1723.0,1746.0,1700.0,1717.0,150013,13495,258514533.0,1718.0
2023-02-02,VBM3,1752.0,1771.0,1732.0,1746.0,1691,689,2962541.0,1744.0
2023-02-02,VBU3,1808.0,1816.0,1790.0,1800.0,161,34,289975.0,1800.0
2023-02-02,VIG3,34.1,34.35,34.1,34.35,4,4,19305.73,34.35
2023-02-02,VIH3,33.05,36.5,33.05,36.25,5,5,25098.15,34.35
2023-02-02,W4G3,15050.0,15050.0,15050.0,15050.0,1,1,15050.0,15050.0
2023-02-02,W4H3,15170.0,15170.0,15170.0,15170.0,1,1,15170.0,15170.0
2023-02-02,YNH3,20691.0,21196.0,20603.0,20885.0,7399,3824,154687629.0,20882.0
2023-02-02,YNM3,20769.0,21349.0,20767.0,21075.0,230,183,4836078.0,21060.0
2023-02-02,YNU3,20905.0,21417.0,20900.0,21275.0,58,51,1229152.0,21275.0
2023-02-03,AFH3,2784.0,2845.0,2784.0,2828.0,2676,455,7546554.0,2824.0
2023-02-03,AFM3,2846.0,2889.0,2824.0,2824.0,347,110,989157.0,2845.0
2023-02-03,AFU3,2906.0,2972.0,2836.0,2836.0,25,5,72960.0,2862.0
2023-02-03,AKH3,13078.0,13102.0,12930.0,13030.0,685,231,8910661.0,13030.0
2023-02-03,AKM3,13210.0,13254.0,13202.0,13202.0,43,19,568341.0,13202.0
2023-02-03,ALH3,6200.0,6236.0,6141.0,6235.0,5139,1445,31845230.0,6228.0
2023-02-03,ALM3,6329.0,6343.0,6287.0,6343.0,125,70,789735.0,6345.0
2023-02-03,ALU3,6231.0,6500.0,5730.0,6326.0,37,11,225949.0,6363.0
2023-02-03,AUH3,0.714,0.714,0.698,0.698,15,9,742672.79,0.7057
2023-02-03,BRH3,85.48,86.2,84.51,85.67,186036,67198,11212784763.21,85.78
2023-02-03,BRJ3,87.28,88.07,86.47,87.69,1633,1187,100648759.93,87.67
2023-02-03,BRK3,89.2,89.74,88.37,89.63,219,194,13757989.33,89.49
2023-02-03,BRM3,90.36,91.0,89.53,90.82,40,40,2549342.62,90.96
2023-02-03,BRN3,90.86,91.4,90.86,91.4,3,3,192979.53,91.4
2023-02-03,BRQ3,89.98,90.6,89.12,90.6,19,17,1207151.47,90.6
2023-02-03,BRU3,91.65,91.65,91.58,91.58,3,3,194095.39,91.71
2023-02-03,BRV3,93.36,94.94,90.99,93.5,11,9,721344.44,93.49
2023-02-03,BRX3,93.09,93.09,92.5,92.5,2,2,131070.72,92.69
2023-02-03,BRZ3,93.28,93.46,93.28,93.46,2,2,131882.88,93.46
2023-02-03,CHH3,99605.0,102512.0,98180.0,101439.0,527,439,52879285.0,101557.0
2023-02-03,CHM3,100000.0,102551.0,99000.0,101379.0,5,5,502631.0,101421.0
2023-02-03,CNYRUBF,10.47,10.5,10.39,10.41,17347,1515,180966600.0,10.41
2023-02-03,CRH3,10.538,10.564,10.449,10.477,1473383,55576,15462134849.0,10.472
2023-02-03,CRH4,11.21,11.21,11.032,11.177,12,6,133645.0,11.141
2023-02-03,CRM3,10.688,10.709,10.6,10.627,29577,2758,314844187.0,10.623
2023-02-03,CRM4,11.309,11.42,11.309,11.42,5,5,56789.0,11.42
2023-02-03,CRU3,10.852,10.87,10.784,10.784,95,20,1029400.0,10.785
2023-02-03,CRZ3,10.976,10.976,10.92,10.92,5,5,54821.0,10.92
2023-02-03,DYH3,6877.0,6988.0,6877.0,6927.0,125,37,869326.0,6928.0
2023-02-03,EDH3,1.0852,1.0876,1.0767,1.0805,84761,24711,6473162479.84,1.0808
2023-02-03,EDM3,1.075,1.0756,1.0659,1.07,872,479,65905783.88,1.0702
2023-02-03,EDU3,1.0721,1.0734,1.0646,1.0692,29,9,2187430.97,1.0692
2023-02-03,EURRUBF,77.1,77.16,76.46,76.94,1024,721,78604620.0,76.92
2023-02-03,EuH3,77164.0,77486.0,76470.0,76934.0,82671,29062,6352374809.0,76952.0
2023-02-03,EuM3,77150.0,77395.0,76531.0,76976.0,1395,727,107317302.0,77003.0
2023-02-03,EuU3,77900.0,78249.0,77750.0,78249.0,8,8,623899.0,78249.0
2023-02-03,FSH3,8650.0,8703.0,8599.0,8703.0,67,15,579586.0,8703.0
2023-02-03,FVH3,15182.0,15275.0,15100.0,15174.0,279,113,4235936.0,15149.0
2023-02-03,FVM3,15543.0,15545.0,15440.0,15440.0,19,13,294301.0,15440.0
2023-02-03,GDH3,1936.6,1936.6,1887.1,1892.0,230036,66964,31043106879.2,1893.0
2023-02-03,GDM3,1934.9,1934.9,1886.9,1892.0,4560,3081,615770607.81,1892.6
2023-02-03,GDU3,1934.9,1934.9,1895.0,1898.9,110,93,14900767.22,1898.9
2023-02-03,GDZ3,1935.1,1935.2,1901.1,1904.0,70,44,9513026.0,1904.0
2023-02-03,GKH3,15296.0,15330.0,15058.0,15129.0,21108,5593,319736339.0,15152.0
2023-02-03,GKM3,15228.0,15280.0,14245.0,15115.0,309,148,4596281.0,15114.0
2023-02-03,GKU3,14957.0,15093.0,14519.0,15093.0,9,8,133830.0,15093.0
2023-02-03,GUH3,1.2206,1.2318,1.2066,1.2127,138,81,11877164.66,1.2121
2023-02-03,GUM3,1.2318,1.2318,1.2318,1.2318,1,1,86994.4,1.2119
2023-02-03,GZH3,15951.0,16541.0,15758.0,16353.0,216492,47326,3511431252.0,16348.0
2023-02-03,GZM3,16232.0,16840.0,16075.0,16642.0,2803,1409,46420260.0,16638.0
2023-02-03,GZM4,17213.0,17973.0,16863.0,17013.0,10,10,173757.0,17887.0
2023-02-03,GZU3,16388.0,16489.0,16007.0,16400.0,74,32,1209629.0,16400.0
2023-02-03,GZU4,17802.0,18499.0,17802.0,18499.0,3,3,54401.0,18335.0
2023-02-03,GZU5,17456.0,19507.0,17454.0,19000.0,6,6,109568.0,20066.0
2023-02-03,GZZ3,16384.0,16820.0,16384.0,16820.0,36,14,600491.0,16769.0
2023-02-03,HOH3,24760.0,24760.0,24760.0,24760.0,2,2,49520.0,24760.0
2023-02-03,HOM3,24610.0,24610.0,24610.0,24610.0,1,1,24610.0,24990.0
2023-02-03,HSH3,23249.0,24000.0,22556.0,22999.0,7904,2221,16441158.16,22999.0
2023-02-03,HSM3,23401.0,24236.0,23401.0,23753.0,59,11,127530.93,23773.0
2023-02-03,HSU3,23653.0,25192.0,23653.0,25186.0,38,23,83602.86,23678.0
2023-02-03,HSZ3,25081.0,25081.0,25081.0,25081.0,2,1,4508.56,23859.0
2023-02-03,HYH3,7831.0,7884.0,7821.0,7866.0,260,87,2042232.0,7866.0
2023-02-03,HYM3,7985.0,7985.0,7968.0,7978.0,41,21,327095.0,7978.0
2023-02-03,IRH3,35339.0,35377.0,35000.0,35113.0,89,60,3131405.0,35125.0
2023-02-03,JPH3,131.29,131.95,129.05,131.95,35,32,2485564.68,131.95
2023-02-03,JPM3,130.21,132.0,129.33,132.0,9,4,640054.12,131.98
2023-02-03,LKH3,39485.0,39606.0,39147.0,39606.0,7039,4659,277261863.0,39545.0
2023-02-03,LKM3,40314.0,40335.0,39924.0,40230.0,95,79,3818479.0,40230.0
2023-02-03,LKU3,38501.0,40300.0,38501.0,40300.0,4,4,158651.0,40300.0
2023-02-03,LKZ3,41900.0,41900.0,41900.0,41900.0,4,4,167600.0,41737.0
2023-02-03,MAH3,6062.0,6062.0,6062.0,6062.0,2,2,12124.0,6201.0
2023-02-03,MCH3,12419.0,12529.0,12138.0,12328.0,305,157,3745885.0,12328.0
2023-02-03,MCM3,12351.0,12906.0,12351.0,12351.0,14,9,175431.0,12351.0
2023-02-03,MEH3,10947.0,10975.0,10681.0,10827.0,4570,1317,49330964.0,10823.0
2023-02-03,MEM3,10880.0,10944.0,10760.0,10864.0,111,79,1203442.0,10864.0
2023-02-03,MGH3,38184.0,38669.0,37453.0,38325.0,1170,653,44591093.0,38311.0
2023-02-03,MGM3,38414.0,38661.0,37750.0,38400.0,25,22,950823.0,38511.0
2023-02-03,MLH3,4965.0,4995.0,4864.0,4924.0,2890,605,14207236.0,4909.0
2023-02-03,MLM3,5068.0,5068.0,4962.0,5003.0,40,25,200392.0,4995.0
2023-02-03,MMH3,2257.5,2261.0,2224.5,2253.9,58030,13794,1301252015.0,2253.9
2023-02-03,MMH5,2500.05,2500.05,2500.05,2500.05,1,1,25000.5,2500.05
2023-02-03,MMM3,2244.7,2249.35,2212.9,2238.0,186,125,4148693.5,2238.0
2023-02-03,MMM4,2364.25,2364.3,2364.25,2364.3,2,2,47285.5,2364.3
2023-02-03,MMZ4,2435.7,2457.0,2411.75,2411.75,8,6,195894.5,2416.05
2023-02-03,MNH3,4722.0,4738.0,4654.0,4694.0,10571,2084,49581042.0,4680.0
2023-02-03,MNM3,4807.0,4807.0,4731.0,4762.0,177,87,843436.0,4762.0
2023-02-03,MTH3,25942.0,25944.0,25399.0,25576.0,867,428,22226767.0,25603.0
2023-02-03,MTM3,26312.0,26348.0,25800.0,26086.0,8,8,209262.0,26085.0
2023-02-03,MTU3,25962.0,25962.0,25962.0,25962.0,1,1,25962.0,25962.0
2023-02-03,MXH3,226150.0,226400.0,222800.0,225675.0,16396,9592,3682928300.0,225675.0
2023-02-03,MXM3,224750.0,225275.0,221825.0,224550.0,87,72,19474925.0,224550.0
2023-02-03,MXU3,225000.0,225150.0,225000.0,225150.0,2,2,450150.0,225150.0
2023-02-03,NAH3,12247.0,12469.0,12178.0,12433.0,137107,14816,1193046385.73,12431.0
2023-02-03,NAM3,11870.0,12200.0,11774.0,11875.0,739,374,6222163.79,11899.0
2023-02-03,NAU3,11694.0,12000.0,11694.0,11982.0,59,50,494636.41,11982.0
2023-02-03,NAZ3,12499.0,12740.0,12260.0,12383.0,48,23,426005.98,12500.0
2023-02-03,NGG3,2.655,2.713,2.505,2.533,1023837,242761,18678655843.48,2.531
2023-02-03,NGH3,2.85,2.907,2.69,2.713,86003,38466,1684138255.81,2.709
2023-02-03,NGJ3,3.134,3.155,2.88,2.901,6473,3374,135549946.07,2.892
2023-02-03,NGK3,3.35,3.37,3.126,3.147,617,349,14056000.59,3.146
2023-02-03,NGM3,3.599,3.609,3.33,3.336,570,347,13761343.88,3.336
2023-02-03,NGN3,3.739,3.739,3.572,3.591,89,60,2278316.71,3.591
2023-02-03,NKH3,104014.0,104299.0,103251.0,103727.0,108,103,11211189.0,103751.0
2023-02-03,NKM3,104717.0,104717.0,104717.0,104717.0,1,1,104717.0,104717.0
2023-02-03,NMH3,12097.0,12150.0,11852.0,12047.0,2396,1041,28756078.0,12030.0
2023-02-03,NMM3,12199.0,12199.0,11901.0,12000.0,10,9,119938.0,12000.0
2023-02-03,OGH3,5600.0,5600.0,5600.0,5600.0,1,1,5600.0,5600.0
2023-02-03,OZH3,17095.0,17275.0,16650.0,17129.0,1519,775,25731562.0,17048.0
2023-02-03,OZM3,17348.0,17348.0,16940.0,17290.0,36,24,620006.0,17328.0
2023-02-03,PDH3,1700.01,1732.04,1643.45,1667.0,373,246,44320764.96,1667.0
2023-02-03,PDM3,1800.0,1813.62,1751.43,1770.0,30,19,3756469.36,1770.0
2023-02-03,PHH3,6620.0,6740.0,6611.0,6651.0,742,260,4950350.0,6673.0
2023-02-03,PHM3,6770.0,6800.0,6441.0,6780.0,6,6,40343.0,6780.0
2023-02-03,PIH3,6221.0,6392.0,6150.0,6202.0,700,143,4347329.0,6207.0
2023-02-03,PIM3,6272.0,6273.0,6272.0,6273.0,4,2,25091.0,6273.0
2023-02-03,POH3,5218.0,5265.0,4980.0,5085.0,62719,10631,320679475.0,5099.0
2023-02-03,POM3,5290.0,5330.0,5058.0,5173.0,1303,582,6738083.0,5184.0
2023-02-03,PSH3,1605.0,1610.0,1539.0,1560.0,1524,138,2383788.0,1563.0
2023-02-03,PSM3,1612.0,1690.0,1593.0,1593.0,33,23,53901.0,1612.0
2023-02-03,PTH3,1049.8,1057.9,1017.4,1024.0,615,416,44987735.0,1024.0
2023-02-03,PTM3,1063.5,1063.5,1035.6,1035.6,20,14,1470133.3,1037.5
2023-02-03,PZH3,96989.0,96999.0,92620.0,93399.0,4960,3637,468614510.0,93189.0
2023-02-03,PZM3,97775.0,97989.0,94453.0,95051.0,113,113,10836477.0,95048.0
2023-02-03,RIH3,100660.0,100980.0,99050.0,100100.0,107662,63159,15193823813.26,100180.0
2023-02-03,RIM3,99900.0,100070.0,98600.0,99490.0,154,146,21580731.08,99410.0
2023-02-03,RIU3,100000.0,100000.0,98700.0,99900.0,6,6,840651.6,99890.0
2023-02-03,RIZ3,99600.0,99600.0,97400.0,98580.0,3,3,417500.84,98580.0
2023-02-03,RLH3,4293.0,4293.0,4200.0,4242.0,2064,302,8776908.0,4242.0
2023-02-03,RLM3,4356.0,4401.0,4330.0,4350.0,13,5,56771.0,4350.0
2023-02-03,RMH3,1004.5,1009.0,991.0,1002.0,15313,6154,216251341.08,1003.0
2023-02-03,RMM3,998.5,1003.0,987.0,992.5,188,100,2639267.84,993.0
2023-02-03,RMU3,990.0,990.0,990.0,990.0,1,1,13983.51,990.0
2023-02-03,RMZ3,962.5,1017.5,957.5,1017.5,3,3,41491.48,1009.5
2023-02-03,RNH3,34502.0,34671.0,34208.0,34590.0,3096,1855,106626403.0,34591.0
2023-02-03,RNM3,34600.0,34600.0,34600.0,34600.0,1,1,34600.0,34782.0
2023-02-03,RNZ4,36301.0,36741.0,32118.0,36741.0,6,6,212012.0,36742.0
2023-02-03,RTH3,5942.0,5998.0,5886.0,5886.0,830,269,4917784.0,5936.0
2023-02-03,RTM3,6069.0,6128.0,6055.0,6067.0,30,14,182124.0,6067.0
2023-02-03,SAH3,32.89,32.89,31.9,32.0,10,10,328472.8,32.0
2023-02-03,SEH3,1585.0,1590.0,1531.0,1581.0,283,67,438091.0,1558.0
2023-02-03,SFH3,405.51,407.67,402.05,405.52,98289,21567,2810262735.75,405.7
2023-02-03,SFM3,402.74,403.73,399.7,402.75,1688,962,47901386.22,402.75
2023-02-03,SFU3,393.5,400.0,392.0,392.06,66,54,1843359.13,392.5
2023-02-03,SFZ3,399.16,399.16,390.34,390.34,29,12,809403.34,390.38
2023-02-03,SGH3,28520.0,28569.0,28052.0,28351.0,308,197,8725333.0,28351.0
2023-02-03,SGM3,29121.0,29121.0,28810.0,29058.0,30,18,867050.0,28976.0
2023-02-03,SNH3,23487.0,23605.0,23231.0,23455.0,2463,968,57627573.0,23448.0
2023-02-03,SNM3,23865.0,23915.0,23726.0,23878.0,9,9,214564.0,23878.0
2023-02-03,SOH3,4441.0,4472.0,4371.0,4423.0,1021,320,4500704.0,4422.0
2023-02-03,SOM3,4550.0,4550.0,4480.0,4532.0,23,7,103863.0,4532.0
2023-02-03,SPH3,15917.0,16119.0,15776.0,16060.0,11019,5114,175769722.0,16075.0
2023-02-03,SPM3,16101.0,16136.0,15798.0,16056.0,35,31,560639.0,16115.0
2023-02-03,SRH3,16095.0,16270.0,15928.0,16237.0,280603,75991,4517195171.0,16243.0
2023-02-03,SRM3,16285.0,16391.0,16085.0,16345.0,2913,1669,47296601.0,16353.0
2023-02-03,SRU3,16495.0,16599.0,16300.0,16583.0,511,291,8389582.0,16583.0
2023-02-03,SRZ3,16950.0,16960.0,16716.0,16931.0,39,27,656405.0,16931.0
2023-02-03,SSH3,2603.0,2650.0,2569.0,2599.0,575,128,1489866.0,2599.0
2023-02-03,SVH3,23.85,23.89,22.83,22.94,114110,20603,1877012310.4,22.93
2023-02-03,SVM3,23.92,23.92,23.04,23.13,4588,1752,75991320.81,23.14
2023-02-03,SVU3,24.22,24.47,23.76,23.97,255,78,4309182.08,23.91
2023-02-03,SVZ3,24.71,24.89,24.5,24.89,65,20,1135800.1,24.31
2023-02-03,SXH3,4091.8,4193.6,4091.7,4132.4,597,72,1901228.67,4132.4
2023-02-03,SXM3,4048.0,4098.0,4048.0,4098.0,5,2,15603.0,4084.9
2023-02-03,SXU3,4050.0,4139.3,4050.0,4139.3,4,3,12663.81,4065.6
2023-02-03,SiH3,71139.0,71563.0,70777.0,71320.0,989691,210694,70443800910.0,71312.0
2023-02-03,SiH4,75922.0,76047.0,75785.0,76047.0,8,8,607269.0,76047.0
2023-02-03,SiM3,71825.0,72286.0,71500.0,72081.0,9545,4395,686319299.0,72033.0
2023-02-03,SiU3,73120.0,73529.0,72812.0,73340.0,156,131,11418521.0,73333.0
2023-02-03,SiU4,77907.0,78702.0,77907.0,78153.0,6,6,469957.0,78153.0
2023-02-03,SiZ3,74816.0,75094.0,74520.0,74974.0,34,26,2546148.0,74974.0
2023-02-03,SiZ4,78001.0,78955.0,78001.0,78955.0,2,2,156956.0,78955.0
2023-02-03,TIH3,27736.0,27802.0,27470.0,27719.0,370,247,10224105.0,27731.0
2023-02-03,TIM3,27930.0,27930.0,27910.0,27910.0,7,7,195437.0,28126.0
2023-02-03,TNH3,91050.0,91050.0,87221.0,90482.0,4,4,359266.0,90482.0
2023-02-03,TTH3,32978.0,32987.0,32503.0,32613.0,1877,1170,61465545.0,32645.0
2023-02-03,TTM3,33520.0,33673.0,33200.0,33392.0,68,50,2273097.0,33365.0
2023-02-03,TTU3,33533.0,34700.0,33533.0,34700.0,2,2,68233.0,34596.0
2023-02-03,UCH3,6.737,6.807,6.721,6.795,1985,342,139719211.86,6.795
2023-02-03,USDRUBF,70.45,70.86,70.15,70.69,19085,4862,1346018210.0,70.63
2023-02-03,VBH3,1720.0,1724.0,1677.0,1705.0,141916,12142,241430787.0,1703.0
2023-02-03,VBM3,1750.0,1753.0,1710.0,1736.0,2268,699,3935967.0,1735.0
2023-02-03,VBU3,1803.0,1803.0,1761.0,1768.0,72,18,127304.0,1768.0
2023-02-03,VIG3,34.0,34.35,34.0,34.0,33,8,158712.92,34.0
2023-02-03,VIH3,36.0,36.1,36.0,36.1,10,5,50877.36,36.0
2023-02-03,W4G3,15020.0,15020.0,15020.0,15020.0,2,2,30040.0,15030.0
2023-02-03,W4M3,15260.0,15260.0,15260.0,15260.0,1,1,15260.0,15260.0
2023-02-03,YNH3,20925.0,21022.0,20420.0,20738.0,7934,4076,164027162.0,20682.0
2023-02-03,YNM3,21039.0,21220.0,20707.0,20967.0,205,170,4306922.0,20947.0
2023-02-03,YNU3,21250.0,21383.0,20900.0,21104.0,16,16,339193.0,21104.0
2023-02-06,AFH3,2824.0,2848.0,2760.0,2833.0,4973,1130,14007924.0,2833.0
2023-02-06,AFM3,2827.0,2873.0,2801.0,2854.0,135,40,385413.0,2854.0
2023-02-06,AFU3,2948.0,2949.0,2948.0,2949.0,50,3,147445.0,2947.0
2023-02-06,AKH3,13080.0,13681.0,13080.0,13633.0,2238,858,30131166.0,13633.0
2023-02-06,AKM3,13202.0,13896.0,13202.0,13789.0,37,22,507728.0,13789.0
2023-02-06,ALH3,6235.0,6350.0,6214.0,6292.0,8962,1734,56466960.0,6304.0
2023-02-06,ALM3,6351.0,6465.0,6324.0,6414.0,285,125,1821727.0,6429.0
2023-02-06,ALU3,6460.0,6580.0,6460.0,6485.0,8,7,52004.0,6580.0
2023-02-06,AUH3,0.6923,0.6923,0.6876,0.6876,2,2,98068.94,0.6876
2023-02-06,BRF4,93.21,93.21,93.21,93.21,1,1,66243.97,93.21
2023-02-06,BRH3,85.67,85.67,82.18,82.35,208780,74305,12406666585.06,82.38
2023-02-06,BRJ3,87.01,87.18,83.86,84.05,3318,2518,201241347.06,84.03
2023-02-06,BRK3,88.94,88.94,85.55,85.55,539,344,33321301.42,85.67
2023-02-06,BRM3,90.36,90.36,87.5,87.5,111,106,7005721.33,87.5
2023-02-06,BRN3,89.5,89.5,89.02,89.02,4,4,253675.83,88.64
2023-02-06,BRQ3,89.6,90.2,89.25,89.79,10,10,637544.05,89.79
2023-02-06,BRU3,91.1,91.1,91.0,91.0,7,6,452919.46,91.0
2023-02-06,BRV3,91.59,91.59,91.59,91.59,1,1,65092.65,91.52
2023-02-06,BRX3,92.17,92.17,92.0,92.0,4,4,261656.94,92.0
2023-02-06,BRZ3,92.4,92.4,92.4,92.4,2,2,131336.62,92.4
2023-02-06,CHH3,101804.0,104670.0,100903.0,104258.0,420,364,43346008.0,103796.0
2023-02-06,CHM3,103068.0,103068.0,100727.0,100727.0,2,2,203795.0,103822.0
2023-02-06,CNYRUBF,10.43,10.46,10.32,10.44,25131,2034,261522690.0,10.42
2023-02-06,CRH3,10.476,10.593,10.406,10.49,1214727,51547,12703826001.0,10.49
2023-02-06,CRH4,11.055,11.055,11.025,11.025,5,3,55224.0,11.041
2023-02-06,CRM3,10.66,10.732,10.558,10.638,14424,2497,152937412.0,10.636
2023-02-06,CRM4,11.34,11.34,11.34,11.34,2,2,22680.0,11.34
2023-02-06,CRU3,10.772,10.8,10.701,10.78,22,16,236990.0,10.786
2023-02-06,CRZ3,10.93,10.974,10.851,10.972,10,8,109231.0,10.972
2023-02-06,DYH3,6962.0,6962.0,6883.0,6883.0,20,17,138108.0,6883.0
2023-02-06,EDH3,1.0803,1.0812,1.068,1.068,56979,16337,4342855178.04,1.0685
2023-02-06,EDM3,1.0686,1.0686,1.058,1.058,1076,496,81210563.58,1.0584
2023-02-06,EDU3,1.0613,1.0614,1.0576,1.0614,9,5,678380.68,1.0595
2023-02-06,EURRUBF,76.82,76.82,75.95,76.36,1729,852,131772930.0,76.22
2023-02-06,EuH3,76933.0,76962.0,75957.0,76472.0,67549,22649,5153846332.0,76539.0
2023-02-06,EuM3,77007.0,77007.0,76013.0,76532.0,1216,499,92810464.0,76586.0
2023-02-06,EuU3,77750.0,77750.0,77425.0,77500.0,20,16,1549954.0,77500.0
2023-02-06,FNH3,6935.0,7099.0,6456.0,7099.0,11,6,75447.0,6701.0
2023-02-06,FSH3,8648.0,8756.0,8646.0,8728.0,126,35,1098453.0,8728.0
2023-02-06,FSM3,8956.0,9155.0,8928.0,8948.0,53,13,475495.0,8948.0
2023-02-06,FVH3,15148.0,15557.0,15138.0,15555.0,872,332,13463226.0,15500.0
2023-02-06,FVM3,15460.0,15811.0,15436.0,15800.0,27,23,424597.0,15800.0
2023-02-06,GDH3,1891.3,1895.9,1870.5,1870.5,135932,41063,18200745086.11,1872.1
2023-02-06,GDM3,1891.0,1894.8,1869.1,1869.1,4080,2421,546374072.36,1870.5
2023-02-06,GDU3,1896.4,1899.4,1878.0,1878.0,124,104,16652779.8,1878.0
2023-02-06,GDZ3,1904.0,1919.5,1895.9,1903.1,84,52,11383779.38,1901.0
2023-02-06,GKH3,15168.0,15181.0,14964.0,15060.0,13556,4631,204030528.0,15047.0
2023-02-06,GKM3,15078.0,15078.0,14779.0,15039.0,68,41,1018299.0,15038.0
2023-02-06,GKU3,15254.0,15254.0,14784.0,15131.0,5,5,75180.0,15131.0
2023-02-06,GUH3,1.2084,1.2084,1.1982,1.1999,42,26,3589526.45,1.1999
2023-02-06,GZH3,16337.0,16370.0,16021.0,16065.0,115381,28007,1864484519.0,16044.0
2023-02-06,GZH5,18256.0,18256.0,18256.0,18256.0,1,1,18256.0,18252.0
2023-02-06,GZM3,16642.0,16642.0,16334.0,16353.0,1490,772,24551518.0,16350.0
2023-02-06,GZU3,16400.0,16549.0,16351.0,16476.0,114,61,1879166.0,16477.0
2023-02-06,GZU4,17204.0,18486.0,17204.0,18399.0,5,5,89589.0,18052.0
2023-02-06,GZZ3,16448.0,16448.0,16347.0,16347.0,8,3,130882.0,16401.0
2023-02-06,GZZ4,18993.0,19200.0,17438.0,17711.0,10,9,183870.0,18449.0
2023-02-06,GZZ5,19900.0,19900.0,19900.0,19900.0,1,1,19900.0,19900.0
2023-02-06,HOH3,24740.0,25000.0,24740.0,25000.0,13,11,323210.0,24990.0
2023-02-06,HOU3,25120.0,25120.0,24530.0,24530.0,2,2,49650.0,25000.0
2023-02-06,HSH3,22928.0,22932.0,22025.0,22120.0,6053,701,12184593.43,22120.0
2023-02-06,HSM3,23777.0,23808.0,22805.0,23100.0,77,25,160462.24,22902.0
2023-02-06,HSU3,23716.0,24758.0,22703.0,24758.0,19,9,40357.32,23000.0
2023-02-06,HSZ3,24940.0,24998.0,23002.0,24899.0,23,14,50444.22,23102.0
2023-02-06,HYH3,7881.0,7966.0,7845.0,7932.0,872,154,6910734.0,7934.0
2023-02-06,HYM3,8035.0,8085.0,8035.0,8085.0,2,2,16120.0,8084.0
2023-02-06,IRH3,35099.0,35485.0,35082.0,35248.0,73,48,2574401.0,35248.0
2023-02-06,JPH3,131.76,132.9,131.22,132.41,248,24,17402785.54,132.41
2023-02-06,JPM3,130.45,132.94,130.45,132.94,8,4,565057.08,132.9
2023-02-06,LKH3,39585.0,39845.0,39328.0,39708.0,6791,4406,269265829.0,39705.0
2023-02-06,LKM3,40292.0,40569.0,39942.0,40476.0,88,73,3549460.0,40476.0
2023-02-06,LKU3,40200.0,40500.0,40200.0,40500.0,4,4,161400.0,40500.0
2023-02-06,MCH3,12331.0,12685.0,12235.0,12635.0,196,104,2452339.0,12631.0
2023-02-06,MCM3,12900.0,12900.0,12800.0,12800.0,7,2,89900.0,12800.0
2023-02-06,MEH3,10828.0,11066.0,10736.0,11040.0,3493,1086,38242567.0,11041.0
2023-02-06,MEM3,10839.0,11029.0,10830.0,10883.0,67,56,731451.0,10963.0
2023-02-06,MGH3,38339.0,39057.0,37901.0,38550.0,800,537,30842143.0,38550.0
2023-02-06,MGM3,38543.0,39000.0,38543.0,38731.0,5,5,193907.0,38731.0
2023-02-06,MLH3,4917.0,4989.0,4895.0,4950.0,2266,495,11217246.0,4965.0
2023-02-06,MLM3,5010.0,5064.0,5010.0,5062.0,36,18,181414.0,5054.0
2023-02-06,MMH3,2254.0,2287.95,2247.35,2279.75,45871,11021,1041614662.0,2281.8
2023-02-06,MMH5,2517.8,2520.0,2517.8,2520.0,2,2,50378.0,2520.0
2023-02-06,MMM3,2240.75,2270.0,2237.0,2264.0,202,139,4559803.0,2264.0
2023-02-06,MMM4,2389.45,2389.45,2389.45,2389.45,1,1,23894.5,2389.45
2023-02-06,MMU4,2461.75,2522.05,2461.75,2522.05,2,2,49838.0,2522.05
2023-02-06,MMU5,2562.8,2563.6,2562.8,2563.6,2,2,51264.0,2501.75
2023-02-06,MMZ4,2466.85,2466.85,2466.85,2466.85,1,1,24668.5,2466.85
2023-02-06,MMZ5,2605.25,2610.7,2605.25,2610.7,2,2,52159.5,2362.85
2023-02-06,MNH3,4694.0,4774.0,4675.0,4755.0,7137,1460,33775029.0,4765.0
2023-02-06,MNM3,4775.0,4842.0,4766.0,4836.0,304,84,1464127.0,4836.0
2023-02-06,MTH3,25690.0,26150.0,25589.0,26131.0,788,410,20462000.0,26131.0
2023-02-06,MTM3,26278.0,26500.0,26278.0,26500.0,3,3,79162.0,26500.0
2023-02-06,MTU3,26100.0,26100.0,26100.0,26100.0,1,1,26100.0,26100.0
2023-02-06,MXH3,225975.0,228925.0,225025.0,228300.0,13438,8432,3055174825.0,228400.0
2023-02-06,MXM3,223975.0,228050.0,223975.0,226100.0,81,68,18323125.0,226100.0
2023-02-06,MXU3,222525.0,248700.0,215000.0,224500.0,48,37,10939700.0,224500.0
2023-02-06,MXZ3,227250.0,228000.0,227250.0,228000.0,3,3,682500.0,224875.0
2023-02-06,NAH3,12432.0,12468.0,12107.0,12158.0,86197,9728,750491955.98,12159.0
2023-02-06,NAM3,11876.0,11915.0,11755.0,11755.0,495,208,4173953.84,11777.0
2023-02-06,NAU3,11802.0,11871.0,11706.0,11795.0,16,12,133975.48,11795.0
2023-02-06,NAZ3,12491.0,12500.0,12309.0,12500.0,5,5,44257.42,12481.0
2023-02-06,NGG3,2.533,2.614,2.494,2.531,778418,185033,14063270857.09,2.533
2023-02-06,NGH3,2.707,2.795,2.67,2.745,76021,31839,1481502576.56,2.748
2023-02-06,NGJ3,2.897,2.996,2.88,2.919,2933,1505,60987387.25,2.918
2023-02-06,NGK3,3.146,3.228,3.109,3.125,478,225,10722632.88,3.129
2023-02-06,NGM3,3.392,3.439,3.281,3.3,498,300,11861303.15,3.314
2023-02-06,NGN3,3.612,3.612,3.556,3.56,74,51,1887288.73,3.56
2023-02-06,NKH3,103912.0,109450.0,102992.0,108982.0,1277,1153,136724472.0,108771.0
2023-02-06,NKM3,105000.0,109468.0,105000.0,109430.0,15,12,1626574.0,109430.0
2023-02-06,NMH3,12070.0,12379.0,12033.0,12379.0,2022,1020,24745255.0,12310.0
2023-02-06,NMM3,12198.0,12249.0,12150.0,12171.0,17,13,207220.0,12201.0
2023-02-06,OZH3,17112.0,17371.0,16920.0,17299.0,943,396,16210846.0,17299.0
2023-02-06,OZM3,17375.0,17650.0,17302.0,17554.0,24,16,420531.0,17554.0
2023-02-06,PDH3,1674.98,1680.0,1615.06,1633.0,505,226,59152199.13,1628.0
2023-02-06,PDM3,1765.67,1765.67,1726.5,1726.5,21,16,2601338.29,1726.5
2023-02-06,PDU3,1840.0,1840.0,1840.0,1840.0,1,1,130768.8,1775.45
2023-02-06,PHH3,6674.0,6967.0,6601.0,6930.0,1182,455,8095988.0,6911.0
2023-02-06,PHM3,6830.0,7113.0,6642.0,6771.0,85,45,588505.0,6953.0
2023-02-06,PIH3,6274.0,6288.0,6211.0,6269.0,196,85,1227392.0,6269.0
2023-02-06,PIM3,6437.0,6437.0,6420.0,6420.0,3,2,19277.0,6420.0
2023-02-06,POH3,5105.0,5231.0,5049.0,5164.0,24606,4127,127051120.0,5178.0
2023-02-06,POM3,5176.0,5301.0,5100.0,5279.0,1200,489,6263060.0,5260.0
2023-02-06,PSH3,1563.0,1635.0,1555.0,1600.0,620,123,991962.0,1600.0
2023-02-06,PSM3,1621.0,1689.0,1621.0,1640.0,107,27,177165.0,1640.0
2023-02-06,PTH3,1024.9,1024.9,1004.5,1004.6,963,457,69168609.28,1004.6
2023-02-06,PTM3,1035.1,1035.1,1020.0,1020.0,78,55,5680713.91,1019.1
2023-02-06,PZH3,93476.0,95104.0,92825.0,94189.0,1742,1330,163893480.0,93964.0
2023-02-06,PZM3,94865.0,96583.0,94803.0,95972.0,26,26,2487277.0,95806.0
2023-02-06,RBH3,12894.0,12999.0,12893.0,12999.0,17,5,220682.0,12990.0
2023-02-06,RIH3,100200.0,101410.0,99710.0,100800.0,89545,53484,12835432891.87,100780.0
2023-02-06,RIH4,100980.0,100980.0,98850.0,98850.0,2,2,284036.36,98850.0
2023-02-06,RIM3,99460.0,100500.0,99030.0,100040.0,179,144,25427103.57,100040.0
2023-02-06,RIU3,100540.0,100550.0,100400.0,100550.0,4,4,571455.63,100390.0
2023-02-06,RLH3,4243.0,4346.0,4109.0,4109.0,4178,791,17639732.0,4144.0
2023-02-06,RLM3,4284.0,4478.0,4177.0,4177.0,97,32,414963.0,4259.0
2023-02-06,RMH3,1003.0,1015.0,998.0,1008.5,12031,4441,172475737.74,1008.5
2023-02-06,RMM3,993.0,1005.0,989.5,998.5,218,99,3098158.44,998.5
2023-02-06,RMU3,981.5,1002.0,981.5,1002.0,2,2,28193.31,1002.0
2023-02-06,RNH3,34617.0,35115.0,34415.0,35099.0,3115,1911,108452022.0,34985.0
2023-02-06,RNM3,35115.0,35220.0,34923.0,35220.0,16,14,562676.0,35237.0
2023-02-06,RNZ3,36197.0,36200.0,36197.0,36200.0,2,2,72397.0,36198.0
2023-02-06,RTH3,5934.0,6055.0,5887.0,5997.0,840,326,5016881.0,6022.0
2023-02-06,RTM3,6084.0,6168.0,6049.0,6168.0,40,26,243958.0,6165.0
2023-02-06,SAH3,32.89,32.89,32.01,32.01,6,6,196514.72,32.01
2023-02-06,SEH3,1574.0,1637.0,1574.0,1601.0,973,71,1556269.0,1601.0
2023-02-06,SFH3,405.83,406.42,401.0,401.68,64263,12767,1839911055.81,401.74
2023-02-06,SFM3,402.5,403.15,398.0,398.65,1929,797,54745312.15,398.7
2023-02-06,SFU3,393.01,393.01,383.08,392.02,31,20,858665.58,390.79
2023-02-06,SFZ3,393.0,393.0,393.0,393.0,2,2,55861.02,393.0
2023-02-06,SGH3,28409.0,28510.0,28171.0,28220.0,272,183,7701086.0,28220.0
2023-02-06,SGM3,29003.0,29003.0,28810.0,28810.0,7,5,201920.0,28810.0
2023-02-06,SLH3,70.84,70.84,56.65,61.41,10,6,65649.0,63.86
2023-02-06,SNH3,23425.0,23754.0,23327.0,23597.0,1868,900,44035117.0,23576.0
2023-02-06,SNM3,23902.0,24220.0,23902.0,24000.0,22,14,529059.0,24077.0
2023-02-06,SOH3,4420.0,4512.0,4370.0,4433.0,1491,349,6627245.0,4437.0
2023-02-06,SOM3,4450.0,4559.0,4450.0,4559.0,3,3,13567.0,4559.0
2023-02-06,SPH3,16125.0,16648.0,16050.0,16603.0,10518,5183,172133924.0,16603.0
2023-02-06,SPM3,16160.0,16995.0,15757.0,16750.0,757,279,12462542.0,16750.0
2023-02-06,SRH3,16258.0,16845.0,16219.0,16790.0,397055,94198,6571437839.0,16792.0
2023-02-06,SRM3,16395.0,16993.0,16100.0,16944.0,7453,4542,123926132.0,16951.0
2023-02-06,SRU3,16681.0,17576.0,16588.0,17157.0,456,262,7721385.0,17157.0
2023-02-06,SRZ3,17020.0,17490.0,16854.0,17483.0,80,26,1379895.0,17483.0
2023-02-06,SSH3,2581.0,2646.0,2581.0,2632.0,1004,170,2638204.0,2632.0
2023-02-06,SSM3,2678.0,2703.0,2431.0,2431.0,184,34,482540.0,2601.0
2023-02-06,SVH3,22.93,22.98,22.52,22.56,67249,13844,1088080985.91,22.55
2023-02-06,SVM3,23.12,23.17,22.73,22.75,2520,1118,41137229.48,22.75
2023-02-06,SVU3,23.91,23.91,23.31,23.37,133,74,2230675.72,23.37
2023-02-06,SVZ3,24.0,24.47,23.99,24.0,26,12,445080.44,23.99
2023-02-06,SXH3,4130.2,4160.0,4100.1,4100.1,125,46,392387.59,4100.1
2023-02-06,SiH3,71357.0,71815.0,71001.0,71759.0,647640,183794,46214257719.0,71758.0
2023-02-06,SiH4,76350.0,76400.0,76340.0,76400.0,12,4,916690.0,76452.0
2023-02-06,SiM3,72092.0,72551.0,71737.0,72504.0,7964,3897,574722246.0,72496.0
2023-02-06,SiM4,77158.0,77421.0,76955.0,77421.0,19,9,1464481.0,77421.0
2023-02-06,SiU3,73262.0,73669.0,73001.0,73615.0,184,133,13496466.0,73615.0
2023-02-06,SiU4,78200.0,78450.0,78200.0,78450.0,2,2,156650.0,78617.0
2023-02-06,SiZ3,74847.0,75278.0,74808.0,75278.0,73,41,5474779.0,75278.0
2023-02-06,SiZ4,79857.0,79857.0,79857.0,79857.0,1,1,79857.0,79856.0
2023-02-06,TIH3,27768.0,28325.0,27692.0,28110.0,664,402,18631909.0,28169.0
2023-02-06,TIM3,28556.0,28735.0,28556.0,28735.0,21,10,599855.0,28556.0
2023-02-06,TNH3,91349.0,91349.0,90765.0,90765.0,2,2,182114.0,90735.0
2023-02-06,TTH3,32738.0,32841.0,32650.0,32745.0,459,329,15027916.0,32676.0
2023-02-06,TTM3,33441.0,33524.0,33333.0,33473.0,16,14,535247.0,33333.0
2023-02-06,TTU3,33005.0,34299.0,31311.0,34299.0,6,6,197819.0,34200.0
2023-02-06,UCH3,6.789,6.832,6.785,6.832,1761,293,125000820.84,6.832
2023-02-06,USDRUBF,70.72,71.16,70.45,71.1,22133,4838,1566004290.0,71.07
2023-02-06,VBH3,1708.0,1729.0,1701.0,1723.0,94817,9493,162811823.0,1722.0
2023-02-06,VBM3,1739.0,1757.0,1734.0,1748.0,959,404,1673881.0,1753.0
2023-02-06,VBU3,1779.0,1805.0,1771.0,1803.0,56,20,100381.0,1803.0
2023-02-06,VIG3,34.0,34.4,33.25,33.25,113,24,543668.12,33.25
2023-02-06,VIH3,35.95,36.75,32.7,36.3,8,5,40694.44,33.25
2023-02-06,W4G3,15030.0,15030.0,15020.0,15020.0,3,3,45070.0,15020.0
2023-02-06,W4M3,15250.0,15250.0,15250.0,15250.0,1,1,15250.0,15250.0
2023-02-06,YNH3,20727.0,21250.0,20656.0,21040.0,9032,4497,190480164.0,21076.0
2023-02-06,YNM3,20964.0,21502.0,20962.0,21274.0,356,271,7578946.0,21318.0
2023-02-06,YNU3,21295.0,21712.0,21186.0,21631.0,20,20,429067.0,21624.0
2023-02-07,AFH3,2833.0,2874.0,2816.0,2857.0,2682,570,7640256.0,2857.0
2023-02-07,AFM3,2868.0,2882.0,2852.0,2877.0,376,101,1078900.0,2877.0
2023-02-07,AFU3,2945.0,2945.0,2944.0,2944.0,6,3,17666.0,2944.0
2023-02-07,AKH3,13636.0,14046.0,13600.0,13799.0,1952,677,26876424.0,13736.0
2023-02-07,AKM3,13787.0,14218.0,13782.0,13907.0,39,23,541881.0,13907.0
2023-02-07,ALH3,6295.0,6390.0,6252.0,6290.0,8024,1605,50555732.0,6280.0
2023-02-07,ALM3,6414.0,6506.0,6380.0,6406.0,387,150,2489559.0,6406.0
2023-02-07,ALU3,6581.0,6610.0,6580.0,6599.0,54,7,355420.0,6599.0
2023-02-07,AUH3,0.6953,0.6953,0.6953,0.6953,1,1,49463.71,0.6928
2023-02-07,BRF4,93.2,95.48,93.2,95.48,9,5,608262.1,95.28
2023-02-07,BRH3,82.3,84.54,82.11,83.9,157978,58048,9425473995.18,83.93
2023-02-07,BRJ3,83.8,86.11,83.8,85.47,1956,1362,118727072.06,85.58
2023-02-07,BRK3,85.6,87.4,85.54,86.95,444,258,27167110.12,86.95
2023-02-07,BRM3,87.58,89.43,87.52,89.23,76,70,4791399.58,88.94
2023-02-07,BRQ3,90.48,91.0,90.48,91.0,2,2,129105.05,91.0
2023-02-07,BRU3,92.2,92.3,92.2,92.29,3,3,196908.68,92.3
2023-02-07,BRV3,91.9,91.9,91.9,91.9,1,1,65377.75,91.9
2023-02-07,BRX3,92.5,92.5,92.5,92.5,1,1,65804.59,92.5
2023-02-07,BRZ3,93.0,93.9,93.0,93.9,4,4,265388.13,93.85
2023-02-07,CFH3,0.9276,0.9287,0.9276,0.9287,2,2,142083.24,0.9283
2023-02-07,CHH3,103500.0,104600.0,99700.0,100340.0,489,428,49756784.0,99901.0
2023-02-07,CHM3,103339.0,103615.0,100700.0,100700.0,10,10,1015522.0,100700.0
2023-02-07,CNYRUBF,10.44,10.49,10.42,10.47,13183,1230,137840170.0,10.45
2023-02-07,CRH3,10.49,10.532,10.474,10.52,890773,39349,9355741471.0,10.519
2023-02-07,CRM3,10.635,10.691,10.619,10.671,67215,3680,716285753.0,10.673
2023-02-07,CRM4,11.34,11.34,11.34,11.34,8,1,90720.0,11.34
2023-02-07,CRU3,10.808,10.875,10.71,10.822,47,17,507836.0,10.827
2023-02-07,DXH3,13475.0,13475.0,12343.0,12950.0,93,76,926867.06,12950.0
2023-02-07,DXM3,13273.0,13284.0,13260.0,13284.0,51,6,515041.7,12900.0
2023-02-07,DXU3,13186.0,13186.0,13186.0,13186.0,1,1,10029.54,12900.0
2023-02-07,DYH3,6885.0,6940.0,6878.0,6896.0,155,30,1073813.0,6896.0
2023-02-07,EDH3,1.0686,1.0693,1.0627,1.0644,57125,15668,4331971359.0,1.0643
2023-02-07,EDM3,1.0588,1.0591,1.0522,1.053,1564,617,117377760.89,1.0531
2023-02-07,EDU3,1.0597,1.0597,1.055,1.056,28,10,2102510.17,1.056
2023-02-07,EURRUBF,76.37,76.42,75.69,76.11,1695,814,128977730.0,76.06
2023-02-07,EuH3,76495.0,76564.0,75790.0,76225.0,62685,21387,4777267775.0,76236.0
2023-02-07,EuM3,76593.0,76593.0,75850.0,76270.0,2388,776,181913459.0,76252.0
2023-02-07,EuU3,77812.0,77812.0,77177.0,77436.0,16,14,1237621.0,77436.0
2023-02-07,EuZ3,78442.0,78442.0,78442.0,78442.0,2,2,156884.0,78442.0
2023-02-07,FNH3,6996.0,6997.0,6996.0,6997.0,2,2,13993.0,6702.0
2023-02-07,FNM3,7167.0,7167.0,7167.0,7167.0,1,1,7167.0,6658.0
2023-02-07,FSH3,8722.0,8730.0,8700.0,8700.0,17,14,148226.0,8700.0
2023-02-07,FSM3,8911.0,8972.0,8709.0,8972.0,27,10,238156.0,8972.0
2023-02-07,FVH3,15521.0,15695.0,15431.0,15517.0,420,186,6539131.0,15631.0
2023-02-07,FVM3,15781.0,15963.0,15781.0,15858.0,7,7,111190.0,15896.0
2023-02-07,GDH3,1872.4,1884.9,1870.2,1881.0,96740,30166,12918220432.44,1880.7
2023-02-07,GDM3,1870.4,1883.2,1868.8,1878.9,3424,1458,457001037.53,1878.4
2023-02-07,GDU3,1882.1,1894.9,1882.1,1890.0,39,33,5233250.68,1890.0
2023-02-07,GDZ3,1901.8,1907.2,1896.5,1906.2,29,23,3926364.4,1906.2
2023-02-07,GKH3,15061.0,15150.0,14898.0,15050.0,16843,5158,252965329.0,15063.0
2023-02-07,GKM3,15008.0,15039.0,14926.0,14997.0,40,29,599674.0,14997.0
2023-02-07,GKU3,15159.0,15172.0,14950.0,15172.0,6,6,90604.0,15172.0
2023-02-07,GUH3,1.2019,1.2019,1.1931,1.1945,34,28,2894014.82,1.1949
2023-02-07,GZH3,16065.0,16260.0,16030.0,16090.0,53620,17168,865193282.0,16114.0
2023-02-07,GZH5,18235.0,18251.0,18235.0,18251.0,2,2,36486.0,18251.0
2023-02-07,GZM3,16365.0,16562.0,16350.0,16402.0,991,520,16313395.0,16420.0
2023-02-07,GZU3,16503.0,16712.0,16500.0,16500.0,4,4,66218.0,16500.0
2023-02-07,GZU5,19531.0,19586.0,19531.0,19586.0,6,6,117319.0,19499.0
2023-02-07,GZZ5,19988.0,19988.0,19988.0,19988.0,1,1,19988.0,20313.0
2023-02-07,HOH3,24890.0,25000.0,24830.0,24830.0,8,7,199440.0,24970.0
2023-02-07,HSH3,22120.0,22511.0,21747.0,22018.0,4742,1693,9464944.78,22125.0
2023-02-07,HSM3,23099.0,23099.0,22505.0,23095.0,67,29,138746.45,23083.0
2023-02-07,HSU3,23002.0,23796.0,23002.0,23786.0,4,4,8539.91,23130.0
2023-02-07,HSZ3,23150.0,23983.0,23150.0,23983.0,2,2,4265.06,23306.0
2023-02-07,HYH3,7953.0,7962.0,7890.0,7904.0,343,102,2716078.0,7918.0
2023-02-07,IRH3,35290.0,35329.0,35188.0,35222.0,58,35,2045614.0,35222.0
2023-02-07,IRM3,34800.0,34800.0,34800.0,34800.0,3,1,104400.0,34800.0
2023-02-07,JPH3,133.14,133.14,132.6,132.85,4,4,284144.3,132.85
2023-02-07,JPM3,132.53,133.79,132.53,133.79,2,2,142449.25,133.65
2023-02-07,LKH3,39775.0,40132.0,39652.0,39999.0,5776,3780,230460544.0,40055.0
2023-02-07,LKM3,40551.0,40900.0,40423.0,40794.0,139,98,5641099.0,40864.0
2023-02-07,LKU3,40700.0,40700.0,40001.0,40640.0,3,3,121341.0,40640.0
2023-02-07,LKZ3,41500.0,41500.0,41500.0,41500.0,1,1,41500.0,42285.0
2023-02-07,MAH3,6502.0,6502.0,6405.0,6473.0,19,19,122299.0,6401.0
2023-02-07,MCH3,12694.0,12942.0,12456.0,12745.0,412,223,5242048.0,12755.0
2023-02-07,MCM3,12026.0,13034.0,12026.0,13034.0,14,9,177983.0,13034.0
2023-02-07,MEH3,11041.0,11133.0,10900.0,10972.0,4022,1166,44257694.0,10974.0
2023-02-07,MEM3,10919.0,10928.0,10811.0,10874.0,99,68,1077922.0,10874.0
2023-02-07,MGH3,38590.0,38868.0,37886.0,38210.0,465,323,17801728.0,38211.0
2023-02-07,MGM3,38500.0,38500.0,38350.0,38350.0,6,6,230500.0,38358.0
2023-02-07,MLH3,4963.0,5042.0,4908.0,4948.0,2459,520,12237611.0,4948.0
2023-02-07,MLM3,5055.0,5071.0,5000.0,5039.0,27,19,136013.0,5039.0
2023-02-07,MMH3,2281.75,2302.05,2271.45,2282.0,35084,9709,801903081.5,2282.35
2023-02-07,MMH5,2563.1,2563.1,2497.2,2497.2,4,4,101206.0,2500.05
2023-02-07,MMM3,2261.0,2284.65,2255.4,2266.2,191,141,4332764.5,2266.2
2023-02-07,MMZ3,2294.9,2300.0,2294.9,2300.0,4,4,91949.0,2300.0
2023-02-07,MMZ4,2466.0,2466.0,2431.65,2431.65,4,4,97785.0,2435.0
2023-02-07,MNH3,4762.0,4800.0,4731.0,4799.0,8500,1782,40561915.0,4797.0
2023-02-07,MNM3,4836.0,4874.0,4802.0,4866.0,485,161,2349806.0,4866.0
2023-02-07,MNU3,4900.0,4900.0,4847.0,4900.0,10,5,48894.0,4900.0
2023-02-07,MTH3,26131.0,26427.0,26089.0,26396.0,539,262,14155918.0,26387.0
2023-02-07,MTM3,26528.0,26750.0,26456.0,26579.0,8,8,212809.0,26675.0
2023-02-07,MXH3,228400.0,230500.0,227375.0,228300.0,17728,10700,4055597400.0,228300.0
2023-02-07,MXM3,226850.0,228075.0,225875.0,226825.0,72,54,16325250.0,226625.0
2023-02-07,NAH3,12163.0,12284.0,12125.0,12150.0,39751,5487,344682502.57,12153.0
2023-02-07,NAM3,11873.0,11960.0,11760.0,11931.0,178,112,1503650.64,11883.0
2023-02-07,NAU3,11798.0,11927.0,11795.0,11927.0,27,14,228002.97,11834.0
2023-02-07,NAZ3,12367.0,12541.0,12260.0,12260.0,29,14,254657.7,12260.0
2023-02-07,NGG3,2.531,2.694,2.519,2.677,796854,192905,14745281776.5,2.671
2023-02-07,NGH3,2.744,2.943,2.732,2.924,93655,38589,1894479344.25,2.918
2023-02-07,NGJ3,2.912,3.088,2.908,3.069,3766,1932,80531738.65,3.062
2023-02-07,NGK3,3.132,3.319,3.116,3.317,431,265,9922393.22,3.317
2023-02-07,NGM3,3.323,3.501,3.296,3.486,591,343,14214147.08,3.486
2023-02-07,NGN3,3.56,3.71,3.56,3.65,48,29,1236557.23,3.65
2023-02-07,NKH3,108682.0,112703.0,108540.0,109272.0,1092,985,120089772.0,109535.0
2023-02-07,NKM3,109430.0,112000.0,109430.0,111334.0,16,13,1765144.0,111153.0
2023-02-07,NMH3,12326.0,12470.0,12166.0,12186.0,1971,975,24277794.0,12254.0
2023-02-07,NMM3,12489.0,12499.0,12201.0,12304.0,12,12,148394.0,12304.0
2023-02-07,NMU3,12900.0,12900.0,11661.0,11661.0,3,3,37461.0,12741.0
2023-02-07,OGH3,5877.0,5878.0,5877.0,5878.0,2,2,11755.0,5600.0
2023-02-07,OZH3,17291.0,17485.0,17050.0,17128.0,740,312,12730342.0,17163.0
2023-02-07,OZM3,17609.0,17715.0,17415.0,17415.0,8,8,140367.0,17447.0
2023-02-07,PDH3,1638.0,1687.15,1622.0,1679.03,336,207,39584624.54,1678.05
2023-02-07,PDM3,1744.0,1756.07,1739.31,1756.07,7,6,870316.81,1760.05
2023-02-07,PHH3,6915.0,7021.0,6894.0,6971.0,1001,294,6978326.0,6973.0
2023-02-07,PHM3,6960.0,7085.0,6852.0,7011.0,22,19,153928.0,7012.0
2023-02-07,PIH3,6272.0,6408.0,6255.0,6274.0,394,129,2486860.0,6276.0
2023-02-07,PIM3,6400.0,6400.0,6400.0,6400.0,1,1,6400.0,6400.0
2023-02-07,POH3,5174.0,5300.0,5119.0,5172.0,22146,4092,114771960.0,5161.0
2023-02-07,POM3,5255.0,5370.0,5193.0,5250.0,1246,500,6563399.0,5250.0
2023-02-07,PSH3,1610.0,1621.0,1581.0,1594.0,684,131,1099640.0,1597.0
2023-02-07,PSM3,1676.0,1735.0,1602.0,1622.0,63,24,102628.0,1622.0
2023-02-07,PTH3,1008.5,1011.8,999.0,1011.8,390,248,27870656.47,1010.1
2023-02-07,PTM3,1019.9,1030.9,1015.0,1029.8,66,36,4807377.59,1026.2
2023-02-07,PZH3,94043.0,94979.0,91000.0,91601.0,3510,2457,324917230.0,91757.0
2023-02-07,PZM3,96022.0,96291.0,93015.0,93428.0,93,93,8763758.0,93688.0
2023-02-07,RBH3,12989.0,13010.0,12989.0,13010.0,31,4,402989.0,13010.0
2023-02-07,RIH3,100740.0,101880.0,100200.0,100350.0,90634,54446,13009984404.62,100340.0
2023-02-07,RIH4,101950.0,103510.0,98010.0,98010.0,10,10,1432105.11,98010.0
2023-02-07,RIM3,100130.0,100900.0,99500.0,99580.0,140,129,19955410.22,99580.0
2023-02-07,RIU3,104580.0,104680.0,99870.0,99870.0,12,12,1737452.22,99870.0
2023-02-07,RIZ3,101690.0,105550.0,96340.0,100490.0,34,31,4887588.32,99750.0
2023-02-07,RLH3,4109.0,4198.0,4070.0,4149.0,5221,862,21569800.0,4122.0
2023-02-07,RLM3,4220.0,4292.0,4169.0,4232.0,97,29,407368.0,4232.0
2023-02-07,RMH3,1009.0,1019.5,1003.0,1005.0,13007,4968,186898613.79,1005.0
2023-02-07,RMM3,999.0,1008.5,996.5,996.5,97,76,1381668.73,996.5
2023-02-07,RMU3,1002.0,1008.0,989.0,1008.0,3,3,42669.83,1003.5
2023-02-07,RNH3,35094.0,36092.0,34926.0,35755.0,4226,2317,149615404.0,35722.0
2023-02-07,RNM3,35325.0,37481.0,35325.0,36300.0,155,88,5574728.0,36300.0
2023-02-07,RNM4,36749.0,36749.0,36749.0,36749.0,1,1,36749.0,36750.0
2023-02-07,RNU3,35699.0,35900.0,35699.0,35900.0,3,3,107499.0,35900.0
2023-02-07,RNZ3,36900.0,36900.0,36900.0,36900.0,1,1,36900.0,35390.0
2023-02-07,RTH3,6039.0,6096.0,5969.0,6012.0,623,256,3746772.0,6012.0
2023-02-07,RTM3,6172.0,6329.0,6102.0,6158.0,67,35,413661.0,6157.0
2023-02-07,SAH3,32.38,32.38,32.0,32.0,7,7,228183.44,32.0
2023-02-07,SEH3,1606.0,1850.0,1601.0,1677.0,9891,655,17106847.0,1685.0
2023-02-07,SEM3,1670.0,1834.0,1670.0,1816.0,12,4,21664.0,1816.0
2023-02-07,SFH3,401.83,405.45,401.83,403.74,50396,16976,1447979132.81,403.77
2023-02-07,SFM3,399.28,400.62,398.5,399.3,1164,585,33092292.77,399.4
2023-02-07,SFU3,391.05,392.32,389.47,392.32,15,12,416938.04,392.32
2023-02-07,SFZ3,390.6,394.65,389.0,392.0,128,23,3554678.18,392.0
2023-02-07,SGH3,28253.0,28518.0,28132.0,28166.0,204,184,5777583.0,28267.0
2023-02-07,SGM3,28877.0,28877.0,28800.0,28800.0,13,11,374922.0,28841.0
2023-02-07,SNH3,23634.0,24190.0,23469.0,23753.0,2993,1265,71516355.0,23908.0
2023-02-07,SNM3,24000.0,24612.0,24000.0,24357.0,63,44,1535135.0,24414.0
2023-02-07,SOH3,4427.0,4495.0,4391.0,4443.0,1070,194,4763784.0,4443.0
2023-02-07,SOM3,4455.0,4468.0,4455.0,4468.0,3,2,13378.0,4470.0
2023-02-07,SPH3,16603.0,16868.0,16351.0,16471.0,15678,7656,259214610.0,16462.0
2023-02-07,SPM3,16771.0,17038.0,16530.0,16661.0,77,52,1282079.0,16661.0
2023-02-07,SRH3,16782.0,16998.0,16529.0,16650.0,444084,104689,7425657099.0,16670.0
2023-02-07,SRM3,16945.0,17144.0,16720.0,16845.0,2903,2053,49072354.0,16848.0
2023-02-07,SRU3,17163.0,17260.0,16900.0,16924.0,173,125,2942549.0,16924.0
2023-02-07,SRZ3,17503.0,17705.0,17313.0,17315.0,36,21,625491.0,17315.0
2023-02-07,SSH3,2631.0,2665.0,2615.0,2629.0,205,86,540064.0,2630.0
2023-02-07,SSM3,2623.0,2624.0,2610.0,2610.0,29,9,76002.0,2610.0
2023-02-07,SVH3,22.57,22.69,22.38,22.52,54060,10114,866278315.91,22.56
2023-02-07,SVM3,22.77,22.92,22.58,22.75,2205,857,35690723.46,22.75
2023-02-07,SVU3,23.32,23.36,23.16,23.24,69,37,1142261.17,23.24
2023-02-07,SVZ3,23.94,23.96,23.86,23.91,7,7,119116.99,23.91
2023-02-07,SXH3,4100.0,4182.0,4083.5,4115.6,248,49,783004.03,4115.8
2023-02-07,SXZ3,4272.9,4272.9,3804.1,4272.8,18,10,56001.09,4016.4
2023-02-07,SiH3,71780.0,71909.0,71338.0,71789.0,667316,184256,47798918702.0,71797.0
2023-02-07,SiH4,76826.0,76826.0,76203.0,76400.0,16,9,1223502.0,76430.0
2023-02-07,SiM3,72488.0,72659.0,72106.0,72539.0,7256,4144,525395964.0,72553.0
2023-02-07,SiM4,77430.0,77767.0,77277.0,77700.0,5,5,387874.0,77700.0
2023-02-07,SiU3,73601.0,73849.0,73374.0,73820.0,165,136,12153022.0,73806.0
2023-02-07,SiZ3,75300.0,75890.0,74825.0,75737.0,78,50,5873918.0,75503.0
2023-02-07,TIH3,28157.0,28345.0,27510.0,27588.0,945,634,26355553.0,27606.0
2023-02-07,TIM3,28639.0,28639.0,28000.0,28000.0,2,2,56639.0,28018.0
2023-02-07,TNH3,91355.0,94998.0,91200.0,94495.0,15,11,1387028.0,94400.0
2023-02-07,TTH3,32745.0,33066.0,32540.0,32593.0,1196,807,39178989.0,32591.0
2023-02-07,TTM3,33520.0,33717.0,33209.0,33271.0,52,39,1737918.0,33240.0
2023-02-07,TTU3,34500.0,34500.0,31556.0,31556.0,4,4,134057.0,33730.0
2023-02-07,UCH3,6.833,6.834,6.806,6.826,881,137,62823825.81,6.827
2023-02-07,USDRUBF,71.06,71.35,70.82,71.2,18471,3756,1312425420.0,71.13
2023-02-07,VBH3,1723.0,1750.0,1703.0,1718.0,181259,16557,312817528.0,1723.0
2023-02-07,VBM3,1753.0,1776.0,1737.0,1754.0,3008,1039,5276893.0,1754.0
2023-02-07,VBU3,1803.0,1833.0,1790.0,1809.0,107,27,194259.0,1809.0
2023-02-07,VIG3,33.75,34.0,33.75,34.0,2,2,9639.49,34.0
2023-02-07,VIH3,33.85,36.3,33.05,36.3,9,7,44405.65,36.2
2023-02-07,W4G3,15030.0,15080.0,14970.0,15000.0,12,12,180340.0,15000.0
2023-02-07,W4M3,15370.0,15370.0,15370.0,15370.0,1,1,15370.0,15370.0
2023-02-07,YNH3,21040.0,21215.0,20821.0,20869.0,5048,2774,105938542.0,20907.0
2023-02-07,YNM3,21344.0,21442.0,21187.0,21212.0,181,141,3848313.0,21221.0
2023-02-07,YNU3,21644.0,21644.0,21400.0,21403.0,11,11,236162.0,21403.0
2023-02-08,AFH3,2863.0,2959.0,2855.0,2936.0,6011,1250,17494287.0,2936.0
2023-02-08,AFM3,2880.0,3002.0,2843.0,2971.0,822,228,2409575.0,2975.0
2023-02-08,AFU3,2974.0,2974.0,2974.0,2974.0,6,4,17844.0,2974.0
2023-02-08,AKH3,13716.0,13774.0,13350.0,13390.0,1542,449,20904674.0,13407.0
2023-02-08,AKM3,13927.0,13927.0,13475.0,13475.0,12,9,165039.0,13557.0
2023-02-08,ALH3,6287.0,6346.0,6185.0,6236.0,7186,1756,45032714.0,6241.0
2023-02-08,ALM3,6406.0,6453.0,6326.0,6361.0,364,147,2321976.0,6361.0
2023-02-08,ALU3,6590.0,6652.0,6539.0,6577.0,23,18,151935.0,6577.0
2023-02-08,AUH3,0.7011,0.7011,0.6991,0.6991,5,4,252826.18,0.6991
2023-02-08,BRH3,84.04,85.92,84.04,85.15,146450,48540,9013957174.73,85.08
2023-02-08,BRJ3,85.89,87.4,85.89,86.63,2334,1619,146318992.17,86.61
2023-02-08,BRK3,87.08,88.67,87.07,87.9,167,153,10611369.81,87.9
2023-02-08,BRM3,89.27,90.48,89.27,89.92,68,65,4420641.72,89.84
2023-02-08,BRN3,90.32,91.0,90.32,91.0,3,3,196628.93,90.85
2023-02-08,BRQ3,91.4,93.1,91.0,91.66,8,8,530584.73,91.66
2023-02-08,BRV3,93.4,93.92,93.4,93.92,2,2,135254.59,93.92
2023-02-08,BRX3,94.4,94.4,94.4,94.4,1,1,68161.61,94.4
2023-02-08,BRZ3,94.95,94.95,94.8,94.8,2,2,137009.17,94.8
2023-02-08,CHH3,100154.0,100735.0,98374.0,98680.0,336,260,33431752.0,98576.0
2023-02-08,CHM3,101100.0,101166.0,100000.0,100000.0,13,13,1306742.0,100000.0
2023-02-08,CNYRUBF,10.46,10.67,10.43,10.65,42174,2937,445461000.0,10.65
2023-02-08,CRH3,10.517,10.719,10.498,10.706,1674460,68088,17787083563.0,10.711
2023-02-08,CRH4,11.211,11.301,11.127,11.127,15,9,168696.0,11.381
2023-02-08,CRM3,10.668,10.874,10.593,10.863,67999,4276,731149537.0,10.87
2023-02-08,CRM4,11.49,11.5,11.49,11.5,19,4,218400.0,11.6
2023-02-08,CRU3,10.808,11.05,10.808,11.016,311,48,3414241.0,11.016
2023-02-08,CRZ3,11.082,11.194,11.032,11.135,22,12,243994.0,11.135
2023-02-08,CoH3,8506.0,8506.0,8506.0,8506.0,1,1,61417.74,9159.5
2023-02-08,DXH3,13008.0,13300.0,12828.0,12898.0,53,44,533718.31,12912.0
2023-02-08,DXM3,12900.0,12900.0,12900.0,12900.0,1,1,9991.95,12841.0
2023-02-08,DYH3,6884.0,6920.0,6802.0,6835.0,104,56,713931.0,6874.0
2023-02-08,EDH3,1.064,1.0718,1.0638,1.0692,58473,18875,4513452874.44,1.0686
2023-02-08,EDM3,1.0536,1.0608,1.0534,1.0574,481,296,36746243.6,1.057
2023-02-08,EDU3,1.06,1.0601,1.06,1.0601,3,3,229626.67,1.0601
2023-02-08,EURRUBF,76.11,77.5,75.93,77.49,2781,1135,214351450.0,77.44
2023-02-08,EuH3,76190.0,77650.0,76086.0,77599.0,104935,31811,8093470245.0,77519.0
2023-02-08,EuM3,76225.0,77677.0,76143.0,77592.0,1579,789,121873433.0,77592.0
2023-02-08,EuU3,78000.0,78800.0,78000.0,78800.0,10,9,785005.0,78800.0
2023-02-08,EuZ3,78612.0,78612.0,78612.0,78612.0,1,1,78612.0,78612.0
2023-02-08,FNM3,7149.0,7149.0,7149.0,7149.0,1,1,7149.0,6719.0
2023-02-08,FSH3,8691.0,9200.0,8691.0,8987.0,1058,283,9514005.0,8987.0
2023-02-08,FSM3,8957.0,9239.0,8957.0,9021.0,22,12,198081.0,9021.0
2023-02-08,FVH3,15499.0,15600.0,15172.0,15173.0,1287,626,19730239.0,15218.0
2023-02-08,FVM3,15858.0,15889.0,15500.0,15555.0,30,13,469363.0,15555.0
2023-02-08,GDH3,1881.0,1897.6,1876.1,1887.3,164684,50638,22454834890.03,1886.9
2023-02-08,GDM3,1880.0,1894.0,1873.4,1884.6,3675,2256,500386591.58,1884.1
2023-02-08,GDU3,1897.0,1908.6,1893.5,1898.8,44,44,6044101.17,1898.8
2023-02-08,GDZ3,1913.0,1920.6,1909.7,1914.0,41,26,5671624.0,1914.0
2023-02-08,GKH3,15050.0,15273.0,14921.0,14921.0,21720,8015,328560337.0,14947.0
2023-02-08,GKM3,15038.0,15200.0,14953.0,14953.0,78,50,1175985.0,14953.0
2023-02-08,GKU3,15166.0,15256.0,15070.0,15070.0,3,3,45492.0,15070.0
2023-02-08,GUH3,1.1998,1.2104,1.1998,1.2051,28,18,2441109.99,1.2051
2023-02-08,GUM3,1.21,1.213,1.21,1.213,2,2,174952.96,1.213
2023-02-08,GZH3,16100.0,16192.0,15910.0,15953.0,60082,19159,963259501.0,15950.0
2023-02-08,GZH5,18255.0,18255.0,18255.0,18255.0,1,1,18255.0,18255.0
2023-02-08,GZM3,16400.0,16500.0,16224.0,16262.0,901,509,14722125.0,16267.0
2023-02-08,GZU3,16594.0,16598.0,16063.0,16301.0,38,26,625483.0,16301.0
2023-02-08,GZU4,18399.0,18399.0,18399.0,18399.0,1,1,18399.0,18096.0
2023-02-08,GZZ3,17060.0,17060.0,16406.0,16406.0,7,6,117008.0,16408.0
2023-02-08,HOH3,24970.0,25150.0,24970.0,25150.0,24,12,602550.0,25100.0
2023-02-08,HOM3,25220.0,25220.0,25220.0,25220.0,1,1,25220.0,25320.0
2023-02-08,HOU3,24970.0,24970.0,24970.0,24970.0,1,1,24970.0,25220.0
2023-02-08,HSH3,22127.0,22343.0,22000.0,22173.0,2928,600,5933993.2,22175.0
2023-02-08,HSM3,23000.0,23271.0,23000.0,23269.0,37,13,78312.92,23269.0
2023-02-08,HSU3,24199.0,24199.0,22023.0,23500.0,25,14,52014.03,23501.0
2023-02-08,HSZ3,24699.0,24900.0,23550.0,23600.0,13,10,29072.99,23700.0
2023-02-08,HYH3,7929.0,8000.0,7890.0,7933.0,719,163,5714321.0,7932.0
2023-02-08,HYM3,8066.0,8070.0,8055.0,8070.0,4,3,32261.0,8070.0
2023-02-08,IRH3,35242.0,35563.0,35090.0,35128.0,154,87,5437293.0,35129.0
2023-02-08,JPH3,131.8,132.76,131.8,131.84,16,15,1155817.44,131.84
2023-02-08,JPM3,130.4,130.4,130.4,130.4,5,1,356539.7,131.31
2023-02-08,LKH3,39966.0,40340.0,39397.0,39641.0,9089,5900,362902656.0,39769.0
2023-02-08,LKM3,40742.0,41083.0,40201.0,40436.0,117,103,4770667.0,40526.0
2023-02-08,LKU3,40900.0,41224.0,40030.0,40030.0,8,8,324571.0,40101.0
2023-02-08,MCH3,12800.0,13017.0,12476.0,12627.0,614,232,7826309.0,12565.0
2023-02-08,MCM3,13000.0,13531.0,12310.0,13090.0,19,9,246877.0,13089.0
2023-02-08,MEH3,10941.0,11060.0,10840.0,10872.0,2651,966,29002230.0,10886.0
2023-02-08,MEM3,10851.0,10900.0,10800.0,10800.0,58,33,628618.0,10800.0
2023-02-08,MGH3,38204.0,38592.0,37754.0,38055.0,588,350,22450806.0,38079.0
2023-02-08,MGM3,38250.0,38250.0,38140.0,38250.0,9,7,343810.0,38250.0
2023-02-08,MLH3,4948.0,5010.0,4851.0,4879.0,2627,501,12888412.0,4877.0
2023-02-08,MLM3,5014.0,5034.0,4950.0,4980.0,55,29,273795.0,4969.0
2023-02-08,MMH3,2282.0,2301.0,2264.0,2269.05,43575,11064,994177445.5,2269.9
2023-02-08,MMM3,2268.15,2283.1,2239.85,2252.0,175,112,3955614.0,2252.65
2023-02-08,MMU3,2286.8,2292.1,2286.8,2292.1,2,2,45789.0,2287.8
2023-02-08,MMU5,2580.55,2580.6,2555.55,2555.55,3,3,77167.0,2555.55
2023-02-08,MMZ3,2304.5,2317.0,2304.5,2317.0,3,2,69385.0,2301.3
2023-02-08,MMZ4,2491.45,2491.45,2491.45,2491.45,1,1,24914.5,2490.4
2023-02-08,MNH3,4791.0,4825.0,4503.0,4710.0,20694,3076,97608221.0,4718.0
2023-02-08,MNM3,4853.0,4900.0,4598.0,4800.0,430,176,2056190.0,4800.0
2023-02-08,MNU3,4958.0,4959.0,4900.0,4900.0,4,4,19775.0,4900.0
2023-02-08,MTH3,26388.0,26601.0,26066.0,26274.0,932,457,24548500.0,26314.0
2023-02-08,MTM3,26621.0,26991.0,26621.0,26744.0,17,16,456896.0,26744.0
2023-02-08,MXH3,228100.0,230325.0,226600.0,227050.0,18727,11380,4273860250.0,227075.0
2023-02-08,MXM3,226350.0,227475.0,224800.0,225000.0,85,66,19198725.0,225000.0
2023-02-08,MXU3,228825.0,228825.0,228825.0,228825.0,1,1,228825.0,227850.0
2023-02-08,MXZ3,229000.0,229000.0,220850.0,220900.0,4,4,891625.0,223575.0
2023-02-08,NAH3,12150.0,12445.0,12104.0,12304.0,103271,12346,918415571.62,12291.0
2023-02-08,NAM3,11919.0,12020.0,11815.0,11912.0,159,118,1372178.01,11922.0
2023-02-08,NAU3,11864.0,12049.0,11835.0,11835.0,10,10,85956.44,11837.0
2023-02-08,NAZ3,12439.0,12550.0,12323.0,12356.0,19,12,171663.81,12356.0
2023-02-08,NGG3,2.673,2.792,2.612,2.625,1260462,280722,24607194377.72,2.623
2023-02-08,NGH3,2.913,3.099,2.877,2.9,182016,70445,3910429820.43,2.891
2023-02-08,NGJ3,3.059,3.258,3.048,3.11,6660,3484,152171966.56,3.11
2023-02-08,NGK3,3.317,3.566,3.3,3.35,1064,553,26455240.82,3.35
2023-02-08,NGM3,3.5,3.778,3.468,3.515,848,517,22273887.49,3.515
2023-02-08,NGN3,3.65,3.883,3.65,3.7,122,81,3325088.28,3.7
2023-02-08,NKH3,109474.0,110387.0,106758.0,108713.0,783,645,85068723.0,108572.0
2023-02-08,NKM3,110500.0,111661.0,109533.0,109983.0,11,11,1215960.0,109983.0
2023-02-08,NMH3,12224.0,12327.0,12020.0,12049.0,1353,812,16433911.0,12050.0
2023-02-08,NMM3,12326.0,12326.0,12221.0,12221.0,23,7,282893.0,12241.0
2023-02-08,NMU3,12055.0,12649.0,12051.0,12641.0,8,6,98207.0,12641.0
2023-02-08,OGH3,5871.0,5900.0,5600.0,5686.0,13,12,75008.0,5686.0
2023-02-08,OZH3,17159.0,17223.0,16725.0,16888.0,1266,493,21465300.0,16859.0
2023-02-08,OZM3,17483.0,17483.0,17078.0,17225.0,39,28,672319.0,17204.0
2023-02-08,PDH3,1655.55,1709.8,1650.0,1686.01,384,230,46784641.66,1686.01
2023-02-08,PDM3,1774.0,1796.5,1757.31,1770.37,18,18,2306523.78,1771.21
2023-02-08,PHH3,6920.0,7042.0,6465.0,6792.0,2232,518,15331125.0,6785.0
2023-02-08,PHM3,7010.0,7089.0,6776.0,6999.0,85,47,589779.0,6945.0
2023-02-08,PIH3,6279.0,6345.0,6230.0,6230.0,319,130,2010314.0,6308.0
2023-02-08,PIM3,6419.0,6430.0,6257.0,6257.0,17,9,108113.0,6408.0
2023-02-08,POH3,5164.0,5300.0,5159.0,5208.0,22513,3884,117604392.0,5217.0
2023-02-08,POM3,5248.0,5379.0,5248.0,5278.0,936,363,4974074.0,5315.0
2023-02-08,PSH3,1594.0,1617.0,1515.0,1564.0,1451,187,2265009.0,1564.0
2023-02-08,PSM3,1618.0,1633.0,1612.0,1631.0,102,25,164730.0,1629.0
2023-02-08,PTH3,1011.9,1021.2,1002.1,1008.4,551,343,40360108.96,1008.4
2023-02-08,PTM3,1029.8,1035.0,1029.8,1030.0,4,4,297961.56,1028.7
2023-02-08,PZH3,91791.0,93840.0,91135.0,92500.0,2504,1871,231770821.0,92654.0
2023-02-08,PZM3,93652.0,95278.0,92965.0,94500.0,117,114,11002382.0,94443.0
2023-02-08,RBH3,12890.0,13000.0,12890.0,12898.0,76,14,986446.0,12902.0
2023-02-08,RIH3,100330.0,101110.0,98560.0,98690.0,104849,61389,15111600654.79,98730.0
2023-02-08,RIH4,98500.0,98500.0,98500.0,98500.0,1,1,142243.85,98500.0
2023-02-08,RIM3,99510.0,100180.0,98110.0,98200.0,240,224,34262716.7,98200.0
2023-02-08,RIU3,99630.0,99630.0,98500.0,98500.0,2,2,286119.53,98470.0
2023-02-08,RIZ3,98610.0,98610.0,98310.0,98310.0,4,4,568960.96,98310.0
2023-02-08,RLH3,4120.0,4315.0,4108.0,4155.0,10279,1353,42876810.0,4180.0
2023-02-08,RLM3,4264.0,4341.0,4200.0,4315.0,172,33,732819.0,4315.0
2023-02-08,RMH3,1005.0,1012.5,987.5,989.0,17227,5383,248283271.95,989.0
2023-02-08,RMM3,999.5,1005.0,983.0,984.0,435,154,6221769.2,984.0
2023-02-08,RMU3,984.0,988.0,982.5,982.5,7,7,99534.73,982.5
2023-02-08,RMZ3,1019.5,1019.5,1016.0,1016.0,2,2,29394.7,1002.5
2023-02-08,RNH3,35740.0,36200.0,35225.0,35235.0,5066,3179,180940940.0,35345.0
2023-02-08,RNH5,37000.0,37000.0,37000.0,37000.0,1,1,37000.0,36998.0
2023-02-08,RNM3,36200.0,37000.0,35995.0,35995.0,71,62,2598895.0,35994.0
2023-02-08,RNU3,36000.0,36000.0,35751.0,35751.0,3,3,107502.0,35750.0
2023-02-08,RNU4,37614.0,37615.0,37200.0,37200.0,3,3,112429.0,37198.0
2023-02-08,RNZ4,37402.0,42653.0,36120.0,38010.0,19,19,732315.0,38007.0
2023-02-08,RTH3,6009.0,6020.0,5915.0,5915.0,378,210,2264354.0,5958.0
2023-02-08,RTM3,6154.0,6154.0,6100.0,6100.0,20,9,122362.0,6093.0
2023-02-08,SAH3,32.3,32.6,31.71,32.6,7,7,229870.0,32.6
2023-02-08,SAK3,32.0,32.0,31.89,31.89,2,2,64912.24,30.99
2023-02-08,SEH3,1689.0,1733.0,1663.0,1687.0,821,131,1393200.0,1686.0
2023-02-08,SEM3,1821.0,1821.0,1718.0,1718.0,4,4,7078.0,1718.0
2023-02-08,SFH3,403.71,410.0,402.0,406.9,106915,22918,3137559135.03,406.84
2023-02-08,SFM3,399.87,403.0,395.84,402.0,2458,1337,71168387.32,402.0
2023-02-08,SFU3,392.99,397.01,390.6,394.6,49,39,1395311.83,394.61
2023-02-08,SFZ3,392.0,394.99,389.0,392.02,19,18,537176.33,392.02
2023-02-08,SGH3,28205.0,28424.0,27533.0,27749.0,590,465,16500542.0,27705.0
2023-02-08,SGM3,28916.0,29052.0,28688.0,29052.0,20,10,578101.0,28364.0
2023-02-08,SNH3,23775.0,24000.0,23278.0,23300.0,2583,1303,61048833.0,23372.0
2023-02-08,SNM3,24287.0,24423.0,23800.0,23897.0,56,41,1343470.0,23878.0
2023-02-08,SOH3,4462.0,4516.0,4437.0,4450.0,557,143,2491518.0,4448.0
2023-02-08,SOM3,4573.0,4606.0,4573.0,4605.0,19,6,87423.0,4605.0
2023-02-08,SPH3,16460.0,16569.0,16231.0,16420.0,11728,5130,192541571.0,16384.0
2023-02-08,SPM3,16611.0,16779.0,16500.0,16575.0,68,53,1129795.0,16575.0
2023-02-08,SRH3,16649.0,16781.0,16410.0,16568.0,324160,81689,5382363676.0,16551.0
2023-02-08,SRM3,16836.0,16944.0,16591.0,16744.0,2683,1777,44963493.0,16723.0
2023-02-08,SRU3,17012.0,17100.0,16584.0,16901.0,241,164,4076074.0,16901.0
2023-02-08,SRZ3,17313.0,17913.0,17126.0,17153.0,23,15,397070.0,17153.0
2023-02-08,SSH3,2614.0,2652.0,2604.0,2616.0,478,83,1250646.0,2610.0
2023-02-08,SSM3,2615.0,2615.0,2595.0,2595.0,56,20,145669.0,2595.0
2023-02-08,SVH3,22.57,22.83,22.4,22.63,77182,12600,1263076124.48,22.62
2023-02-08,SVM3,22.76,22.95,22.59,22.77,3091,1163,50858434.3,22.77
2023-02-08,SVU3,23.29,23.48,23.24,23.34,28,21,472806.21,23.34
2023-02-08,SVZ3,23.9,24.2,23.9,24.19,21,4,366657.42,24.07
2023-02-08,SXH3,4115.6,4190.0,4080.0,4129.6,278,74,887576.34,4129.6
2023-02-08,SXU3,4120.0,4120.0,4120.0,4120.0,1,1,3191.35,4120.0
2023-02-08,SXZ3,3810.0,3810.0,3810.0,3810.0,1,1,2951.23,4029.8
2023-02-08,SiH3,71800.0,72743.0,71400.0,72637.0,1196348,284615,86344253603.0,72627.0
2023-02-08,SiH4,76711.0,77640.0,76319.0,77640.0,7,7,539631.0,77640.0
2023-02-08,SiM3,72502.0,73515.0,72211.0,73470.0,15574,7502,1137094579.0,73437.0
2023-02-08,SiM4,77602.0,78513.0,77556.0,78513.0,11,11,858651.0,78513.0
2023-02-08,SiU3,73657.0,74700.0,73486.0,74687.0,383,303,28436336.0,74687.0
2023-02-08,SiU4,79262.0,80504.0,79262.0,79870.0,10,10,800304.0,79870.0
2023-02-08,SiZ3,75512.0,76335.0,75221.0,76335.0,77,49,5842067.0,76335.0
2023-02-08,TIH3,27655.0,27826.0,27100.0,27541.0,968,582,26746774.0,27599.0
2023-02-08,TIM3,28137.0,28137.0,27824.0,27824.0,4,4,111848.0,28019.0
2023-02-08,TNH3,95700.0,95700.0,91429.0,91429.0,18,18,1696887.0,91510.0
2023-02-08,TRH3,18.51,18.51,18.51,18.51,1,1,70376.87,19.0169
2023-02-08,TTH3,32535.0,32741.0,32485.0,32620.0,1079,715,35190395.0,32667.0
2023-02-08,TTM3,33327.0,33477.0,33200.0,33348.0,59,49,1966839.0,33348.0
2023-02-08,TTU3,33899.0,34446.0,32212.0,33400.0,10,10,336490.0,33400.0
2023-02-08,UCH3,6.815,6.819,6.783,6.786,1206,192,87375738.21,6.786
2023-02-08,USDRUBF,71.19,72.35,70.87,72.24,32774,6937,2353133990.0,72.21
2023-02-08,VBH3,1718.0,1743.0,1713.0,1717.0,112968,10002,194898343.0,1718.0
2023-02-08,VBM3,1749.0,1772.0,1743.0,1748.0,1251,579,2196025.0,1747.0
2023-02-08,VBU3,1776.0,1828.0,1775.0,1791.0,89,31,159428.0,1799.0
2023-02-08,VIG3,33.55,33.75,33.3,33.3,88,13,426695.82,33.3
2023-02-08,VIH3,36.15,36.15,30.3,31.8,91,30,421056.93,33.3
2023-02-08,VIJ3,38.9,38.9,38.9,38.9,1,1,5617.56,33.3
2023-02-08,W4G3,14970.0,14970.0,14970.0,14970.0,2,2,29940.0,14970.0
2023-02-08,W4M3,15210.0,15210.0,15210.0,15210.0,1,1,15210.0,15210.0
2023-02-08,YNH3,20913.0,21046.0,20546.0,20635.0,4647,2751,96519075.0,20610.0
2023-02-08,YNM3,21229.0,21313.0,20835.0,20908.0,272,161,5731580.0,20949.0
2023-02-08,YNU3,21468.0,21576.0,21191.0,21210.0,24,21,512569.0,21253.0
2023-02-09,AFH3,2937.0,2994.0,2916.0,2942.0,8085,2238,23891037.0,2954.0
2023-02-09,AFM3,2991.0,3030.0,2961.0,2997.0,155,83,465298.0,2998.0
2023-02-09,AFU3,3024.0,3126.0,2973.0,2973.0,23,14,69552.0,2980.0
2023-02-09,AKH3,13382.0,13577.0,13162.0,13560.0,1209,405,16195511.0,13559.0
2023-02-09,AKM3,13609.0,13681.0,13347.0,13681.0,44,20,594794.0,13681.0
2023-02-09,ALH3,6232.0,6270.0,6200.0,6236.0,3098,896,19308937.0,6236.0
2023-02-09,ALM3,6360.0,6378.0,6327.0,6359.0,147,88,934077.0,6359.0
2023-02-09,ALU3,6560.0,6560.0,6500.0,6500.0,2,2,13060.0,6500.0
2023-02-09,AUH3,0.6701,0.6701,0.6701,0.6701,1,1,48829.32,0.6957
2023-02-09,BRH3,85.23,87.06,84.72,85.83,152506,43317,9577229707.55,85.73
2023-02-09,BRJ3,87.04,88.43,86.27,87.3,1895,1313,120987728.11,87.18
2023-02-09,BRK3,88.32,89.54,88.06,88.45,157,137,10159587.28,88.45
2023-02-09,BRM3,89.88,91.33,89.88,90.5,41,41,2715167.93,90.34
2023-02-09,BRN3,90.85,92.73,90.85,91.46,12,12,803472.15,91.46
2023-02-09,BRU3,94.0,94.19,94.0,94.19,2,2,137131.61,94.19
2023-02-09,BRV3,94.3,95.12,94.3,95.12,2,2,138027.89,95.12
2023-02-09,BRX3,94.89,94.89,94.89,94.89,1,1,69145.11,94.89
2023-02-09,BRZ3,93.82,95.63,93.82,95.63,2,2,138049.75,95.63
2023-02-09,CFH3,0.9177,0.9177,0.9177,0.9177,29,1,2112111.47,0.9178
2023-02-09,CHH3,98621.0,101988.0,97150.0,101184.0,418,334,41720118.0,100920.0
2023-02-09,CHM3,99000.0,99022.0,99000.0,99022.0,2,2,198022.0,99765.0
2023-02-09,CNYRUBF,10.67,10.8,10.65,10.77,36353,2614,390724770.0,10.75
2023-02-09,CRH3,10.71,10.858,10.704,10.812,1430993,59151,15465462530.0,10.813
2023-02-09,CRH4,11.41,11.49,11.211,11.351,20,13,227969.0,11.351
2023-02-09,CRM3,10.875,11.01,10.862,10.977,75438,4475,827016249.0,10.976
2023-02-09,CRM4,11.6,11.76,11.6,11.76,18,11,210288.0,11.75
2023-02-09,CRU3,11.05,11.293,11.05,11.154,235,53,2633026.0,11.154
2023-02-09,CRZ3,11.2,11.326,11.2,11.326,5,4,56255.0,11.326
2023-02-09,DXH3,12698.0,13130.0,12698.0,13034.0,39,36,396845.6,13034.0
2023-02-09,DXM3,12264.0,13288.0,12263.0,13277.0,20,10,198113.8,13277.0
2023-02-09,DYH3,6838.0,6866.0,6822.0,6839.0,149,37,1018156.0,6831.0
2023-02-09,EDH3,1.0688,1.0768,1.0677,1.0762,59115,17465,4622974347.7,1.0763
2023-02-09,EDM3,1.0574,1.0655,1.0569,1.0647,1228,403,95165064.76,1.0647
2023-02-09,EDU3,1.0643,1.0695,1.062,1.0645,11,8,854713.4,1.0645
2023-02-09,EURRUBF,77.45,78.74,77.14,78.55,3081,1098,241351360.0,78.63
2023-02-09,EuH3,77561.0,78599.0,77480.0,78430.0,77081,23951,6036919911.0,78437.0
2023-02-09,EuM3,77611.0,78556.0,77566.0,78342.0,1224,558,95798182.0,78428.0
2023-02-09,EuU3,79126.0,80983.0,79126.0,79501.0,7,7,558880.0,79501.0
2023-02-09,FSH3,9008.0,9186.0,8971.0,9036.0,294,80,2666422.0,9037.0
2023-02-09,FVH3,15146.0,15440.0,15146.0,15337.0,428,191,6558129.0,15337.0
2023-02-09,FVM3,15500.0,15600.0,15500.0,15600.0,7,4,108778.0,15610.0
2023-02-09,GDH3,1888.1,1899.3,1882.2,1882.2,116320,35129,16035057381.78,1883.5
2023-02-09,GDM3,1886.1,1895.3,1879.0,1879.5,2669,1396,367128840.56,1879.8
2023-02-09,GDU3,1901.3,1908.9,1900.0,1900.0,23,19,3191095.27,1898.4
2023-02-09,GDZ3,1922.6,1922.8,1918.0,1922.0,25,17,3499825.37,1914.1
2023-02-09,GKH3,14964.0,15125.0,14937.0,15100.0,14603,5954,219610282.0,15100.0
2023-02-09,GKM3,14949.0,15061.0,14800.0,14985.0,114,52,1707704.0,15001.0
2023-02-09,GKU3,15134.0,15311.0,14872.0,14872.0,5,5,75744.0,14982.0
2023-02-09,GUH3,1.197,1.2183,1.1969,1.2168,48,37,4237460.67,1.2141
2023-02-09,GUM3,1.22,1.2499,1.1968,1.2299,8,6,711511.85,1.2139
2023-02-09,GZH3,15951.0,16177.0,15865.0,16031.0,90519,28708,1451602888.0,16036.0
2023-02-09,GZM3,16273.0,16474.0,16191.0,16318.0,1990,1125,32447643.0,16331.0
2023-02-09,GZU3,16368.0,16599.0,16311.0,16372.0,13,13,212756.0,16372.0
2023-02-09,GZU4,18000.0,18499.0,18000.0,18099.0,4,4,72598.0,18047.0
2023-02-09,GZZ3,16408.0,16450.0,16231.0,16450.0,6,6,98306.0,16450.0
2023-02-09,GZZ4,18797.0,18800.0,18001.0,18001.0,8,6,147204.0,18444.0
2023-02-09,HOH3,25100.0,25100.0,25100.0,25100.0,1,1,25100.0,25100.0
2023-02-09,HSH3,22174.0,22650.0,22025.0,22456.0,2798,515,5828037.26,22455.0
2023-02-09,HSM3,23271.0,23441.0,23271.0,23441.0,3,3,6526.24,23440.0
2023-02-09,HSU3,22500.0,23498.0,22500.0,23498.0,3,3,6465.22,23000.0
2023-02-09,HSZ3,24699.0,24699.0,24699.0,24699.0,1,1,2297.75,23813.0
2023-02-09,HYH3,7951.0,7990.0,7895.0,7952.0,493,110,3915007.0,7952.0
2023-02-09,HYM3,8050.0,8080.0,8050.0,8080.0,4,3,32290.0,8080.0
2023-02-09,IRH3,35033.0,35107.0,34600.0,35107.0,143,55,4990583.0,35107.0
2023-02-09,JPH3,132.14,132.16,131.02,131.02,11,9,802664.99,131.02
2023-02-09,JPM3,133.99,133.99,131.4,131.4,10,8,732114.43,131.4
2023-02-09,LKH3,39726.0,39981.0,39517.0,39623.0,7538,4352,299640247.0,39606.0
2023-02-09,LKM3,40572.0,40662.0,40375.0,40400.0,73,69,2957245.0,40391.0
2023-02-09,LKU3,41101.0,41101.0,41101.0,41101.0,1,1,41101.0,40799.0
2023-02-09,MCH3,12564.0,12730.0,12192.0,12566.0,337,150,4222770.0,12562.0
2023-02-09,MCM3,13089.0,13089.0,12310.0,12310.0,5,5,62358.0,12320.0
2023-02-09,MEH3,10889.0,10925.0,10736.0,10889.0,1539,506,16704510.0,10897.0
2023-02-09,MEM3,10742.0,10833.0,10742.0,10819.0,17,16,183133.0,10819.0
2023-02-09,MGH3,38051.0,38683.0,37701.0,38560.0,531,351,20280631.0,38545.0
2023-02-09,MGM3,38031.0,38420.0,38031.0,38420.0,12,12,459265.0,38472.0
2023-02-09,MLH3,4894.0,4929.0,4809.0,4843.0,1688,498,8194386.0,4846.0
2023-02-09,MLM3,5009.0,5009.0,4900.0,4940.0,59,30,292057.0,4940.0
2023-02-09,MMH3,2269.0,2288.75,2254.0,2276.15,42740,11202,970978218.5,2274.75
2023-02-09,MMH6,2294.0,2520.6,2269.0,2520.6,4,4,96042.0,2133.45
2023-02-09,MMM3,2251.0,2268.0,2245.0,2258.15,118,83,2662450.5,2258.15
2023-02-09,MMM4,2407.75,2616.9,2407.75,2616.9,4,4,98539.5,2392.05
2023-02-09,MNH3,4710.0,4764.0,4682.0,4731.0,7817,1551,36898620.0,4733.0
2023-02-09,MNM3,4794.0,4840.0,4770.0,4820.0,177,78,849683.0,4820.0
2023-02-09,MNU3,4900.0,4900.0,4900.0,4900.0,1,1,4900.0,4900.0
2023-02-09,MTH3,26271.0,26426.0,25668.0,25869.0,915,476,23828179.0,26003.0
2023-02-09,MTM3,26690.0,26690.0,26200.0,26269.0,21,19,553579.0,26261.0
2023-02-09,MTU3,25601.0,25601.0,25601.0,25601.0,1,1,25601.0,25601.0
2023-02-09,MXH3,227050.0,228950.0,225550.0,227725.0,19508,11461,4436011625.0,227650.0
2023-02-09,MXM3,225000.0,226500.0,224050.0,225325.0,51,47,11497900.0,225325.0
2023-02-09,MXZ3,220025.0,220025.0,220025.0,220025.0,1,1,220025.0,220050.0
2023-02-09,NAH3,12293.0,12435.0,12183.0,12359.0,71690,9103,643649583.14,12348.0
2023-02-09,NAM3,11929.0,12063.0,11865.0,12025.0,150,117,1310160.59,11989.0
2023-02-09,NAU3,11901.0,12000.0,11901.0,12000.0,15,10,130964.54,12000.0
2023-02-09,NAZ3,12370.0,12595.0,12328.0,12595.0,58,22,528308.34,12595.0
2023-02-09,NGG3,2.627,2.643,2.443,2.518,1542938,308313,28313610792.21,2.523
2023-02-09,NGH3,2.905,2.916,2.711,2.792,176553,68615,3590968438.99,2.794
2023-02-09,NGJ3,3.122,3.159,2.972,3.065,6603,3251,147148414.49,3.055
2023-02-09,NGK3,3.364,3.371,3.231,3.321,715,438,17272366.25,3.326
2023-02-09,NGM3,3.507,3.543,3.401,3.485,488,336,12344271.26,3.485
2023-02-09,NGN3,3.654,3.698,3.582,3.68,63,56,1670893.9,3.68
2023-02-09,NKH3,108760.0,108989.0,106849.0,108754.0,447,366,48282995.0,108501.0
2023-02-09,NKM3,108771.0,109878.0,107368.0,108986.0,14,12,1520747.0,108986.0
2023-02-09,NMH3,12021.0,12379.0,11933.0,12302.0,1820,947,22144337.0,12320.0
2023-02-09,NMM3,12200.0,12450.0,12150.0,12450.0,36,23,443615.0,12450.0
2023-02-09,NMU3,12557.0,12557.0,12101.0,12495.0,3,3,37153.0,12495.0
2023-02-09,OZH3,16868.0,17050.0,16697.0,16783.0,580,330,9754415.0,16821.0
2023-02-09,OZM3,17165.0,17192.0,17019.0,17032.0,11,11,188124.0,17103.0
2023-02-09,PDH3,1685.15,1696.97,1659.99,1660.93,194,102,23710363.16,1660.0
2023-02-09,PDM3,1767.15,1777.1,1749.31,1777.1,9,9,1154855.62,1755.04
2023-02-09,PDU3,1720.0,1720.0,1720.0,1720.0,1,1,125334.68,1795.06
2023-02-09,PHH3,6792.0,6865.0,6692.0,6864.0,721,173,4896524.0,6865.0
2023-02-09,PHM3,6940.0,6958.0,6801.0,6932.0,32,18,220327.0,6933.0
2023-02-09,PIH3,6292.0,6500.0,6150.0,6251.0,392,171,2474338.0,6273.0
2023-02-09,POH3,5210.0,5290.0,5210.0,5230.0,12475,2264,65414457.0,5236.0
2023-02-09,POM3,5320.0,5373.0,5315.0,5329.0,239,91,1276211.0,5330.0
2023-02-09,PSH3,1565.0,1598.0,1508.0,1535.0,827,124,1276131.0,1532.0
2023-02-09,PSM3,1617.0,1618.0,1554.0,1604.0,26,13,40808.0,1596.0
2023-02-09,PTH3,1008.4,1016.8,997.0,997.4,649,377,47628519.54,997.0
2023-02-09,PTM3,1024.3,1025.8,1018.0,1018.0,12,10,894455.99,1018.0
2023-02-09,PZH3,92935.0,93880.0,92009.0,92755.0,1337,973,124181884.0,92599.0
2023-02-09,PZM3,94435.0,95202.0,93907.0,94289.0,31,30,2926663.0,94289.0
2023-02-09,RBH3,12908.0,12930.0,12900.0,12900.0,66,15,851888.0,12901.0
2023-02-09,RIH3,98730.0,99090.0,97190.0,98600.0,130685,79292,18712394947.6,98540.0
2023-02-09,RIM3,98160.0,98510.0,96780.0,98320.0,283,266,40258082.9,98000.0
2023-02-09,RIU3,97430.0,98790.0,97300.0,98670.0,7,7,998721.09,98390.0
2023-02-09,RIZ3,97370.0,98780.0,96800.0,98780.0,3,3,426936.55,98780.0
2023-02-09,RLH3,4178.0,4231.0,4146.0,4196.0,2754,400,11529683.0,4196.0
2023-02-09,RLM3,4201.0,4294.0,4201.0,4294.0,24,8,101359.0,4290.0
2023-02-09,RMH3,988.5,991.5,973.0,986.0,16906,6554,242221506.67,986.0
2023-02-09,RMM3,985.0,985.0,969.0,984.0,439,213,6261250.02,982.0
2023-02-09,RMU3,980.0,988.0,968.5,969.0,7,7,99305.47,970.5
2023-02-09,RNH3,35269.0,35719.0,35005.0,35624.0,4685,2964,165814950.0,35615.0
2023-02-09,RNM3,35893.0,36175.0,35862.0,36100.0,15,15,540427.0,36100.0
2023-02-09,RNZ3,37159.0,37159.0,35970.0,35970.0,2,2,73129.0,35969.0
2023-02-09,RNZ4,38603.0,38603.0,38603.0,38603.0,1,1,38603.0,38597.0
2023-02-09,RTH3,5943.0,5984.0,5900.0,5943.0,252,137,1499060.0,5957.0
2023-02-09,RTM3,6056.0,6101.0,6056.0,6101.0,7,4,42483.0,6101.0
2023-02-09,SAH3,32.79,33.9,32.47,33.74,8,8,268711.68,33.74
2023-02-09,SEH3,1688.0,1699.0,1620.0,1647.0,996,73,1644683.0,1648.0
2023-02-09,SEM3,1760.0,1760.0,1760.0,1760.0,3,1,5280.0,1760.0
2023-02-09,SFH3,406.64,409.88,405.1,408.0,53296,10590,1581866507.38,407.9
2023-02-09,SFM3,401.87,405.0,400.78,404.77,1999,962,58722226.16,404.49
2023-02-09,SFU3,394.05,396.98,392.38,396.98,22,21,633279.69,396.98
2023-02-09,SFZ3,395.4,395.4,391.51,392.5,9,6,257188.2,392.5
2023-02-09,SGH3,27744.0,28262.0,27719.0,28150.0,337,231,9431020.0,28150.0
2023-02-09,SGM3,28374.0,28893.0,28284.0,28893.0,7,6,199710.0,28832.0
2023-02-09,SNH3,23319.0,23544.0,23084.0,23320.0,1236,595,28810506.0,23305.0
2023-02-09,SNM3,23821.0,23821.0,23587.0,23659.0,63,25,1494761.0,23673.0
2023-02-09,SOH3,4451.0,4463.0,4390.0,4412.0,720,192,3185544.0,4412.0
2023-02-09,SOM3,4635.0,4635.0,4510.0,4522.0,30,21,136649.0,4522.0
2023-02-09,SPH3,16417.0,16647.0,16133.0,16516.0,13456,6343,220665429.0,16536.0
2023-02-09,SPM3,16534.0,16813.0,16372.0,16704.0,110,55,1825399.0,16704.0
2023-02-09,SRH3,16564.0,16883.0,16256.0,16664.0,430146,110736,7122997891.0,16694.0
2023-02-09,SRM3,16736.0,16989.0,16448.0,16807.0,6628,3662,110940390.0,16837.0
2023-02-09,SRU3,16918.0,17144.0,16603.0,16987.0,241,150,4052486.0,16980.0
2023-02-09,SRZ3,17145.0,17500.0,16921.0,17250.0,92,55,1584621.0,17313.0
2023-02-09,SSH3,2656.0,2663.0,2604.0,2621.0,679,105,1781719.0,2621.0
2023-02-09,SSM3,2593.0,2602.0,2546.0,2599.0,34,11,87209.0,2599.0
2023-02-09,SVH3,22.64,22.84,22.5,22.51,42324,8689,699927850.35,22.54
2023-02-09,SVM3,22.79,22.94,22.64,22.65,2275,813,37812098.64,22.67
2023-02-09,SVU3,23.27,23.53,23.27,23.34,9,8,153578.08,23.34
2023-02-09,SVZ3,24.29,24.29,24.15,24.15,5,3,88367.88,24.15
2023-02-09,SXH3,4119.6,4170.0,4100.0,4160.2,75,41,244065.1,4160.2
2023-02-09,SXZ3,4271.0,4271.0,4271.0,4271.0,2,1,6716.58,4059.7
2023-02-09,SiH3,72681.0,73485.0,72535.0,72892.0,1348173,279908,98475201419.0,72890.0
2023-02-09,SiH4,77548.0,79300.0,77526.0,77794.0,15,14,1170148.0,77794.0
2023-02-09,SiM3,73500.0,74270.0,73353.0,73712.0,33617,8415,2475658340.0,73706.0
2023-02-09,SiM4,78565.0,79150.0,78565.0,78800.0,6,5,472843.0,78800.0
2023-02-09,SiU3,74687.0,75459.0,74599.0,74950.0,346,287,25943331.0,74950.0
2023-02-09,SiZ3,76200.0,77025.0,76200.0,76386.0,55,41,4215477.0,76386.0
2023-02-09,TIH3,27663.0,27858.0,27451.0,27645.0,377,188,10418582.0,27669.0
2023-02-09,TRM3,18.8062,22.28,18.8062,18.8062,3,3,231891.4,20.5457
2023-02-09,TTH3,32569.0,33194.0,32533.0,32754.0,1375,902,45167302.0,32721.0
2023-02-09,TTM3,33326.0,33852.0,33303.0,33365.0,32,29,1074909.0,33365.0
2023-02-09,UCH3,6.787,6.791,6.752,6.753,4870,313,354191945.49,6.754
2023-02-09,USDRUBF,72.27,73.2,72.18,72.88,30177,6395,2199403100.0,72.87
2023-02-09,VBH3,1717.0,1723.0,1702.0,1713.0,89871,9134,153984857.0,1712.0
2023-02-09,VBM3,1749.0,1752.0,1733.0,1744.0,1195,593,2084178.0,1743.0
2023-02-09,VBU3,1798.0,1806.0,1782.0,1783.0,202,59,362490.0,1783.0
2023-02-09,VIG3,33.3,33.3,31.75,32.95,56,22,268747.0,32.95
2023-02-09,VIH3,34.55,35.35,32.15,33.45,40,13,194071.15,33.45
2023-02-09,W4G3,14960.0,14970.0,14960.0,14970.0,2,2,29930.0,14970.0
2023-02-09,W4H3,15090.0,15240.0,15090.0,15240.0,837,27,12741830.0,15240.0
2023-02-09,YNH3,20639.0,20958.0,20463.0,20700.0,4384,2414,90469710.0,20621.0
2023-02-09,YNM3,20950.0,21221.0,20751.0,20992.0,145,111,3036391.0,20933.0
2023-02-09,YNU3,21276.0,21384.0,21000.0,21013.0,11,11,233080.0,21013.0
2023-02-10,AFH3,2949.0,2960.0,2830.0,2882.0,7960,2277,23015445.0,2885.0
2023-02-10,AFM3,3000.0,3002.0,2885.0,2933.0,202,96,592870.0,2933.0
2023-02-10,AFU3,3001.0,3001.0,2981.0,2981.0,28,6,83987.0,2981.0
2023-02-10,AKH3,13473.0,13700.0,13373.0,13598.0,1281,376,17355679.0,13598.0
2023-02-10,AKM3,13611.0,13890.0,13610.0,13804.0,7,6,96485.0,13804.0
2023-02-10,ALH3,6237.0,6255.0,6201.0,6234.0,1628,439,10146039.0,6234.0
2023-02-10,ALM3,6356.0,6359.0,6331.0,6345.0,80,32,508221.0,6345.0
2023-02-10,ALU3,6500.0,6500.0,6500.0,6500.0,1,1,6500.0,6462.0
2023-02-10,AUH3,0.6932,0.6966,0.6932,0.6957,5,5,254719.25,0.6946
2023-02-10,AUM3,0.678,0.7217,0.6661,0.7139,9,8,461272.72,0.6957
2023-02-10,BRH3,85.68,87.69,85.51,87.3,191077,60101,12182314836.93,87.34
2023-02-10,BRJ3,87.13,89.1,86.92,88.69,2181,1628,141357063.69,88.75
2023-02-10,BRK3,88.2,90.31,88.15,90.0,180,171,11821846.18,90.0
2023-02-10,BRM3,90.73,91.72,90.5,91.5,93,89,6225983.34,91.5
2023-02-10,BRN3,92.51,92.59,92.5,92.52,15,14,1017315.61,92.52
2023-02-10,BRQ3,93.0,93.0,93.0,93.0,1,1,68169.47,93.0
2023-02-10,BRU3,93.76,94.3,93.49,94.3,5,3,343434.84,94.3
2023-02-10,BRZ3,95.88,95.88,95.88,95.88,1,1,70280.52,95.88
2023-02-10,CFH3,0.9053,0.93,0.9052,0.9262,30,6,2184565.63,0.9262
2023-02-10,CHH3,101149.0,103100.0,100240.0,102377.0,267,196,27178348.0,102666.0
2023-02-10,CHM3,98825.0,102500.0,98825.0,102500.0,4,4,404575.0,102506.0
2023-02-10,CNYRUBF,10.77,10.79,10.67,10.75,31337,1860,335891210.0,10.74
2023-02-10,CRH3,10.82,10.838,10.712,10.8,1301965,60292,14011954742.0,10.799
2023-02-10,CRH4,11.495,11.495,11.32,11.33,12,9,136513.0,11.34
2023-02-10,CRM3,10.975,11.001,10.871,10.958,30821,2551,336628977.0,10.959
2023-02-10,CRM4,11.76,11.76,11.64,11.64,13,13,152291.0,11.64
2023-02-10,CRU3,11.147,11.235,11.016,11.117,110,36,1223303.0,11.117
2023-02-10,DXH3,12965.0,13126.0,12851.0,12986.0,57,45,579352.79,12986.0
2023-02-10,DXM3,13000.0,13000.0,12503.0,12503.0,50,10,496064.41,12844.0
2023-02-10,DYH3,6828.0,6837.0,6761.0,6766.0,69,36,470636.0,6835.0
2023-02-10,EDH3,1.0759,1.0759,1.0668,1.0681,65711,19107,5158675200.1,1.0685
2023-02-10,EDM3,1.0636,1.0642,1.0577,1.0589,1064,530,82797157.99,1.0587
2023-02-10,EDU3,1.0683,1.0683,1.058,1.058,5,5,389218.32,1.058
2023-02-10,EURRUBF,78.45,78.48,77.83,78.3,2701,776,210941320.0,78.38
2023-02-10,EuH3,78431.0,78456.0,77550.0,77890.0,77352,24878,6019909110.0,77915.0
2023-02-10,EuH4,79579.0,79579.0,79568.0,79568.0,2,2,159147.0,80503.0
2023-02-10,EuM3,78432.0,78435.0,77599.0,77930.0,1541,700,120011404.0,77947.0
2023-02-10,EuU3,79259.0,79259.0,78500.0,78500.0,18,12,1416532.0,78500.0
2023-02-10,FSH3,9075.0,9159.0,8979.0,8998.0,115,43,1040531.0,8979.0
2023-02-10,FSM3,9240.0,9240.0,9240.0,9240.0,1,1,9240.0,9216.0
2023-02-10,FVH3,15392.0,15550.0,15265.0,15522.0,419,154,6448297.0,15541.0
2023-02-10,FVM3,15550.0,15864.0,15540.0,15864.0,9,6,141698.0,15864.0
2023-02-10,GDH3,1882.1,1883.9,1867.5,1871.8,133002,42008,18277789988.06,1871.1
2023-02-10,GDM3,1877.8,1880.1,1863.3,1867.3,2860,1751,392224824.41,1866.7
2023-02-10,GDU3,1897.4,1897.4,1880.1,1888.3,56,51,7747049.16,1886.8
2023-02-10,GDZ3,1909.0,1909.0,1893.5,1902.0,29,21,4042361.29,1902.0
2023-02-10,GKH3,15104.0,15105.0,14728.0,14921.0,24104,8422,359298194.0,14919.0
2023-02-10,GKM3,14985.0,15050.0,14800.0,14975.0,102,79,1521415.0,14975.0
2023-02-10,GKU3,15321.0,15321.0,14927.0,14927.0,2,2,30248.0,14927.0
2023-02-10,GUH3,1.2142,1.2177,1.207,1.2071,20,16,1774223.94,1.2071
2023-02-10,GUM3,1.185,1.185,1.18,1.18,3,3,259857.6,1.2069
2023-02-10,GZH3,16022.0,16093.0,15949.0,16018.0,44891,15665,718102707.0,16023.0
2023-02-10,GZM3,16319.0,16374.0,16261.0,16336.0,922,500,15031153.0,16335.0
2023-02-10,GZU3,16445.0,16700.0,16445.0,16700.0,11,5,181395.0,16499.0
2023-02-10,HOH3,25100.0,25100.0,25100.0,25100.0,5,2,125500.0,25100.0
2023-02-10,HOU3,25240.0,25240.0,25240.0,25240.0,1,1,25240.0,25230.0
2023-02-10,HSH3,22404.0,22439.0,21700.0,21806.0,2560,395,5246318.18,21806.0
2023-02-10,HSM3,23006.0,23006.0,22999.0,23002.0,33,11,70520.04,22666.0
2023-02-10,HSU3,23968.0,24499.0,22555.0,24299.0,33,16,72278.52,23052.0
2023-02-10,HYH3,7947.0,7979.0,7923.0,7965.0,226,74,1797525.0,7961.0
2023-02-10,IRH3,35024.0,35110.0,34896.0,35110.0,79,32,2762185.0,35110.0
2023-02-10,JPH3,131.67,131.67,131.52,131.61,3,3,218344.14,131.61
2023-02-10,LKH3,39624.0,39783.0,39300.0,39690.0,6208,4311,245315312.0,39759.0
2023-02-10,LKM3,40433.0,40493.0,40081.0,40490.0,62,55,2498929.0,40506.0
2023-02-10,LKU3,40400.0,40400.0,40350.0,40350.0,4,4,161550.0,40350.0
2023-02-10,MAH3,6640.0,6640.0,6640.0,6640.0,2,2,13280.0,6640.0
2023-02-10,MCH3,12580.0,12645.0,12032.0,12515.0,379,183,4705458.0,12531.0
2023-02-10,MCM3,13100.0,13108.0,12510.0,12510.0,10,5,130427.0,12555.0
2023-02-10,MEH3,10875.0,10910.0,10791.0,10821.0,601,228,6516783.0,10849.0
2023-02-10,MEM3,10829.0,10840.0,10762.0,10765.0,25,11,270363.0,10767.0
2023-02-10,MGH3,38469.0,38769.0,38155.0,38362.0,543,360,20877162.0,38490.0
2023-02-10,MGM3,38488.0,38850.0,38488.0,38506.0,8,6,308723.0,38506.0
2023-02-10,MLH3,4854.0,4879.0,4822.0,4839.0,658,223,3187516.0,4838.0
2023-02-10,MLM3,4958.0,4958.0,4920.0,4920.0,110,53,542601.0,4920.0
2023-02-10,MMH3,2273.05,2283.25,2260.0,2279.75,22436,6398,509418923.5,2280.35
2023-02-10,MMH4,2399.9,2401.0,2290.0,2290.0,13,12,305103.5,2299.45
2023-02-10,MMM3,2257.0,2260.3,2245.75,2257.75,76,56,1711867.5,2260.45
2023-02-10,MMU5,2565.0,2565.0,2565.0,2565.0,1,1,25650.0,2564.95
2023-02-10,MMZ3,2275.0,2300.0,2275.0,2300.0,3,3,68750.0,2300.0
2023-02-10,MNH3,4739.0,4772.0,4646.0,4710.0,7638,1518,36029519.0,4728.0
2023-02-10,MNM3,4821.0,4830.0,4507.0,4799.0,513,183,2446317.0,4802.0
2023-02-10,MNU3,4908.0,4908.0,4908.0,4908.0,1,1,4908.0,4908.0
2023-02-10,MTH3,25929.0,25965.0,25632.0,25898.0,704,294,18161152.0,25914.0
2023-02-10,MTM3,26238.0,26243.0,26100.0,26180.0,7,7,183393.0,26299.0
2023-02-10,MTU3,25700.0,25700.0,25700.0,25700.0,1,1,25700.0,25700.0
2023-02-10,MXH3,227675.0,228450.0,226125.0,228150.0,13167,7968,2992196625.0,228150.0
2023-02-10,MXM3,225675.0,225725.0,224150.0,225725.0,29,28,6527250.0,225750.0
2023-02-10,NAH3,12350.0,12350.0,12063.0,12125.0,83073,10051,741465206.19,12127.0
2023-02-10,NAM3,11979.0,12031.0,11744.0,11777.0,320,130,2775635.61,11777.0
2023-02-10,NAU3,11953.0,11980.0,11777.0,11817.0,53,13,463581.98,11817.0
2023-02-10,NAZ3,12368.0,13300.0,12345.0,12490.0,95,34,882104.96,12490.0
2023-02-10,NGG3,2.518,2.609,2.481,2.54,1108058,223990,20700453108.99,2.542
2023-02-10,NGH3,2.783,2.896,2.755,2.807,146127,52907,3029782742.17,2.814
2023-02-10,NGJ3,3.052,3.179,3.032,3.095,5146,2510,117427591.65,3.098
2023-02-10,NGK3,3.268,3.469,3.267,3.4,436,338,10825736.32,3.402
2023-02-10,NGM3,3.539,3.587,3.462,3.532,200,157,5179384.51,3.532
2023-02-10,NGN3,3.69,3.727,3.69,3.707,8,8,217607.21,3.707
2023-02-10,NKH3,108316.0,109800.0,107500.0,109488.0,272,232,29477067.0,109201.0
2023-02-10,NKM3,110049.0,110049.0,107100.0,107100.0,7,5,760614.0,107424.0
2023-02-10,NMH3,12319.0,12633.0,12266.0,12601.0,2354,930,29337127.0,12629.0
2023-02-10,NMM3,12500.0,12590.0,12440.0,12545.0,28,20,351269.0,12581.0
2023-02-10,NMU3,12849.0,12849.0,12849.0,12849.0,1,1,12849.0,12820.0
2023-02-10,OZH3,16791.0,16895.0,16640.0,16895.0,367,188,6151404.0,16880.0
2023-02-10,OZM3,17063.0,17135.0,16978.0,17133.0,23,20,391832.0,17151.0
2023-02-10,PDH3,1662.75,1674.0,1616.49,1632.0,544,231,65314873.27,1632.0
2023-02-10,PDM3,1738.41,1738.41,1712.0,1718.26,10,9,1267923.34,1718.26
2023-02-10,PHH3,6859.0,6896.0,6708.0,6848.0,553,136,3787955.0,6874.0
2023-02-10,PHM3,6919.0,6919.0,6893.0,6893.0,2,2,13812.0,6914.0
2023-02-10,PIH3,6265.0,6383.0,6265.0,6378.0,348,117,2197993.0,6363.0
2023-02-10,PIM3,6272.0,6272.0,6158.0,6200.0,18,7,111852.0,6200.0
2023-02-10,POH3,5230.0,5247.0,5101.0,5153.0,16231,3191,83679642.0,5149.0
2023-02-10,POM3,5333.0,5334.0,5197.0,5229.0,446,240,2340723.0,5231.0
2023-02-10,PSH3,1522.0,1555.0,1483.0,1532.0,1675,187,2546767.0,1539.0
2023-02-10,PSM3,1589.0,1606.0,1550.0,1572.0,107,29,168478.0,1572.0
2023-02-10,PTH3,998.3,998.3,984.4,985.5,1330,535,96560546.27,985.6
2023-02-10,PTM3,1013.6,1015.6,1005.1,1010.6,97,38,7170005.35,1007.6
2023-02-10,PZH3,92427.0,92614.0,91153.0,91862.0,1055,752,96871818.0,92000.0
2023-02-10,PZM3,93776.0,93776.0,92867.0,93422.0,35,35,3265377.0,93515.0
2023-02-10,RBH3,12980.0,12980.0,12839.0,12890.0,67,12,864261.0,12890.0
2023-02-10,RIH3,98700.0,99080.0,97880.0,98530.0,79936,47515,11534397930.9,98530.0
2023-02-10,RIM3,98010.0,98400.0,97470.0,98030.0,117,112,16794537.34,98060.0
2023-02-10,RLH3,4193.0,4219.0,4160.0,4182.0,1187,255,4960176.0,4182.0
2023-02-10,RLM3,4294.0,4300.0,4175.0,4191.0,26,7,110476.0,4193.0
2023-02-10,RMH3,986.0,991.5,980.0,984.0,9875,3480,142641614.7,986.0
2023-02-10,RMM3,984.0,984.0,977.0,982.0,99,72,1421626.75,982.0
2023-02-10,RNH3,35456.0,35540.0,35105.0,35381.0,2070,1279,73117656.0,35402.0
2023-02-10,RNH4,37000.0,37000.0,37000.0,37000.0,1,1,37000.0,33834.0
2023-02-10,RNM3,35909.0,35909.0,35909.0,35909.0,1,1,35909.0,35944.0
2023-02-10,RNU3,36016.0,36100.0,36016.0,36100.0,2,2,72116.0,36100.0
2023-02-10,RTH3,5965.0,6008.0,5852.0,5956.0,715,205,4230521.0,5956.0
2023-02-10,RTM3,6045.0,6053.0,6021.0,6051.0,9,9,54408.0,6076.0
2023-02-10,SAH3,33.56,33.97,33.0,33.97,8,8,272460.72,33.97
2023-02-10,SAK3,34.5,34.54,34.5,34.54,3,3,105206.8,32.59
2023-02-10,SEH3,1650.0,1664.0,1628.0,1637.0,170,35,278898.0,1640.0
2023-02-10,SFH3,407.81,407.97,402.2,403.54,70710,14459,2095080234.87,403.53
2023-02-10,SFM3,404.52,405.7,400.5,400.89,3031,1603,89514477.14,400.8
2023-02-10,SFU3,394.08,396.76,394.08,395.01,36,26,1044044.49,395.53
2023-02-10,SFZ3,391.63,394.83,391.63,394.83,3,3,86528.89,394.83
2023-02-10,SGH3,28250.0,28250.0,28021.0,28119.0,78,67,2194093.0,28094.0
2023-02-10,SGM3,28669.0,28669.0,28669.0,28669.0,1,1,28669.0,28669.0
2023-02-10,SNH3,23320.0,23471.0,23101.0,23333.0,566,307,13190264.0,23365.0
2023-02-10,SNM3,23587.0,23680.0,23547.0,23610.0,6,6,141637.0,23769.0
2023-02-10,SOH3,4405.0,4405.0,4307.0,4320.0,479,167,2085044.0,4320.0
2023-02-10,SOM3,4451.0,4460.0,4337.0,4435.0,53,44,234231.0,4435.0
2023-02-10,SPH3,16512.0,16595.0,16427.0,16565.0,5135,2915,84802896.0,16532.0
2023-02-10,SPM3,16634.0,16769.0,16634.0,16689.0,20,15,334556.0,16692.0
2023-02-10,SRH3,16660.0,16789.0,16577.0,16714.0,209972,60065,3502027876.0,16707.0
2023-02-10,SRM3,16800.0,16912.0,16747.0,16876.0,2514,1699,42314562.0,16865.0
2023-02-10,SRU3,16950.0,17025.0,16863.0,16949.0,120,67,2037130.0,16949.0
2023-02-10,SRZ3,17200.0,17349.0,17200.0,17248.0,13,12,224527.0,17248.0
2023-02-10,SSH3,2630.0,2739.0,2601.0,2698.0,2089,322,5635796.0,2693.0
2023-02-10,SSM3,2649.0,2786.0,2649.0,2733.0,233,51,638970.0,2733.0
2023-02-10,SVH3,22.5,22.54,22.22,22.33,54258,10452,890358242.76,22.33
2023-02-10,SVM3,22.6,22.69,22.37,22.43,2161,908,35677334.14,22.43
2023-02-10,SVU3,23.21,23.52,22.79,23.12,73,49,1233808.81,23.09
2023-02-10,SVZ3,24.01,24.01,23.9,23.98,18,7,316335.64,23.98
2023-02-10,SXH3,4169.0,4187.7,4125.0,4140.0,109,49,354122.07,4140.0
2023-02-10,SXZ3,3827.3,4271.7,3827.3,4271.7,3,2,9349.03,4040.0
2023-02-10,SiH3,72900.0,73044.0,72327.0,72916.0,1234539,249726,89782108396.0,72914.0
2023-02-10,SiH4,78006.0,79623.0,77409.0,78116.0,24,24,1873498.0,78116.0
2023-02-10,SiM3,73792.0,73813.0,73121.0,73733.0,15226,5994,1119796866.0,73731.0
2023-02-10,SiM4,78269.0,78269.0,78132.0,78132.0,4,4,312766.0,78470.0
2023-02-10,SiU3,74985.0,75036.0,74418.0,74856.0,197,154,14729059.0,74894.0
2023-02-10,SiU4,79971.0,79971.0,79967.0,79967.0,3,3,239908.0,79967.0
2023-02-10,SiZ3,76605.0,77375.0,75866.0,76626.0,149,85,11390747.0,76626.0
2023-02-10,SiZ4,79948.0,79948.0,79948.0,79948.0,1,1,79948.0,79950.0
2023-02-10,TIH3,27701.0,27865.0,27400.0,27634.0,325,210,8995162.0,27634.0
2023-02-10,TIM3,28273.0,28273.0,28052.0,28052.0,9,9,252996.0,28052.0
2023-02-10,TNH3,91555.0,91555.0,91555.0,91555.0,1,1,91555.0,91599.0
2023-02-10,TTH3,32764.0,32767.0,32550.0,32620.0,684,468,22334628.0,32632.0
2023-02-10,TTM3,33400.0,33481.0,33135.0,33250.0,159,89,5292448.0,33270.0
2023-02-10,TTU3,34400.0,34400.0,33394.0,34079.0,8,6,273871.0,34079.0
2023-02-10,UCH3,6.753,6.784,6.753,6.762,5137,395,373795586.99,6.763
2023-02-10,USDRUBF,72.94,73.33,72.51,73.26,34760,5606,2533976230.0,73.3
2023-02-10,VBH3,1713.0,1717.0,1706.0,1712.0,50101,5644,85733860.0,1709.0
2023-02-10,VBM3,1744.0,1747.0,1738.0,1742.0,438,273,763100.0,1742.0
2023-02-10,VBU3,1791.0,1803.0,1791.0,1792.0,59,18,106177.0,1792.0
2023-02-10,VIG3,32.35,32.35,32.25,32.3,9,6,42602.23,32.3
2023-02-10,VIH3,32.55,35.6,32.4,35.6,18,11,90760.72,33.0
2023-02-10,W4G3,14960.0,14960.0,14920.0,14920.0,7,7,104580.0,14950.0
2023-02-10,W4H3,15190.0,15200.0,15060.0,15100.0,11,8,166490.0,15100.0
2023-02-10,YNH3,20575.0,20834.0,20206.0,20750.0,5757,2671,118591227.0,20750.0
2023-02-10,YNM3,20969.0,21122.0,20549.0,21100.0,134,104,2796712.0,21101.0
2023-02-10,YNU3,21279.0,21280.0,20900.0,21200.0,18,17,379392.0,21163.0
2023-02-13,AFH3,2882.0,2906.0,2829.0,2833.0,3425,927,9794985.0,2833.0
2023-02-13,AFM3,2928.0,2937.0,2873.0,2876.0,168,75,489087.0,2876.0
2023-02-13,AKH3,13539.0,13665.0,13440.0,13562.0,683,235,9261336.0,13562.0
2023-02-13,AKM3,13735.0,13827.0,13617.0,13827.0,20,6,275270.0,13805.0
2023-02-13,ALH3,6242.0,6266.0,6214.0,6234.0,2606,864,16267158.0,6234.0
2023-02-13,ALM3,6349.0,6379.0,6349.0,6360.0,192,81,1221723.0,6360.0
2023-02-13,ALU3,6499.0,6500.0,6499.0,6500.0,2,2,12999.0,6463.0
2023-02-13,AUH3,0.6935,0.6935,0.6924,0.6924,2,2,102349.41,0.6942
2023-02-13,AUM3,0.6901,0.6901,0.6901,0.6901,1,1,50964.23,0.6953
2023-02-13,BRH3,87.25,87.92,86.62,87.2,119633,37997,7712928682.52,87.35
2023-02-13,BRJ3,88.7,89.34,88.08,88.57,1931,1447,126504539.9,88.7
2023-02-13,BRK3,90.2,90.49,89.46,89.71,93,88,6173798.42,89.77
2023-02-13,BRM3,91.5,91.9,90.76,91.0,49,48,3306043.2,91.06
2023-02-13,BRN3,92.56,93.05,92.05,92.27,10,10,683478.99,92.27
2023-02-13,BRU3,95.65,96.1,95.57,96.1,5,5,353736.5,95.97
2023-02-13,BRX3,96.2,96.2,94.9,94.9,2,2,141128.3,94.9
2023-02-13,BRZ3,95.87,95.87,95.86,95.86,2,2,141593.56,95.86
2023-02-13,CHH3,102459.0,103999.0,101984.0,103209.0,241,173,24867936.0,103210.0
2023-02-13,CHM3,104945.0,105249.0,102104.0,103706.0,6,6,625788.0,103706.0
2023-02-13,CNYRUBF,10.76,10.81,10.69,10.81,16217,1776,174711720.0,10.8
2023-02-13,CRH3,10.811,10.86,10.722,10.856,1217537,57989,13175458407.0,10.852
2023-02-13,CRH4,11.381,11.498,11.34,11.41,16,16,183204.0,11.498
2023-02-13,CRM3,10.974,11.018,10.883,11.012,41530,3022,456374492.0,11.01
2023-02-13,CRM4,11.69,11.727,11.69,11.727,8,5,93719.0,11.727
2023-02-13,CRU3,11.141,11.3,11.093,11.221,1187,184,13389472.0,11.221
2023-02-13,CRZ3,11.28,11.33,11.28,11.3,15,8,169551.0,11.33
2023-02-13,CoH3,9448.0,9448.0,9448.0,9448.0,1,1,69774.05,9164.0
2023-02-13,DXH3,12865.0,12999.0,12864.0,12957.0,48,31,490682.42,12957.0
2023-02-13,DXU3,12400.0,12400.0,12400.0,12400.0,1,1,9812.49,12658.0
2023-02-13,DYH3,6798.0,6826.0,6786.0,6801.0,34,30,231414.0,6806.0
2023-02-13,EDH3,1.0682,1.0722,1.0667,1.0713,90142,21881,7116967172.13,1.0713
2023-02-13,EDM3,1.0583,1.0627,1.0571,1.0622,1191,489,93175660.17,1.0622
2023-02-13,EURRUBF,78.35,79.07,78.12,79.05,1197,751,94016800.0,79.14
2023-02-13,EuH3,77956.0,78667.0,77705.0,78620.0,71540,23716,5597917268.0,78603.0
2023-02-13,EuH4,82391.0,82391.0,79697.0,79697.0,2,2,162088.0,79939.0
2023-02-13,EuM3,77959.0,78686.0,77700.0,78686.0,2590,927,202501982.0,78647.0
2023-02-13,EuU3,80063.0,80063.0,80063.0,80063.0,1,1,80063.0,80043.0
2023-02-13,EuZ3,79421.0,79421.0,79295.0,79295.0,2,2,158716.0,79645.0
2023-02-13,FSH3,9015.0,9268.0,9015.0,9200.0,260,96,2394418.0,9200.0
2023-02-13,FSM3,9439.0,9439.0,9439.0,9439.0,1,1,9439.0,9340.0
2023-02-13,FVH3,15523.0,15601.0,15439.0,15601.0,553,263,8602868.0,15586.0
2023-02-13,FVM3,15921.0,15944.0,15878.0,15931.0,9,9,143268.0,15931.0
2023-02-13,GDH3,1871.0,1876.6,1863.6,1868.2,102921,32217,14207938544.12,1868.0
2023-02-13,GDM3,1867.7,1872.5,1860.1,1864.4,2138,1267,294673871.44,1864.4
2023-02-13,GDU3,1884.3,1889.3,1880.0,1881.0,92,54,12794960.95,1881.1
2023-02-13,GDZ3,1896.3,1901.7,1891.6,1892.6,40,26,5597646.44,1892.6
2023-02-13,GKH3,14917.0,15137.0,14911.0,15063.0,26358,8176,396888069.0,15094.0
2023-02-13,GKM3,14953.0,15380.0,14802.0,15091.0,373,169,5670656.0,15070.0
2023-02-13,GKU3,15290.0,15290.0,15290.0,15290.0,2,2,30580.0,15280.0
2023-02-13,GUH3,1.2007,1.2131,1.2007,1.213,8,7,713543.53,1.213
2023-02-13,GZH3,16006.0,16089.0,15898.0,15965.0,45323,15092,723565454.0,15957.0
2023-02-13,GZM3,16325.0,16390.0,16212.0,16269.0,613,398,9975143.0,16263.0
2023-02-13,GZM4,17899.0,19384.0,17630.0,17640.0,21,13,393154.0,17640.0
2023-02-13,GZU3,17021.0,17021.0,16425.0,16442.0,18,18,297137.0,16442.0
2023-02-13,HOH3,25130.0,25130.0,24890.0,24910.0,6,6,149870.0,25070.0
2023-02-13,HSH3,21820.0,22199.0,21738.0,21825.0,1629,597,3353427.85,21849.0
2023-02-13,HSM3,22666.0,23292.0,22666.0,23288.0,9,7,19639.07,22681.0
2023-02-13,HSU3,23150.0,24400.0,23150.0,24300.0,8,8,17983.61,23250.0
2023-02-13,HSZ3,24206.0,25200.0,24206.0,25100.0,3,3,7001.33,24252.0
2023-02-13,HYH3,7959.0,8022.0,7910.0,7989.0,760,193,6065189.0,7989.0
2023-02-13,HYM3,8070.0,8159.0,8070.0,8159.0,8,4,64997.0,8150.0
2023-02-13,IRH3,35112.0,35695.0,35010.0,35391.0,145,66,5133168.0,35362.0
2023-02-13,JPH3,131.51,133.1,131.51,132.72,12,12,889462.75,132.77
2023-02-13,LKH3,39666.0,39901.0,39420.0,39679.0,4346,3214,172224309.0,39627.0
2023-02-13,LKM3,40459.0,40555.0,40220.0,40509.0,57,49,2303152.0,40434.0
2023-02-13,LKU3,40348.0,40349.0,40348.0,40348.0,7,7,282437.0,40348.0
2023-02-13,MCH3,12385.0,12675.0,12385.0,12559.0,169,93,2125917.0,12559.0
2023-02-13,MCM3,13095.0,13096.0,12350.0,12350.0,4,4,51096.0,12365.0
2023-02-13,MEH3,10828.0,10955.0,10828.0,10926.0,505,230,5510860.0,10922.0
2023-02-13,MEM3,10721.0,10900.0,10707.0,10811.0,24,20,259493.0,10811.0
2023-02-13,MGH3,38536.0,39098.0,38491.0,38820.0,452,309,17577155.0,38850.0
2023-02-13,MGM3,38550.0,38900.0,38328.0,38750.0,11,9,425704.0,38750.0
2023-02-13,MLH3,4832.0,4947.0,4826.0,4875.0,1855,482,9083266.0,4872.0
2023-02-13,MLM3,4917.0,5004.0,4916.0,4962.0,86,48,426725.0,4962.0
2023-02-13,MMH3,2279.95,2287.15,2273.0,2274.8,18646,5596,425208859.0,2274.95
2023-02-13,MMH5,2727.65,2727.65,2466.45,2588.1,3,3,77822.0,2472.4
2023-02-13,MMM3,2262.65,2270.9,2258.85,2264.3,104,67,2356165.0,2263.55
2023-02-13,MMM4,2371.55,2382.0,2242.5,2382.0,6,5,139820.5,2382.0
2023-02-13,MMU5,2576.05,2576.05,2551.55,2551.55,2,2,51276.0,2551.55
2023-02-13,MMZ4,2496.05,2496.05,2449.7,2449.7,7,5,172406.0,2449.7
2023-02-13,MMZ5,2383.85,2584.35,2383.85,2584.35,2,2,49682.0,2440.65
2023-02-13,MNH3,4710.0,4733.0,4690.0,4714.0,3785,935,17838932.0,4722.0
2023-02-13,MNM3,4796.0,4809.0,4773.0,4790.0,231,75,1105700.0,4790.0
2023-02-13,MTH3,25829.0,26243.0,25769.0,26201.0,344,215,8964018.0,26240.0
2023-02-13,MTM3,26430.0,26559.0,26430.0,26559.0,2,2,52989.0,26564.0
2023-02-13,MXH3,228075.0,228825.0,227500.0,227700.0,11488,7761,2621538350.0,227750.0
2023-02-13,MXM3,225750.0,232075.0,225500.0,225500.0,118,84,26775500.0,225550.0
2023-02-13,NAH3,12125.0,12286.0,12073.0,12286.0,47371,5616,426008015.03,12273.0
2023-02-13,NAM3,11790.0,11933.0,11776.0,11805.0,176,91,1541973.98,11889.0
2023-02-13,NAU3,11730.0,11860.0,11730.0,11783.0,7,7,61001.66,11783.0
2023-02-13,NAZ3,12441.0,12515.0,12358.0,12515.0,5,5,46019.52,12515.0
2023-02-13,NGG3,2.541,2.656,2.528,2.563,1135950,221822,21729467022.27,2.565
2023-02-13,NGH3,2.816,2.914,2.784,2.815,169714,55042,3566217573.52,2.817
2023-02-13,NGJ3,3.101,3.174,3.066,3.109,4608,2253,106312301.91,3.104
2023-02-13,NGK3,3.388,3.495,3.388,3.413,552,358,14045685.68,3.413
2023-02-13,NGM3,3.538,3.643,3.538,3.6,500,263,13293961.41,3.602
2023-02-13,NGN3,3.719,3.79,3.719,3.79,37,20,1030244.02,3.79
2023-02-13,NKH3,109596.0,110028.0,108247.0,108314.0,324,290,35362113.0,108314.0
2023-02-13,NKM3,109740.0,109740.0,107395.0,108500.0,5,5,541935.0,108500.0
2023-02-13,NMH3,12578.0,12816.0,12502.0,12755.0,1714,780,21734135.0,12751.0
2023-02-13,NMM3,12645.0,12699.0,12624.0,12696.0,32,16,405196.0,12696.0
2023-02-13,OGH3,5504.0,5686.0,5403.0,5403.0,10,9,55099.0,5686.0
2023-02-13,OGM3,5899.0,5899.0,5899.0,5899.0,1,1,5899.0,5649.0
2023-02-13,OZH3,16893.0,17051.0,16761.0,16841.0,443,234,7496375.0,16902.0
2023-02-13,OZM3,17214.0,17302.0,17075.0,17219.0,47,26,806790.0,17219.0
2023-02-13,PDH3,1627.8,1636.09,1609.0,1619.99,636,314,76170988.3,1614.0
2023-02-13,PDM3,1726.87,1726.87,1707.86,1716.82,26,19,3299100.63,1716.82
2023-02-13,PHH3,6864.0,6930.0,6803.0,6813.0,230,89,1578546.0,6813.0
2023-02-13,PHM3,6990.0,6991.0,6901.0,6901.0,7,6,48663.0,6901.0
2023-02-13,PIH3,6352.0,6412.0,6324.0,6360.0,246,111,1568362.0,6360.0
2023-02-13,PIM3,6200.0,6714.0,6200.0,6519.0,17,7,110580.0,6519.0
2023-02-13,POH3,5148.0,5250.0,5110.0,5194.0,12265,2339,63678832.0,5192.0
2023-02-13,POM3,5245.0,5366.0,5209.0,5274.0,676,297,3587559.0,5276.0
2023-02-13,PSH3,1543.0,1585.0,1450.0,1520.0,4061,262,6230452.0,1521.0
2023-02-13,PSM3,1571.0,1599.0,1553.0,1556.0,105,21,163470.0,1556.0
2023-02-13,PTH3,985.0,985.0,967.0,978.3,892,638,64160952.76,976.9
2023-02-13,PTM3,1003.4,1003.8,990.6,999.0,82,56,6035085.07,999.5
2023-02-13,PZH3,92010.0,93196.0,91440.0,91597.0,1304,929,120334821.0,91608.0
2023-02-13,PZM3,93431.0,94975.0,93100.0,93100.0,77,76,7233912.0,93100.0
2023-02-13,RBH3,12801.0,12840.0,12801.0,12811.0,43,32,550937.0,12811.0
2023-02-13,RIH3,98650.0,98670.0,97400.0,97540.0,86374,53309,12505121086.65,97590.0
2023-02-13,RIH4,97500.0,98500.0,97500.0,98500.0,3,3,434654.51,98300.0
2023-02-13,RIM3,97940.0,98250.0,97220.0,97410.0,208,178,30005074.26,97380.0
2023-02-13,RIM4,100830.0,100830.0,100830.0,100830.0,1,1,148926.92,95800.0
2023-02-13,RIU3,97560.0,97560.0,97490.0,97490.0,8,8,1153456.21,97490.0
2023-02-13,RIZ3,97880.0,97880.0,97480.0,97480.0,2,2,288548.67,97480.0
2023-02-13,RIZ4,98140.0,98140.0,98140.0,98140.0,2,1,289907.52,97740.0
2023-02-13,RLH3,4180.0,4201.0,4130.0,4141.0,1590,278,6604055.0,4143.0
2023-02-13,RLM3,4303.0,4316.0,4142.0,4298.0,78,21,331157.0,4298.0
2023-02-13,RMH3,984.5,987.0,975.0,976.0,7165,3012,103730994.28,977.0
2023-02-13,RMM3,980.5,982.0,975.0,976.0,169,95,2441423.64,976.0
2023-02-13,RMU3,992.0,992.0,969.0,970.0,5,5,72011.63,970.0
2023-02-13,RMZ3,948.0,948.0,948.0,948.0,1,1,14002.05,952.5
2023-02-13,RNH3,35371.0,35754.0,35277.0,35429.0,1874,1222,66590343.0,35450.0
2023-02-13,RNM3,35901.0,36110.0,35641.0,36000.0,78,54,2813011.0,35789.0
2023-02-13,RNM4,36860.0,36860.0,36860.0,36860.0,1,1,36860.0,36858.0
2023-02-13,RNU3,35263.0,35263.0,35263.0,35263.0,1,1,35263.0,35271.0
2023-02-13,RTH3,5963.0,6009.0,5918.0,5935.0,346,169,2063871.0,5936.0
2023-02-13,RTM3,6115.0,6134.0,6115.0,6134.0,7,6,42845.0,6087.0
2023-02-13,SAH3,33.62,33.62,33.33,33.5,6,4,204165.2,33.5
2023-02-13,SEH3,1648.0,1675.0,1643.0,1649.0,114,31,189176.0,1649.0
2023-02-13,SEM3,1815.0,1815.0,1605.0,1809.0,12,7,21134.0,1750.0
2023-02-13,SFH3,403.71,407.9,403.06,407.63,46237,9057,1383923674.39,407.31
2023-02-13,SFM3,400.93,404.6,400.72,404.14,1523,601,45317339.33,404.06
2023-02-13,SFU3,396.0,399.3,394.81,398.1,55,51,1613388.89,398.1
2023-02-13,SFZ3,395.0,397.0,393.42,394.41,14,13,408749.04,395.07
2023-02-13,SGH3,28076.0,28195.0,27991.0,28083.0,26,17,729628.0,28087.0
2023-02-13,SGM3,28604.0,28604.0,28558.0,28562.0,9,5,257335.0,28595.0
2023-02-13,SLG3,59.0,59.0,59.0,59.0,1,1,5900.0,62.27
2023-02-13,SNH3,23305.0,23450.0,23238.0,23325.0,619,439,14462627.0,23384.0
2023-02-13,SNM3,23781.0,23781.0,23780.0,23781.0,3,3,71342.0,23781.0
2023-02-13,SOH3,4326.0,4353.0,4315.0,4334.0,238,67,1030322.0,4332.0
2023-02-13,SOM3,4449.0,4485.0,4414.0,4485.0,7,4,31287.0,4462.0
2023-02-13,SPH3,16526.0,16622.0,16445.0,16526.0,4909,2779,81135749.0,16500.0
2023-02-13,SPM3,16681.0,16788.0,16659.0,16660.0,45,32,752588.0,16660.0
2023-02-13,SRH3,16701.0,16820.0,16600.0,16661.0,201459,56605,3362305778.0,16645.0
2023-02-13,SRM3,16882.0,16985.0,16701.0,16815.0,3377,2032,56806745.0,16799.0
2023-02-13,SRU3,16910.0,17000.0,16499.0,16686.0,317,157,5300113.0,16630.0
2023-02-13,SRZ3,17248.0,17432.0,17011.0,17130.0,113,65,1942460.0,17110.0
2023-02-13,SSH3,2699.0,2762.0,2699.0,2721.0,1314,216,3584782.0,2721.0
2023-02-13,SSM3,2780.0,2827.0,2754.0,2757.0,64,26,178774.0,2761.0
2023-02-13,SVH3,22.32,22.37,22.06,22.28,51639,9499,847400905.08,22.27
2023-02-13,SVM3,22.41,22.47,22.13,22.34,1863,848,30688554.87,22.34
2023-02-13,SVU3,23.02,23.02,22.76,22.88,31,25,523481.83,22.88
2023-02-13,SVZ3,23.83,23.83,23.11,23.51,14,10,243248.75,23.53
2023-02-13,SXH3,4119.2,4187.9,4100.0,4181.3,226,42,745350.15,4180.0
2023-02-13,SXZ3,3830.0,4271.7,3830.0,4259.2,10,9,32058.26,4079.0
2023-02-13,SiH3,72949.0,73400.0,72776.0,73294.0,1000090,214473,73202857186.0,73299.0
2023-02-13,SiH4,78152.0,78472.0,78051.0,78472.0,10,10,782032.0,78472.0
2023-02-13,SiM3,73810.0,74200.0,73550.0,74075.0,41330,6879,3060808652.0,74082.0
2023-02-13,SiM4,78968.0,79286.0,78962.0,79286.0,4,4,316333.0,79286.0
2023-02-13,SiU3,75028.0,75500.0,74839.0,75327.0,290,228,21813557.0,75349.0
2023-02-13,SiU4,80071.0,80770.0,79919.0,80770.0,5,5,401377.0,80770.0
2023-02-13,SiZ3,76626.0,77069.0,76400.0,77069.0,164,45,12613352.0,77069.0
2023-02-13,SiZ4,80100.0,82271.0,80100.0,82271.0,10,8,816934.0,82271.0
2023-02-13,TIH3,27621.0,27792.0,27601.0,27633.0,255,159,7060218.0,27638.0
2023-02-13,TNH3,93000.0,93887.0,91700.0,92733.0,10,8,931886.0,92733.0
2023-02-13,TTH3,32637.0,33035.0,32605.0,32751.0,1829,1102,60030564.0,32779.0
2023-02-13,TTM3,33304.0,33790.0,33304.0,33563.0,103,63,3455809.0,33512.0
2023-02-13,TTU3,34500.0,37821.0,33126.0,34499.0,30,23,1050014.0,34385.0
2023-02-13,UCH3,6.764,6.798,6.764,6.779,7287,2537,533704421.47,6.779
2023-02-13,USDRUBF,73.3,73.85,73.1,73.8,31484,6142,2317162080.0,73.85
2023-02-13,VBH3,1709.0,1715.0,1689.0,1700.0,63641,7048,108293205.0,1699.0
2023-02-13,VBM3,1742.0,1745.0,1722.0,1732.0,1313,390,2278960.0,1732.0
2023-02-13,VBU3,1792.0,1803.0,1741.0,1761.0,105,33,184818.0,1763.0
2023-02-13,VIG3,32.7,32.75,32.7,32.75,6,3,29008.48,32.7
2023-02-13,VIH3,35.7,35.95,35.7,35.95,11,7,58223.76,35.85
2023-02-13,W4G3,14950.0,14990.0,14950.0,14990.0,9,5,134820.0,14990.0
2023-02-13,W4H3,15180.0,15190.0,15070.0,15070.0,4,4,60520.0,15090.0
2023-02-13,W4J3,15200.0,15200.0,15200.0,15200.0,1,1,15200.0,15200.0
2023-02-13,YNH3,20817.0,21100.0,20717.0,20766.0,6545,2961,136809868.0,20756.0
2023-02-13,YNM3,21086.0,21422.0,21082.0,21107.0,120,90,2544584.0,21100.0
2023-02-13,YNU3,21291.0,21488.0,21278.0,21278.0,13,13,278165.0,21278.0
2023-02-14,AFH3,2835.0,2847.0,2774.0,2774.0,4296,973,12043657.0,2787.0
2023-02-14,AFM3,2884.0,2891.0,2833.0,2833.0,316,118,901306.0,2833.0
2023-02-14,AFU3,2902.0,2952.0,2809.0,2901.0,19,9,54229.0,2900.0
2023-02-14,AKH3,13557.0,13559.0,13193.0,13300.0,1200,372,16018432.0,13289.0
2023-02-14,AKM3,13743.0,13743.0,13399.0,13400.0,7,7,94578.0,13463.0
2023-02-14,ALH3,6230.0,6236.0,6026.0,6072.0,7463,1943,45644745.0,6083.0
2023-02-14,ALM3,6341.0,6352.0,6150.0,6197.0,605,222,3764214.0,6199.0
2023-02-14,ALU3,6376.0,6427.0,6211.0,6350.0,34,19,212434.0,6350.0
2023-02-14,AUH3,0.733,0.733,0.694,0.694,2,2,105307.75,0.6956
2023-02-14,BRF4,97.94,97.94,95.23,97.84,10,4,720195.75,96.8
2023-02-14,BRH3,87.29,88.09,85.44,86.54,156186,46400,10011006997.13,86.45
2023-02-14,BRJ3,88.8,89.36,87.07,88.02,2412,1784,157275550.21,88.02
2023-02-14,BRK3,89.62,90.5,88.32,89.51,288,226,19131022.92,89.35
2023-02-14,BRM3,91.04,91.8,89.78,90.5,63,62,4222471.71,90.5
2023-02-14,BRN3,92.5,92.5,90.38,90.38,13,12,879958.08,90.59
2023-02-14,BRQ3,93.1,93.1,93.1,93.1,1,1,68704.63,93.1
2023-02-14,BRU3,95.19,95.19,95.19,95.19,1,1,70246.98,95.1
2023-02-14,CFH3,0.9219,0.9219,0.9219,0.9219,5,1,371620.2,0.9219
2023-02-14,CHH3,102781.0,103154.0,99056.0,99501.0,386,284,38800644.0,99602.0
2023-02-14,CHM3,103000.0,103000.0,100600.0,101101.0,6,6,608366.0,101101.0
2023-02-14,CNYRUBF,10.81,10.86,10.7,10.8,35317,2424,381080000.0,10.8
2023-02-14,CRH3,10.854,10.903,10.751,10.841,1679019,73504,18212980932.0,10.852
2023-02-14,CRH4,11.446,11.55,11.446,11.5,16,6,184646.0,11.5
2023-02-14,CRM3,11.018,11.063,10.914,11.009,49620,3020,546509031.0,11.011
2023-02-14,CRM4,11.855,11.855,11.737,11.737,4,3,47184.0,11.737
2023-02-14,CRU3,11.191,11.252,11.127,11.201,162,27,1815285.0,11.201
2023-02-14,CRZ3,11.357,11.357,11.357,11.357,2,2,22714.0,11.357
2023-02-14,DXH3,13099.0,13099.0,12888.0,12907.0,19,19,195476.62,12907.0
2023-02-14,DYH3,6817.0,6835.0,6712.0,6826.0,90,39,610842.0,6826.0
2023-02-14,EDH3,1.0716,1.0798,1.071,1.0745,97151,30391,7708251495.27,1.0744
2023-02-14,EDM3,1.0623,1.0694,1.0622,1.0654,1645,716,129411188.31,1.0654
2023-02-14,EURRUBF,78.91,79.52,78.47,79.2,2737,1240,216523490.0,79.3
2023-02-14,EuH3,78572.0,79016.0,77745.0,78420.0,111341,36272,8738483919.0,78427.0
2023-02-14,EuH4,82227.0,82227.0,80256.0,80256.0,2,2,162483.0,80256.0
2023-02-14,EuM3,78600.0,79042.0,77802.0,78400.0,2615,1124,205270404.0,78407.0
2023-02-14,EuM4,81575.0,81575.0,81575.0,81575.0,2,2,163150.0,81496.0
2023-02-14,EuU3,79500.0,80202.0,79250.0,79700.0,15,15,1196454.0,79700.0
2023-02-14,FSH3,9213.0,9235.0,8823.0,8936.0,362,119,3254837.0,8936.0
2023-02-14,FSM3,9200.0,9200.0,9099.0,9099.0,8,5,72998.0,9099.0
2023-02-14,FVH3,15667.0,15684.0,15202.0,15277.0,919,347,14107139.0,15327.0
2023-02-14,FVM3,15945.0,15945.0,15506.0,15506.0,102,40,1593271.0,15592.0
2023-02-14,GDH3,1867.5,1887.3,1857.9,1870.5,192102,50887,26529009808.43,1868.2
2023-02-14,GDM3,1861.6,1886.0,1858.0,1868.6,11140,2938,1537160314.12,1867.6
2023-02-14,GDU3,1880.1,1897.3,1875.0,1882.8,58,52,8063931.53,1882.8
2023-02-14,GDZ3,1892.0,1907.1,1890.0,1904.4,87,45,12181981.04,1904.4
2023-02-14,GKH3,15057.0,15083.0,14861.0,14925.0,17730,6406,264683749.0,14932.0
2023-02-14,GKM3,15010.0,15084.0,14800.0,15044.0,83,41,1240007.0,15033.0
2023-02-14,GUH3,1.2148,1.2249,1.2148,1.216,48,20,4308806.48,1.216
2023-02-14,GZH3,15966.0,15969.0,15619.0,15758.0,60781,18863,959784921.0,15797.0
2023-02-14,GZM3,16260.0,16263.0,15937.0,16055.0,809,543,13017073.0,16105.0
2023-02-14,GZM4,17640.0,17640.0,17150.0,17592.0,8,8,138780.0,17454.0
2023-02-14,GZU3,16380.0,16380.0,16086.0,16295.0,22,17,357228.0,16295.0
2023-02-14,GZU4,17884.0,17884.0,17858.0,17858.0,2,2,35742.0,17858.0
2023-02-14,GZU5,19300.0,19300.0,19300.0,19300.0,2,2,38600.0,19240.0
2023-02-14,GZZ3,16412.0,16489.0,16206.0,16390.0,10,10,163436.0,16390.0
2023-02-14,GZZ4,18002.0,18002.0,18001.0,18001.0,4,3,72005.0,18001.0
2023-02-14,HOH3,24910.0,25050.0,24910.0,25050.0,4,2,99780.0,25050.0
2023-02-14,HSH3,21908.0,22148.0,21833.0,22000.0,1067,276,2210062.48,22000.0
2023-02-14,HSM3,23200.0,23200.0,22716.0,22726.0,14,12,30198.45,22726.0
2023-02-14,HSU3,23350.0,23350.0,23350.0,23350.0,1,1,2200.97,23350.0
2023-02-14,HSZ3,24898.0,24898.0,24404.0,24890.0,17,6,39836.94,24890.0
2023-02-14,HYH3,7980.0,7992.0,7861.0,7873.0,435,139,3449905.0,7873.0
2023-02-14,HYM3,8050.0,8050.0,7980.0,7980.0,4,4,32060.0,8041.0
2023-02-14,IRH3,35261.0,35317.0,34553.0,34555.0,78,50,2721952.0,34630.0
2023-02-14,IRM3,34800.0,35340.0,34800.0,35340.0,4,2,139740.0,35340.0
2023-02-14,JPH3,132.76,133.67,132.52,132.91,10,10,742487.72,133.67
2023-02-14,LKH3,39641.0,39692.0,39366.0,39479.0,5332,3634,210650939.0,39548.0
2023-02-14,LKM3,40459.0,40459.0,40188.0,40340.0,48,41,1935074.0,40352.0
2023-02-14,LKU3,40348.0,40348.0,40348.0,40348.0,4,4,161392.0,40348.0
2023-02-14,MAM3,6689.0,6840.0,6123.0,6840.0,7,6,45573.0,6556.0
2023-02-14,MCH3,12593.0,12593.0,12160.0,12236.0,385,180,4740694.0,12244.0
2023-02-14,MEH3,10903.0,10908.0,10700.0,10760.0,1529,495,16466336.0,10762.0
2023-02-14,MEM3,10829.0,10830.0,10555.0,10700.0,82,55,875967.0,10700.0
2023-02-14,MGH3,38840.0,38864.0,37401.0,37496.0,874,554,33227000.0,37717.0
2023-02-14,MGM3,38740.0,38740.0,37540.0,37673.0,18,15,685639.0,37713.0
2023-02-14,MLH3,4868.0,5070.0,4841.0,4949.0,9996,2102,49637835.0,4924.0
2023-02-14,MLM3,4956.0,5130.0,4936.0,5020.0,424,174,2139156.0,5010.0
2023-02-14,MMH3,2277.45,2277.45,2236.7,2240.9,49162,11417,1106711862.0,2241.0
2023-02-14,MMH6,2529.5,2529.5,2529.5,2529.5,1,1,25295.0,2520.6
2023-02-14,MMM3,2260.0,2261.8,2231.65,2240.95,244,155,5486376.0,2238.35
2023-02-14,MMU3,2244.2,2244.2,2236.9,2236.9,3,3,67253.0,2236.9
2023-02-14,MMU5,2568.55,2568.55,2541.15,2541.15,2,2,51097.0,2541.15
2023-02-14,MMZ3,2275.0,2275.0,2275.0,2275.0,1,1,22750.0,2275.0
2023-02-14,MMZ4,2493.9,2493.9,2493.9,2493.9,2,2,49878.0,2493.35
2023-02-14,MNH3,4714.0,4733.0,4616.0,4666.0,11633,2010,54149017.0,4654.0
2023-02-14,MNM3,4799.0,4806.0,4671.0,4692.0,403,175,1899380.0,4705.0
2023-02-14,MNU3,4873.0,4873.0,4873.0,4873.0,1,1,4873.0,4869.0
2023-02-14,MTH3,26206.0,26206.0,25416.0,25416.0,921,405,23646735.0,25531.0
2023-02-14,MTM3,25983.0,25983.0,25964.0,25964.0,3,2,77930.0,25964.0
2023-02-14,MTU3,25311.0,25311.0,25311.0,25311.0,1,1,25311.0,25311.0
2023-02-14,MXH3,227550.0,227750.0,223900.0,224300.0,21840,12839,4922160875.0,224325.0
2023-02-14,MXM3,225375.0,225525.0,223000.0,224200.0,87,73,19519425.0,224125.0
2023-02-14,NAH3,12288.0,12480.0,12179.0,12334.0,136073,15988,1240111238.18,12318.0
2023-02-14,NAM3,11876.0,12127.0,11852.0,11960.0,538,289,4762924.97,11960.0
2023-02-14,NAU3,11985.0,12195.0,11900.0,11900.0,26,21,230623.72,11950.0
2023-02-14,NAZ3,12505.0,12740.0,12449.0,12544.0,105,42,978923.14,12544.0
2023-02-14,NGG3,2.564,2.7,2.488,2.627,1245503,231191,23532773020.46,2.632
2023-02-14,NGH3,2.814,2.828,2.731,2.797,166548,52914,3424689464.78,2.803
2023-02-14,NGJ3,3.103,3.122,3.035,3.082,3535,2102,80208851.73,3.077
2023-02-14,NGK3,3.414,3.449,3.33,3.4,789,407,19768552.37,3.395
2023-02-14,NGM3,3.6,3.629,3.545,3.609,299,170,7904973.71,3.609
2023-02-14,NGN3,3.823,3.823,3.685,3.799,35,31,970860.71,3.799
2023-02-14,NKH3,108174.0,108305.0,105708.0,106392.0,552,516,59012351.0,106430.0
2023-02-14,NKM3,109513.0,109513.0,107395.0,107987.0,5,5,540486.0,107987.0
2023-02-14,NMH3,12750.0,12759.0,12402.0,12420.0,2416,1212,30276266.0,12436.0
2023-02-14,NMM3,12771.0,12809.0,12525.0,12525.0,18,18,228074.0,12525.0
2023-02-14,NMU3,13068.0,13068.0,13068.0,13068.0,1,1,13068.0,12500.0
2023-02-14,OGH3,5687.0,5687.0,5687.0,5687.0,1,1,5687.0,5687.0
2023-02-14,OZH3,16880.0,16949.0,16295.0,16443.0,1634,806,26990669.0,16469.0
2023-02-14,OZM3,17204.0,17270.0,16700.0,16743.0,150,88,2516187.0,16750.0
2023-02-14,PDH3,1615.03,1642.37,1604.0,1611.0,315,205,37696159.33,1609.17
2023-02-14,PDM3,1715.0,1730.0,1715.0,1730.0,9,9,1143040.29,1713.6
2023-02-14,PHH3,6803.0,6803.0,6654.0,6704.0,560,174,3762903.0,6704.0
2023-02-14,PHM3,6875.0,6875.0,6786.0,6815.0,6,6,40964.0,6815.0
2023-02-14,PIH3,6359.0,6365.0,6200.0,6265.0,591,181,3692360.0,6278.0
2023-02-14,PIM3,6031.0,6906.0,5839.0,6185.0,79,34,486543.0,6350.0
2023-02-14,POH3,5185.0,5214.0,5050.0,5110.0,18084,3092,92567592.0,5094.0
2023-02-14,POM3,5275.0,5292.0,5149.0,5219.0,672,314,3501594.0,5186.0
2023-02-14,PSH3,1521.0,1541.0,1503.0,1523.0,521,82,788712.0,1523.0
2023-02-14,PSM3,1573.0,1573.0,1549.0,1549.0,16,8,24822.0,1549.0
2023-02-14,PTH3,979.6,985.0,966.8,973.1,764,576,55097139.09,972.4
2023-02-14,PTM3,1001.5,1007.9,994.0,1002.0,23,19,1698509.92,997.6
2023-02-14,PZH3,91651.0,92100.0,89350.0,90500.0,2008,1486,181677966.0,90622.0
2023-02-14,PZM3,93405.0,93418.0,91150.0,92219.0,62,61,5709275.0,92219.0
2023-02-14,RBH3,12822.0,12849.0,12751.0,12849.0,55,21,703511.0,12849.0
2023-02-14,RIH3,97610.0,97960.0,96010.0,96330.0,105540,63338,15080779055.3,96440.0
2023-02-14,RIM3,97530.0,97600.0,95890.0,96100.0,348,301,49564341.73,96200.0
2023-02-14,RIU3,97130.0,97130.0,96210.0,96460.0,5,5,713479.33,96440.0
2023-02-14,RIZ3,96480.0,96480.0,96460.0,96460.0,2,2,284765.94,96460.0
2023-02-14,RIZ4,97500.0,97500.0,97500.0,97500.0,5,2,719515.9,97440.0
2023-02-14,RLH3,4143.0,4149.0,4075.0,4094.0,2472,339,10136915.0,4094.0
2023-02-14,RLM3,4200.0,4201.0,4149.0,4199.0,93,25,387660.0,4199.0
2023-02-14,RMH3,976.0,980.5,962.0,966.0,14280,5703,204394121.02,966.0
2023-02-14,RMM3,977.0,979.0,957.5,963.0,318,170,4526011.93,963.0
2023-02-14,RMU3,957.0,980.0,950.0,953.5,7,6,98983.37,953.5
2023-02-14,RNH3,35386.0,35526.0,33000.0,35020.0,5381,2844,188071233.0,35049.0
2023-02-14,RNM3,35901.0,35901.0,34470.0,35187.0,22,22,776590.0,35281.0
2023-02-14,RNU3,35235.0,35235.0,35235.0,35235.0,1,1,35235.0,35233.0
2023-02-14,RTH3,5940.0,5958.0,5884.0,5907.0,481,170,2842254.0,5900.0
2023-02-14,RTM3,6046.0,6046.0,6046.0,6046.0,1,1,6046.0,6027.0
2023-02-14,SAH3,33.8,34.8,33.51,33.71,8,8,278373.84,33.71
2023-02-14,SEH3,1630.0,1650.0,1534.0,1583.0,520,96,818282.0,1585.0
2023-02-14,SEM3,1601.0,1744.0,1560.0,1744.0,4,4,6470.0,1744.0
2023-02-14,SFH3,407.7,412.7,405.75,408.3,165658,27826,5001165043.68,408.13
2023-02-14,SFM3,404.7,409.0,403.1,405.75,3420,1592,102539019.66,405.64
2023-02-14,SFU3,398.84,400.94,397.82,400.2,60,48,1767931.14,399.18
2023-02-14,SFZ3,395.09,399.49,395.09,399.49,25,17,733445.54,398.46
2023-02-14,SGH3,28107.0,28110.0,27771.0,27771.0,228,149,6369817.0,27816.0
2023-02-14,SGM3,28650.0,28650.0,28610.0,28610.0,6,4,171780.0,28421.0
2023-02-14,SLH3,56.86,56.86,56.86,56.86,1,1,5686.0,60.0
2023-02-14,SNH3,23368.0,23368.0,22696.0,22754.0,1485,749,34141066.0,22815.0
2023-02-14,SNM3,23839.0,23839.0,23633.0,23633.0,6,6,142512.0,23349.0
2023-02-14,SOH3,4322.0,4340.0,4250.0,4250.0,1005,181,4320602.0,4279.0
2023-02-14,SOM3,4445.0,4445.0,4353.0,4371.0,22,11,96765.0,4400.0
2023-02-14,SPH3,16500.0,16518.0,16097.0,16169.0,7235,3435,117821751.0,16152.0
2023-02-14,SPM3,16660.0,16660.0,16241.0,16397.0,94,48,1536819.0,16371.0
2023-02-14,SRH3,16662.0,16677.0,16260.0,16295.0,307119,77468,5039168957.0,16317.0
2023-02-14,SRM3,16811.0,16817.0,16425.0,16444.0,3537,2410,58585051.0,16467.0
2023-02-14,SRU3,16701.0,16719.0,16250.0,16250.0,308,117,5063710.0,16374.0
2023-02-14,SRZ3,17150.0,17300.0,16606.0,16627.0,152,59,2566559.0,16670.0
2023-02-14,SSH3,2710.0,2754.0,2653.0,2683.0,910,214,2439660.0,2683.0
2023-02-14,SSM3,2808.0,2827.0,2703.0,2760.0,58,17,159803.0,2760.0
2023-02-14,SVH3,22.26,22.3,21.9,22.05,98657,13550,1609670107.51,22.04
2023-02-14,SVM3,22.31,22.35,22.01,22.15,2806,1081,45961325.7,22.11
2023-02-14,SVU3,22.87,23.03,22.72,22.93,45,27,758215.67,22.93
2023-02-14,SVZ3,23.53,23.53,23.5,23.5,15,4,260317.5,23.5
2023-02-14,SXH3,4169.8,4201.8,4151.0,4200.0,658,54,2185572.84,4200.0
2023-02-14,SXZ3,3800.1,4248.9,3800.0,4248.9,10,7,31927.69,4098.5
2023-02-14,SiH3,73267.0,73467.0,72077.0,72840.0,1328546,356402,96860755620.0,72837.0
2023-02-14,SiH4,78313.0,78629.0,77831.0,77831.0,10,9,782809.0,77905.0
2023-02-14,SiM3,74111.0,74230.0,72850.0,73572.0,31850,9620,2349952410.0,73574.0
2023-02-14,SiM4,78901.0,78902.0,78726.0,78726.0,3,3,236529.0,78726.0
2023-02-14,SiU3,75360.0,75430.0,74213.0,74851.0,319,221,23876209.0,74851.0
2023-02-14,SiU4,80739.0,80739.0,79917.0,79917.0,2,2,160656.0,79917.0
2023-02-14,SiZ3,76903.0,77000.0,76100.0,76350.0,111,75,8519714.0,76350.0
2023-02-14,SiZ4,82174.0,82191.0,82100.0,82100.0,3,3,246465.0,82100.0
2023-02-14,TIH3,27614.0,27747.0,26704.0,27232.0,1099,525,29818579.0,27232.0
2023-02-14,TIM3,27810.0,27810.0,27420.0,27495.0,3,3,82725.0,27568.0
2023-02-14,TNH3,92724.0,92724.0,92327.0,92327.0,2,2,185051.0,91998.0
2023-02-14,TRH3,19.5596,19.5596,19.5596,19.5596,1,1,76704.93,19.5596
2023-02-14,TTH3,32752.0,32967.0,32601.0,32939.0,1305,743,42775656.0,32959.0
2023-02-14,TTM3,33511.0,33654.0,33248.0,33549.0,18,16,602767.0,33549.0
2023-02-14,TTU3,33770.0,33770.0,33462.0,33462.0,3,3,100694.0,33840.0
2023-02-14,UCH3,6.775,6.785,6.728,6.756,12719,4656,928414809.69,6.753
2023-02-14,USDRUBF,73.79,73.95,72.85,73.73,39922,8788,2935694690.0,73.8
2023-02-14,VBH3,1700.0,1701.0,1658.0,1682.0,114700,10899,192555003.0,1682.0
2023-02-14,VBM3,1731.0,1733.0,1693.0,1713.0,1911,678,3271687.0,1716.0
2023-02-14,VBU3,1761.0,1792.0,1744.0,1748.0,83,38,145798.0,1748.0
2023-02-14,VIG3,32.7,34.35,32.7,33.0,47,20,230548.04,33.5
2023-02-14,VIH3,37.5,37.8,36.0,36.05,12,10,64719.6,36.05
2023-02-14,W4G3,14950.0,14950.0,14900.0,14900.0,3,3,44790.0,14950.0
2023-02-14,W4H3,15170.0,15260.0,15090.0,15260.0,205,15,3126960.0,15210.0
2023-02-14,W4Z3,15780.0,15780.0,15770.0,15770.0,514,2,8105920.0,15770.0
2023-02-14,YNH3,20755.0,20911.0,20057.0,20443.0,12184,5745,248658664.0,20362.0
2023-02-14,YNM3,21173.0,21227.0,20401.0,20720.0,322,216,6682671.0,20696.0
2023-02-14,YNU3,21453.0,21454.0,20822.0,20822.0,32,32,673980.0,20851.0
2023-02-15,AFH3,2781.0,2789.0,2668.0,2689.0,7229,1524,19706711.0,2683.0
2023-02-15,AFM3,2828.0,2830.0,2715.0,2736.0,548,172,1516797.0,2732.0
2023-02-15,AFU3,2855.0,2890.0,2811.0,2867.0,41,14,116831.0,2851.0
2023-02-15,AKH3,13300.0,13300.0,12764.0,12800.0,1953,594,25262103.0,12824.0
2023-02-15,AKM3,13390.0,13430.0,13000.0,13000.0,64,27,840667.0,13052.0
2023-02-15,ALH3,6081.0,6094.0,5923.0,5926.0,7031,1809,42205777.0,5949.0
2023-02-15,ALM3,6199.0,6218.0,6045.0,6056.0,928,317,5681771.0,6059.0
2023-02-15,ALU3,6240.0,6281.0,6151.0,6153.0,12,9,74346.0,6153.0
2023-02-15,AUH3,0.71,0.71,0.6863,0.6869,5,4,258159.98,0.6869
2023-02-15,BRH3,86.53,86.73,85.35,85.53,138913,38305,8901819302.73,85.74
2023-02-15,BRJ3,88.09,88.26,87.01,87.25,2588,1642,169117972.54,87.4
2023-02-15,BRK3,88.91,89.51,88.32,88.64,104,83,6885094.3,88.64
2023-02-15,BRM3,90.3,90.46,89.5,89.97,63,63,4224855.21,89.95
2023-02-15,BRN3,90.5,91.29,89.27,90.57,21,21,1410395.97,90.57
2023-02-15,BRQ3,93.35,93.35,93.35,93.35,1,1,69628.83,92.6
2023-02-15,BRU3,93.19,93.19,93.19,93.19,1,1,69509.49,93.19
2023-02-15,BRX3,95.9,95.9,93.99,93.99,2,2,141637.05,93.99
2023-02-15,BRZ3,94.27,94.27,94.27,94.27,1,1,70315.05,94.27
2023-02-15,CHH3,99717.0,99998.0,97707.0,97710.0,346,260,34270871.0,97860.0
2023-02-15,CHM3,100000.0,100400.0,100000.0,100400.0,6,6,601100.0,99449.0
2023-02-15,CNYRUBF,10.79,10.91,10.76,10.88,26448,1970,286959330.0,10.87
2023-02-15,CRH3,10.84,10.966,10.775,10.927,1728619,63983,18837102435.0,10.924
2023-02-15,CRH4,11.433,11.65,11.433,11.54,7,6,81124.0,11.54
2023-02-15,CRM3,10.972,11.12,10.94,11.085,40051,2542,442369550.0,11.082
2023-02-15,CRM4,11.8,11.96,11.8,11.96,8,8,95410.0,11.96
2023-02-15,CRU3,11.177,11.339,11.175,11.233,109,86,1229932.0,11.301
2023-02-15,CRZ3,11.489,11.691,11.45,11.48,20,17,231343.0,11.48
2023-02-15,CoH3,9439.5,9439.5,9439.5,9439.5,5,1,352041.45,8900.0
2023-02-15,DXH3,13051.0,13589.0,12735.0,12930.0,112,53,1162225.47,12927.0
2023-02-15,DYH3,6811.0,6845.0,6799.0,6830.0,44,31,299992.0,6828.0
2023-02-15,EDH3,1.0745,1.0756,1.0686,1.0692,81251,27560,6496433159.14,1.0691
2023-02-15,EDM3,1.0648,1.0665,1.0607,1.0614,840,651,66637417.46,1.0614
2023-02-15,EDU3,1.0681,1.0681,1.0618,1.0618,7,7,556680.08,1.0618
2023-02-15,EURRUBF,79.19,79.85,79.03,79.51,3004,1436,238489840.0,79.65
2023-02-15,EuH3,78368.0,79233.0,78222.0,78706.0,86054,29501,6779956899.0,78682.0
2023-02-15,EuM3,78351.0,79201.0,78270.0,78678.0,1427,608,112470508.0,78678.0
2023-02-15,EuU3,80102.0,80102.0,79501.0,79501.0,8,5,639654.0,79504.0
2023-02-15,EuZ3,80451.0,80451.0,79036.0,80392.0,5,5,399652.0,80364.0
2023-02-15,FNH3,6600.0,6600.0,6510.0,6550.0,5,5,32722.0,6550.0
2023-02-15,FSH3,8893.0,8905.0,8586.0,8600.0,715,192,6226643.0,8600.0
2023-02-15,FSM3,9005.0,9005.0,8900.0,8900.0,16,6,143255.0,8898.0
2023-02-15,FVH3,15354.0,15375.0,14641.0,14684.0,1764,573,26486246.0,14725.0
2023-02-15,FVM3,15680.0,15680.0,15100.0,15100.0,25,21,386410.0,15086.0
2023-02-15,GDH3,1870.3,1874.7,1846.0,1847.7,166900,46486,23115352552.89,1847.5
2023-02-15,GDM3,1868.2,1874.4,1846.2,1847.2,5430,2702,752960464.33,1847.5
2023-02-15,GDU3,1878.0,1887.1,1867.0,1871.3,78,73,10903591.6,1866.3
2023-02-15,GDZ3,1891.5,1900.0,1880.9,1881.1,46,34,6485759.73,1881.1
2023-02-15,GKH3,14901.0,14959.0,14611.0,14646.0,20454,7056,303820484.0,14720.0
2023-02-15,GKM3,14898.0,15000.0,14690.0,14690.0,95,62,1412575.0,14735.0
2023-02-15,GUH3,1.2164,1.2174,1.1973,1.1973,46,19,4135549.85,1.199
2023-02-15,GZH3,15758.0,15850.0,15441.0,15486.0,60004,19896,938039334.0,15507.0
2023-02-15,GZM3,16102.0,16141.0,15743.0,15758.0,1197,695,19030801.0,15784.0
2023-02-15,GZM4,17026.0,17026.0,17026.0,17026.0,1,1,17026.0,17053.0
2023-02-15,GZU3,16250.0,16250.0,15950.0,15950.0,31,22,499205.0,16005.0
2023-02-15,GZZ3,16554.0,16554.0,16158.0,16158.0,10,6,163349.0,16158.0
2023-02-15,HOH3,25100.0,25130.0,24950.0,25100.0,18,12,450950.0,25100.0
2023-02-15,HOM3,25350.0,25350.0,25350.0,25350.0,4,3,101400.0,25350.0
2023-02-15,HSH3,21999.0,22120.0,21260.0,21311.0,2733,471,5581453.23,21311.0
2023-02-15,HSM3,23198.0,24074.0,22736.0,23249.0,18,16,39760.58,23249.0
2023-02-15,HSU3,23600.0,24650.0,23455.0,24650.0,22,8,49147.92,23500.0
2023-02-15,HSZ3,24550.0,24550.0,24452.0,24452.0,6,5,13932.22,24150.0
2023-02-15,HYH3,7865.0,7904.0,7740.0,7751.0,869,216,6794504.0,7795.0
2023-02-15,HYM3,8012.0,8058.0,7853.0,7853.0,43,19,341898.0,7950.0
2023-02-15,IRH3,34405.0,34518.0,33350.0,33389.0,151,95,5118400.0,33373.0
2023-02-15,IRM3,34300.0,34300.0,34300.0,34300.0,3,2,102900.0,34022.0
2023-02-15,JPH3,133.67,134.0,133.65,134.0,13,11,972028.27,134.23
2023-02-15,JPM3,134.3,134.4,133.22,134.4,3,3,224709.46,134.4
2023-02-15,LKH3,39508.0,39535.0,38600.0,38940.0,8688,5475,338545755.0,38868.0
2023-02-15,LKM3,40326.0,40326.0,39454.0,39637.0,119,107,4729694.0,39632.0
2023-02-15,LKU3,40348.0,40348.0,39908.0,39908.0,4,4,160950.0,39908.0
2023-02-15,LKZ3,40100.0,41489.0,37014.0,40377.0,4,4,158980.0,40377.0
2023-02-15,MAM3,6407.0,6407.0,6407.0,6407.0,1,1,6407.0,6556.0
2023-02-15,MCH3,12166.0,12224.0,11498.0,11498.0,486,202,5787263.0,11701.0
2023-02-15,MCM3,12370.0,12370.0,12370.0,12370.0,1,1,12370.0,12370.0
2023-02-15,MEH3,10750.0,10754.0,10343.0,10439.0,4988,1797,52601435.0,10389.0
2023-02-15,MEM3,10680.0,10680.0,10460.0,10460.0,271,133,2858747.0,10460.0
2023-02-15,MGH3,37742.0,37745.0,36500.0,36500.0,612,411,22640572.0,36635.0
2023-02-15,MGM3,37751.0,37754.0,36906.0,37000.0,22,19,819471.0,36901.0
2023-02-15,MLH3,4925.0,4937.0,4583.0,4645.0,8911,1979,42122299.0,4641.0
2023-02-15,MLM3,5019.0,5020.0,4683.0,4735.0,533,237,2561698.0,4724.0
2023-02-15,MMH3,2240.9,2244.3,2180.15,2185.3,55484,12560,1225869496.0,2187.0
2023-02-15,MMM3,2237.2,2239.0,2185.0,2191.45,466,257,10299173.0,2191.5
2023-02-15,MMU3,2225.7,2225.75,2224.15,2224.15,8,8,178025.5,2224.15
2023-02-15,MMU5,2541.15,2541.15,2541.15,2541.15,1,1,25411.5,2515.55
2023-02-15,MMZ3,2207.3,2235.25,2204.95,2235.25,7,7,155097.5,2235.25
2023-02-15,MMZ4,2385.7,2415.0,2385.7,2415.0,2,2,48007.0,2415.0
2023-02-15,MNH3,4651.0,4651.0,4496.0,4499.0,11141,2255,50851043.0,4519.0
2023-02-15,MNM3,4692.0,4722.0,4561.0,4574.0,884,502,4098117.0,4585.0
2023-02-15,MTH3,25516.0,25517.0,24670.0,24670.0,1371,506,34270470.0,24684.0
2023-02-15,MTM3,25836.0,25836.0,25180.0,25180.0,22,17,560377.0,25116.0
2023-02-15,MXH3,224500.0,224675.0,218250.0,218800.0,24615,13833,5449778550.0,218900.0
2023-02-15,MXM3,224075.0,224075.0,217775.0,217875.0,180,149,39666350.0,217950.0
2023-02-15,MXU3,222650.0,222750.0,222050.0,222050.0,5,5,1112650.0,221825.0
2023-02-15,MXZ3,218025.0,229950.0,214875.0,229950.0,4,4,880850.0,215525.0
2023-02-15,NAH3,12334.0,12502.0,12253.0,12395.0,87853,9063,812920816.23,12406.0
2023-02-15,NAM3,11959.0,12214.0,11915.0,12039.0,287,173,2587351.39,12045.0
2023-02-15,NAU3,11956.0,12305.0,11956.0,11957.0,20,16,179643.89,12098.0
2023-02-15,NAZ3,12507.0,12600.0,12385.0,12571.0,17,9,158302.48,12525.0
2023-02-15,NGG3,2.626,2.68,2.583,2.61,974674,182513,19114950598.49,2.608
2023-02-15,NGH3,2.802,2.873,2.778,2.808,139077,43349,2923280279.06,2.809
2023-02-15,NGJ3,3.092,3.132,3.063,3.092,2774,1477,63995303.3,3.094
2023-02-15,NGK3,3.392,3.438,3.344,3.39,542,250,13721362.62,3.39
2023-02-15,NGM3,3.6,3.68,3.558,3.596,503,175,13511222.62,3.596
2023-02-15,NGN3,3.738,3.8,3.738,3.761,36,19,1012232.32,3.761
2023-02-15,NKH3,106392.0,106737.0,103324.0,103324.0,641,567,67327864.0,103926.0
2023-02-15,NKM3,103752.0,106958.0,103752.0,105100.0,15,14,1590530.0,105100.0
2023-02-15,NMH3,12420.0,12441.0,11841.0,11999.0,2507,771,30366817.0,11903.0
2023-02-15,NMM3,12501.0,12501.0,11789.0,11790.0,72,46,873223.0,11842.0
2023-02-15,NMU3,11724.0,12499.0,11724.0,12499.0,7,6,86225.0,12386.0
2023-02-15,OGH3,5521.0,5521.0,5521.0,5521.0,1,1,5521.0,5521.0
2023-02-15,OZH3,16450.0,16492.0,15741.0,15979.0,1349,612,21640051.0,15962.0
2023-02-15,OZM3,16703.0,16750.0,16049.0,16193.0,51,43,835855.0,16204.0
2023-02-15,PDH3,1601.0,1603.0,1516.35,1526.0,701,516,81186829.04,1526.0
2023-02-15,PDM3,1669.16,1674.18,1630.2,1647.39,37,36,4580917.7,1647.39
2023-02-15,PDU3,1702.0,1718.0,1695.02,1695.02,3,3,381524.23,1722.51
2023-02-15,PHH3,6704.0,6729.0,6355.0,6366.0,2172,330,14148628.0,6464.0
2023-02-15,PHM3,6796.0,6797.0,6642.0,6650.0,14,12,93679.0,6637.0
2023-02-15,PIH3,6270.0,6272.0,5965.0,6129.0,617,185,3802880.0,6048.0
2023-02-15,POH3,5102.0,5102.0,4671.0,4715.0,42634,6495,206547437.0,4721.0
2023-02-15,POM3,5184.0,5184.0,4760.0,4764.0,2135,858,10535798.0,4800.0
2023-02-15,PSH3,1531.0,1532.0,1427.0,1436.0,2296,157,3411555.0,1461.0
2023-02-15,PSM3,1550.0,1625.0,1456.0,1500.0,501,65,786990.0,1500.0
2023-02-15,PTH3,970.3,970.3,948.0,948.0,1145,686,81731896.96,948.3
2023-02-15,PTM3,992.0,992.0,976.0,976.0,80,51,5858093.21,972.9
2023-02-15,PZH3,90424.0,90424.0,84406.0,85730.0,3800,2807,331634961.0,85710.0
2023-02-15,PZM3,91999.0,91999.0,86162.0,87400.0,209,195,18583708.0,87052.0
2023-02-15,RBH3,12775.0,12777.0,12753.0,12753.0,17,8,217171.0,12753.0
2023-02-15,RIH3,96460.0,96770.0,93440.0,93740.0,118527,67594,16779755760.19,93780.0
2023-02-15,RIH4,93860.0,97080.0,93200.0,93200.0,3,3,423874.37,92200.0
2023-02-15,RIM3,96400.0,96400.0,93470.0,93880.0,556,485,78558328.29,93870.0
2023-02-15,RIU3,96730.0,96730.0,94560.0,94600.0,26,26,3683339.04,94470.0
2023-02-15,RIZ3,95500.0,97210.0,94520.0,94520.0,14,13,1999939.94,94520.0
2023-02-15,RIZ4,97440.0,97440.0,97440.0,97440.0,1,1,145359.04,97440.0
2023-02-15,RLH3,4090.0,4090.0,3922.0,3931.0,3028,627,12098545.0,3932.0
2023-02-15,RLM3,4166.0,4166.0,4000.0,4020.0,90,34,366664.0,4020.0
2023-02-15,RMH3,967.0,968.5,937.0,941.0,18579,7580,264016706.82,940.0
2023-02-15,RMM3,963.5,965.5,936.5,941.5,580,323,8209093.67,941.5
2023-02-15,RMU3,965.0,965.5,950.0,950.5,7,7,99926.9,950.5
2023-02-15,RMZ3,986.0,1050.0,986.0,990.5,15,6,226743.1,962.5
2023-02-15,RNH3,34978.0,34978.0,34202.0,34202.0,4516,2233,155910712.0,34342.0
2023-02-15,RNM3,35111.0,35121.0,34800.0,34800.0,17,12,592922.0,34800.0
2023-02-15,RNU3,35151.0,35151.0,35151.0,35151.0,3,1,105453.0,35151.0
2023-02-15,RNU4,36904.0,36904.0,36904.0,36904.0,1,1,36904.0,36905.0
2023-02-15,RTH3,5888.0,5893.0,5787.0,5791.0,912,315,5316746.0,5791.0
2023-02-15,RTM3,5970.0,5974.0,5890.0,5890.0,32,23,190579.0,5907.0
2023-02-15,SAH3,33.52,34.7,33.52,34.7,9,9,313212.48,34.7
2023-02-15,SAK3,34.44,34.44,34.44,34.44,1,1,34991.04,34.36
2023-02-15,SEH3,1587.0,1600.0,1478.0,1490.0,682,77,1042104.0,1485.0
2023-02-15,SEM3,1570.0,1570.0,1530.0,1530.0,2,2,3100.0,1530.0
2023-02-15,SFH3,408.69,411.0,406.65,408.06,77512,12412,2363531885.29,408.2
2023-02-15,SFM3,406.17,407.5,404.2,404.89,3320,1559,100488591.1,404.97
2023-02-15,SFU3,397.04,400.78,394.47,398.96,34,31,1009122.05,398.92
2023-02-15,SFZ3,393.6,397.0,389.09,395.35,29,21,854094.76,395.35
2023-02-15,SGH3,27769.0,27769.0,26791.0,26806.0,357,250,9759469.0,26921.0
2023-02-15,SGM3,28057.0,28057.0,27435.0,27435.0,5,5,139271.0,27476.0
2023-02-15,SLH3,66.98,67.0,55.0,58.0,16,13,97205.0,63.58
2023-02-15,SNH3,22776.0,22836.0,21786.0,21832.0,5226,1842,116255270.0,21964.0
2023-02-15,SNM3,23104.0,23200.0,22500.0,22500.0,102,59,2331963.0,22500.0
2023-02-15,SOH3,4203.0,4275.0,4150.0,4182.0,1347,286,5690706.0,4170.0
2023-02-15,SOM3,4352.0,4394.0,4273.0,4273.0,21,9,91237.0,4273.0
2023-02-15,SPH3,16169.0,16198.0,15615.0,15695.0,8276,4231,131682090.0,15672.0
2023-02-15,SPM3,16378.0,16382.0,15803.0,15861.0,192,121,3095236.0,15861.0
2023-02-15,SRH3,16310.0,16331.0,15777.0,15855.0,326192,83479,5239039536.0,15845.0
2023-02-15,SRM3,16473.0,16504.0,15959.0,16023.0,5726,3731,93126860.0,16020.0
2023-02-15,SRU3,16349.0,16349.0,15700.0,15859.0,1202,268,19158312.0,15720.0
2023-02-15,SRZ3,16647.0,16894.0,16010.0,16093.0,239,127,3908252.0,16010.0
2023-02-15,SSH3,2666.0,2685.0,2541.0,2558.0,1759,337,4600440.0,2558.0
2023-02-15,SSM3,2735.0,2735.0,2603.0,2603.0,23,9,61544.0,2654.0
2023-02-15,SVH3,22.04,22.17,21.69,21.78,62150,10808,1014548594.58,21.76
2023-02-15,SVM3,22.14,22.25,21.81,21.87,2747,1064,45022673.66,21.85
2023-02-15,SVU3,22.87,23.08,22.56,22.6,34,27,575454.12,22.59
2023-02-15,SVZ3,23.49,23.49,23.25,23.39,8,4,139675.37,23.39
2023-02-15,SXH3,4189.9,4226.2,4150.0,4200.0,284,81,947358.17,4201.0
2023-02-15,SXU3,4120.0,4120.0,4120.0,4120.0,1,1,3281.58,4133.1
2023-02-15,SiH3,72823.0,73716.0,72668.0,73430.0,1266061,281345,92827693832.0,73430.0
2023-02-15,SiH4,78168.0,78500.0,77016.0,78105.0,24,20,1877211.0,78111.0
2023-02-15,SiM3,73575.0,74386.0,73433.0,74123.0,34614,11019,2562991685.0,74117.0
2023-02-15,SiM4,79037.0,79244.0,79037.0,79244.0,2,2,158281.0,79244.0
2023-02-15,SiU3,75000.0,75640.0,74890.0,75440.0,547,358,41174235.0,75435.0
2023-02-15,SiU4,80798.0,80798.0,80798.0,80798.0,1,1,80798.0,80798.0
2023-02-15,SiZ3,76835.0,77277.0,76699.0,77113.0,424,104,32646234.0,77113.0
2023-02-15,SiZ4,82479.0,82999.0,80631.0,81557.0,16,12,1317043.0,81557.0
2023-02-15,TIH3,27229.0,27364.0,23875.0,25520.0,2345,1155,60624875.0,25374.0
2023-02-15,TIM3,27098.0,27098.0,25895.0,25895.0,21,20,550131.0,25894.0
2023-02-15,TNH3,90400.0,90673.0,88888.0,88888.0,11,9,984301.0,88888.0
2023-02-15,TTH3,32958.0,32962.0,31555.0,31723.0,4509,2427,144791061.0,31830.0
2023-02-15,TTM3,33657.0,33657.0,32344.0,32527.0,172,135,5640772.0,32527.0
2023-02-15,TTU3,33831.0,34058.0,33500.0,34058.0,6,6,202888.0,33598.0
2023-02-15,UCH3,6.752,6.796,6.743,6.764,10637,5174,782978379.8,6.764
2023-02-15,USDRUBF,73.69,74.49,73.5,74.48,43123,8387,3194396640.0,74.59
2023-02-15,VBH3,1679.0,1694.0,1634.0,1636.0,108092,10292,179928844.0,1647.0
2023-02-15,VBM3,1714.0,1724.0,1669.0,1669.0,2859,927,4838901.0,1679.0
2023-02-15,VBU3,1750.0,1753.0,1722.0,1724.0,107,51,185925.0,1723.0
2023-02-15,VIG3,33.9,39.2,33.6,38.4,161,90,892703.73,37.85
2023-02-15,VIH3,37.75,47.45,37.75,40.0,80,70,491168.6,40.5
2023-02-15,W4G3,14950.0,15050.0,14850.0,14860.0,63,27,942010.0,14860.0
2023-02-15,W4H3,15140.0,15140.0,15130.0,15130.0,2,2,30270.0,15130.0
2023-02-15,W4J3,15200.0,15200.0,15200.0,15200.0,1,1,15200.0,15200.0
2023-02-15,W4M3,15160.0,15160.0,15160.0,15160.0,1,1,15160.0,15160.0
2023-02-15,YNH3,20403.0,20604.0,19855.0,20077.0,18105,8887,367340414.0,20017.0
2023-02-15,YNM3,20789.0,20933.0,20210.0,20360.0,564,424,11639369.0,20365.0
2023-02-15,YNU3,20730.0,21158.0,20100.0,20820.0,27,22,560274.0,20801.0
2023-02-16,AFH3,2688.0,2759.0,2619.0,2727.0,6761,1857,18241267.0,2724.0
2023-02-16,AFM3,2715.0,2801.0,2673.0,2770.0,475,163,1299321.0,2767.0
2023-02-16,AFU3,2813.0,2814.0,2660.0,2774.0,125,31,337511.0,2779.0
2023-02-16,AKH3,12800.0,12925.0,12468.0,12577.0,3149,918,39931905.0,12577.0
2023-02-16,AKM3,13000.0,13124.0,12721.0,12800.0,151,43,1960874.0,12800.0
2023-02-16,ALH3,5935.0,6004.0,5859.0,5927.0,6215,1651,36848637.0,5920.0
2023-02-16,ALM3,6070.0,6115.0,6000.0,6046.0,690,257,4171857.0,6046.0
2023-02-16,ALU3,6134.0,6250.0,6134.0,6160.0,17,17,105166.0,6160.0
2023-02-16,BRF4,96.83,96.83,94.94,94.94,3,3,214505.82,94.94
2023-02-16,BRH3,85.51,87.1,84.94,86.43,166356,48178,10740860990.61,86.41
2023-02-16,BRJ3,87.17,88.55,86.75,87.93,5574,3129,365768067.41,87.81
2023-02-16,BRK3,88.21,89.65,87.95,88.97,496,399,33040216.17,88.97
2023-02-16,BRM3,89.6,90.78,89.32,89.84,47,47,3175742.4,90.07
2023-02-16,BRN3,90.8,91.39,90.8,91.39,2,2,136307.82,91.21
2023-02-16,BRQ3,90.95,90.95,90.95,90.95,1,1,68045.42,91.3
2023-02-16,BRX3,95.91,95.91,95.91,95.91,1,1,71756.31,95.91
2023-02-16,CHH3,97708.0,98928.0,95370.0,96221.0,574,427,55723828.0,96189.0
2023-02-16,CHM3,99000.0,99691.0,97301.0,98500.0,34,34,3335973.0,97691.0
2023-02-16,CNYRUBF,10.88,10.92,10.85,10.89,27469,1503,299052460.0,10.88
2023-02-16,CRH3,10.926,10.962,10.895,10.93,1438999,52903,15730443419.0,10.928
2023-02-16,CRH4,11.69,11.7,11.56,11.56,7,7,81350.0,11.56
2023-02-16,CRM3,11.083,11.122,11.032,11.064,128659,4223,1425288288.0,11.064
2023-02-16,CRM4,12.116,12.457,11.86,11.97,11,8,133383.0,11.97
2023-02-16,CRU3,11.293,11.348,11.246,11.287,256,47,2896577.0,11.287
2023-02-16,CRZ3,11.549,11.549,11.462,11.466,28,11,322540.0,11.466
2023-02-16,CSH3,5401.0,5401.0,5400.0,5400.0,6,2,32401.0,5553.0
2023-02-16,DXH3,12930.0,13288.0,12930.0,12942.0,66,45,691198.83,12942.0
2023-02-16,DYH3,6813.0,6947.0,6813.0,6900.0,294,68,2019929.0,6889.0
2023-02-16,EDH3,1.0694,1.0728,1.0661,1.068,82790,25043,6626512225.01,1.0681
2023-02-16,EDM3,1.0619,1.0639,1.0592,1.061,607,404,48210845.85,1.061
2023-02-16,EURRUBF,79.54,80.11,79.41,79.82,4682,1473,374091460.0,79.94
2023-02-16,EuH3,78741.0,79987.0,78548.0,79506.0,78000,25091,6205162081.0,79502.0
2023-02-16,EuM3,78741.0,79926.0,78613.0,79503.0,5382,824,426113094.0,79503.0
2023-02-16,EuU3,81170.0,81170.0,80500.0,80500.0,25,18,2022180.0,80500.0
2023-02-16,EuZ3,80843.0,80968.0,80427.0,80968.0,27,7,2173453.0,80782.0
2023-02-16,FNH3,6600.0,6600.0,6600.0,6600.0,7,1,46200.0,6550.0
2023-02-16,FNM3,6788.0,6788.0,6777.0,6777.0,2,2,13565.0,6507.0
2023-02-16,FSH3,8610.0,8808.0,8511.0,8657.0,147,57,1270794.0,8657.0
2023-02-16,FSM3,8800.0,8846.0,8800.0,8812.0,21,9,185125.0,8812.0
2023-02-16,FVH3,14670.0,15065.0,14129.0,14129.0,2595,892,37942218.0,14340.0
2023-02-16,FVM3,14993.0,15209.0,14585.0,14656.0,22,22,329579.0,14656.0
2023-02-16,GDH3,1848.6,1858.4,1841.0,1848.4,157009,35790,21728118398.3,1848.6
2023-02-16,GDM3,1851.0,1857.8,1841.6,1847.7,13873,1624,1920480559.19,1847.8
2023-02-16,GDU3,1867.4,1871.0,1835.0,1866.0,67,60,9347945.06,1866.0
2023-02-16,GDZ3,1880.3,1887.0,1880.1,1887.0,30,20,4224921.34,1887.0
2023-02-16,GKH3,14648.0,14838.0,14415.0,14425.0,24790,7725,361637635.0,14470.0
2023-02-16,GKM3,14762.0,14821.0,14240.0,14458.0,228,137,3324022.0,14497.0
2023-02-16,GKU3,14679.0,14935.0,14651.0,14700.0,8,7,118234.0,14700.0
2023-02-16,GUH3,1.1984,1.2061,1.1984,1.2001,29,11,2607460.28,1.2001
2023-02-16,GZH3,15485.0,15570.0,15173.0,15393.0,85448,27064,1314770911.0,15401.0
2023-02-16,GZH5,18000.0,18000.0,18000.0,18000.0,2,2,36000.0,18000.0
2023-02-16,GZM3,15748.0,15858.0,15478.0,15695.0,1635,949,25672211.0,15697.0
2023-02-16,GZM4,17003.0,17112.0,16525.0,16853.0,44,42,742508.0,16853.0
2023-02-16,GZU3,15800.0,16079.0,15730.0,15983.0,105,76,1672785.0,15925.0
2023-02-16,GZZ3,16012.0,16150.0,16001.0,16001.0,17,10,273280.0,16026.0
2023-02-16,GZZ4,17829.0,17865.0,17829.0,17865.0,4,4,71397.0,17865.0
2023-02-16,HOH3,24990.0,25190.0,24990.0,25190.0,10,7,251540.0,25100.0
2023-02-16,HSH3,21288.0,21696.0,21266.0,21543.0,1417,395,2904134.29,21521.0
2023-02-16,HSM3,23500.0,23500.0,22865.0,22865.0,62,10,136621.51,22865.0
2023-02-16,HSU3,23500.0,24300.0,21000.0,23500.0,147,60,312906.67,23071.0
2023-02-16,HYH3,7759.0,7862.0,7603.0,7805.0,1340,322,10406856.0,7805.0
2023-02-16,HYM3,7850.0,8062.0,7741.0,8019.0,62,28,493197.0,7964.0
2023-02-16,IRH3,33335.0,33700.0,33088.0,33101.0,194,106,6471854.0,33168.0
2023-02-16,IRM3,31823.0,31823.0,31823.0,31823.0,1,1,31823.0,33000.0
2023-02-16,JPH3,134.24,135.22,134.23,135.01,5,5,375748.29,135.01
2023-02-16,JPM3,133.33,135.0,133.33,135.0,2,2,149655.69,135.0
2023-02-16,LKH3,38944.0,39175.0,38250.0,38464.0,7644,5262,295758839.0,38568.0
2023-02-16,LKM3,39508.0,39926.0,39102.0,39304.0,116,104,4575093.0,39343.0
2023-02-16,LKU3,39004.0,39371.0,39000.0,39300.0,8,6,313670.0,39300.0
2023-02-16,LKZ3,40000.0,40000.0,40000.0,40000.0,1,1,40000.0,40958.0
2023-02-16,MAH3,6051.0,6542.0,6050.0,6539.0,12,11,75531.0,6522.0
2023-02-16,MAM3,6286.0,6286.0,6285.0,6285.0,2,2,12571.0,6479.0
2023-02-16,MCH3,11426.0,12035.0,11251.0,11918.0,249,126,2936659.0,11929.0
2023-02-16,MEH3,10440.0,10589.0,10183.0,10391.0,3850,1048,40070248.0,10391.0
2023-02-16,MEM3,10460.0,10605.0,10290.0,10516.0,167,120,1748886.0,10516.0
2023-02-16,MGH3,36524.0,36898.0,35479.0,36369.0,855,533,30986739.0,36363.0
2023-02-16,MGM3,36160.0,37186.0,36000.0,36859.0,46,40,1689677.0,36863.0
2023-02-16,MLH3,4644.0,4711.0,4539.0,4589.0,7439,1399,34487294.0,4584.0
2023-02-16,MLM3,4723.0,4784.0,4622.0,4647.0,268,127,1257549.0,4664.0
2023-02-16,MMH3,2185.8,2203.85,2144.5,2168.3,86877,19118,1893931248.0,2168.45
2023-02-16,MMH4,2260.75,2260.75,2260.75,2260.75,1,1,22607.5,2256.9
2023-02-16,MMH5,2394.8,2394.8,2394.8,2394.8,1,1,23948.0,2394.8
2023-02-16,MMM3,2189.8,2214.8,2160.25,2172.8,807,431,17644740.0,2172.8
2023-02-16,MMM4,2372.1,2372.1,2372.1,2372.1,1,1,23721.0,2263.8
2023-02-16,MMU3,2210.85,2243.2,2175.75,2201.1,13,11,285458.5,2200.9
2023-02-16,MMU5,2453.05,2510.0,2450.05,2510.0,5,5,123728.5,2510.0
2023-02-16,MMZ3,2187.25,2252.25,2182.0,2247.0,14,12,312918.5,2236.0
2023-02-16,MNH3,4498.0,4552.0,4387.0,4423.0,19346,3385,86257510.0,4441.0
2023-02-16,MNM3,4570.0,4591.0,4459.0,4498.0,599,324,2720877.0,4500.0
2023-02-16,MNU3,4668.0,4715.0,4570.0,4618.0,54,13,251538.0,4618.0
2023-02-16,MTH3,24640.0,25013.0,24300.0,24886.0,1663,627,40964429.0,24778.0
2023-02-16,MTM3,25000.0,25375.0,24752.0,25136.0,35,23,878724.0,25145.0
2023-02-16,MXH3,218800.0,220500.0,214625.0,216900.0,37032,20699,8087965900.0,216900.0
2023-02-16,MXM3,218175.0,220775.0,216750.0,217325.0,219,197,47852900.0,217325.0
2023-02-16,MXU3,219700.0,221000.0,219700.0,221000.0,6,5,1323100.0,221000.0
2023-02-16,MXZ3,230000.0,230000.0,229975.0,229975.0,2,2,459975.0,215000.0
2023-02-16,NAH3,12407.0,12638.0,12406.0,12550.0,120244,11030,1126566009.22,12554.0
2023-02-16,NAM3,12064.0,12199.0,11960.0,12000.0,630,188,5678865.01,12000.0
2023-02-16,NAU3,12124.0,12581.0,11746.0,11908.0,80,41,724967.11,11908.0
2023-02-16,NAZ3,12525.0,12700.0,12525.0,12700.0,4,4,37800.03,12699.0
2023-02-16,NGG3,2.61,2.643,2.542,2.563,858449,145580,16623404677.21,2.563
2023-02-16,NGH3,2.814,2.837,2.776,2.811,115093,36673,2421622499.13,2.81
2023-02-16,NGJ3,3.095,3.12,3.053,3.092,2130,1116,49187228.21,3.09
2023-02-16,NGK3,3.422,3.426,3.377,3.41,308,112,7828201.96,3.405
2023-02-16,NGM3,3.641,3.647,3.59,3.618,114,53,3084361.66,3.618
2023-02-16,NGN3,3.787,3.822,3.728,3.777,67,27,1894296.38,3.777
2023-02-16,NKH3,104016.0,104609.0,102041.0,103942.0,710,596,73353063.0,103817.0
2023-02-16,NKM3,105000.0,105000.0,104000.0,104149.0,5,5,521330.0,104200.0
2023-02-16,NMH3,11891.0,12083.0,11606.0,11651.0,3853,1372,45860804.0,11729.0
2023-02-16,NMM3,11790.0,12193.0,11710.0,11918.0,56,37,670782.0,11918.0
2023-02-16,NMU3,12370.0,14041.0,11526.0,11526.0,32,20,393993.0,11851.0
2023-02-16,OGH3,5500.0,5500.0,5450.0,5499.0,4,3,21948.0,5521.0
2023-02-16,OGM3,5611.0,5611.0,5610.0,5610.0,2,2,11221.0,5485.0
2023-02-16,OZH3,15970.0,16398.0,15572.0,15887.0,1541,777,24783656.0,15947.0
2023-02-16,OZM3,16235.0,16644.0,15893.0,16195.0,90,62,1483382.0,16233.0
2023-02-16,PDH3,1535.24,1560.04,1519.5,1559.0,230,173,26414904.98,1555.0
2023-02-16,PDM3,1651.0,1651.0,1613.4,1640.0,25,20,3036972.98,1640.0
2023-02-16,PHH3,6436.0,7131.0,6360.0,6442.0,2124,375,13914936.0,6433.0
2023-02-16,PHM3,6639.0,6670.0,6510.0,6670.0,12,12,79083.0,6601.0
2023-02-16,PIH3,6054.0,6163.0,5966.0,6029.0,334,103,2017393.0,6029.0
2023-02-16,PIM3,6180.0,6238.0,6150.0,6238.0,30,17,185456.0,6219.0
2023-02-16,POH3,4703.0,4841.0,4522.0,4680.0,69960,9990,330047028.0,4699.0
2023-02-16,POM3,4780.0,4934.0,4624.0,4762.0,1919,864,9142308.0,4789.0
2023-02-16,PSH3,1431.0,1546.0,1423.0,1485.0,1141,159,1690111.0,1489.0
2023-02-16,PSM3,1550.0,1601.0,1490.0,1545.0,206,40,313536.0,1545.0
2023-02-16,PTH3,947.8,952.3,937.0,949.4,950,642,67174241.08,949.4
2023-02-16,PTM3,973.1,977.0,962.0,977.0,86,50,6244946.57,977.0
2023-02-16,PZH3,85520.0,86910.0,81524.0,84389.0,5692,4444,480731696.0,84370.0
2023-02-16,PZM3,87100.0,88357.0,83538.0,85809.0,356,330,30603879.0,85848.0
2023-02-16,RBH3,12800.0,12848.0,12750.0,12800.0,56,19,715994.0,12800.0
2023-02-16,RIH3,93850.0,94270.0,91880.0,92200.0,142541,86614,19831276637.86,92220.0
2023-02-16,RIH4,95190.0,95190.0,91930.0,91930.0,3,3,417550.89,91070.0
2023-02-16,RIM3,93520.0,94190.0,92010.0,92370.0,1045,896,145513140.08,92320.0
2023-02-16,RIU3,93770.0,94360.0,92470.0,93630.0,22,16,3086913.84,93430.0
2023-02-16,RIU4,96500.0,96500.0,96500.0,96500.0,1,1,144395.85,90550.0
2023-02-16,RIZ3,93500.0,94530.0,92270.0,94400.0,19,19,2668929.01,94400.0
2023-02-16,RIZ4,97440.0,97440.0,97440.0,97440.0,1,1,145802.4,97440.0
2023-02-16,RLH3,3933.0,3972.0,3736.0,3873.0,3637,879,14093759.0,3877.0
2023-02-16,RLM3,4056.0,4074.0,3900.0,3956.0,88,38,351483.0,3956.0
2023-02-16,RMH3,940.0,943.5,920.5,925.0,24671,7889,344196282.41,925.0
2023-02-16,RMM3,938.5,943.0,921.5,927.0,550,343,7682908.1,927.0
2023-02-16,RMU3,950.0,950.0,941.0,949.0,15,11,212066.81,949.0
2023-02-16,RMZ3,964.5,964.5,964.5,964.5,1,1,14432.06,954.5
2023-02-16,RNH3,34280.0,34700.0,33715.0,34420.0,4438,2095,152122811.0,34469.0
2023-02-16,RNH4,38594.0,38594.0,32365.0,32365.0,2,2,70959.0,34236.0
2023-02-16,RNM3,34798.0,35333.0,34200.0,34809.0,32,23,1110793.0,34809.0
2023-02-16,RNU3,34817.0,34817.0,34800.0,34800.0,2,2,69617.0,34800.0
2023-02-16,RNZ3,35300.0,35300.0,35300.0,35300.0,1,1,35300.0,35300.0
2023-02-16,RTH3,5790.0,5810.0,5626.0,5756.0,772,288,4432790.0,5762.0
2023-02-16,RTM3,5855.0,5930.0,5822.0,5930.0,31,18,181941.0,5887.0
2023-02-16,SAH3,34.7,35.1,34.03,34.99,11,11,389026.4,34.99
2023-02-16,SAK3,34.36,35.5,34.36,35.5,9,7,321127.12,33.73
2023-02-16,SEH3,1503.0,1530.0,1430.0,1498.0,488,74,731692.0,1498.0
2023-02-16,SFH3,408.37,412.35,407.5,409.6,80553,14262,2470196318.03,409.66
2023-02-16,SFM3,405.58,408.83,405.01,407.0,4430,1861,134827640.96,406.83
2023-02-16,SFU3,397.62,400.99,395.41,398.3,59,44,1763608.41,398.3
2023-02-16,SFZ3,397.5,400.0,395.0,397.0,28,14,834204.36,397.0
2023-02-16,SGH3,26970.0,27549.0,26434.0,27100.0,485,345,13104618.0,27049.0
2023-02-16,SGM3,27470.0,27950.0,27470.0,27615.0,14,12,387044.0,27615.0
2023-02-16,SNH3,21879.0,22182.0,21407.0,21500.0,1666,920,36337961.0,21684.0
2023-02-16,SNM3,21946.0,22543.0,21946.0,22101.0,91,59,2026217.0,22177.0
2023-02-16,SOH3,4111.0,4253.0,4081.0,4183.0,888,196,3726487.0,4189.0
2023-02-16,SOM3,4270.0,4355.0,4270.0,4300.0,6,6,25919.0,4300.0
2023-02-16,SPH3,15694.0,15917.0,15266.0,15727.0,16460,7650,258511059.0,15755.0
2023-02-16,SPM3,15943.0,16080.0,15465.0,15955.0,322,170,5078274.0,15955.0
2023-02-16,SRH3,15860.0,16041.0,15497.0,15859.0,434767,113292,6888820024.0,15898.0
2023-02-16,SRM3,16012.0,16215.0,15722.0,16040.0,7052,4852,112934033.0,16094.0
2023-02-16,SRU3,15787.0,16229.0,15616.0,15767.0,849,338,13425284.0,15724.0
2023-02-16,SRZ3,16074.0,16220.0,15901.0,15931.0,256,104,4109427.0,15931.0
2023-02-16,SSH3,2551.0,2627.0,2500.0,2582.0,1631,236,4189276.0,2569.0
2023-02-16,SSM3,2675.0,2675.0,2479.0,2641.0,63,25,163320.0,2632.0
2023-02-16,SVH3,21.8,21.98,21.7,21.84,41042,7589,670975687.98,21.83
2023-02-16,SVM3,21.96,22.05,21.82,21.94,2265,764,37210474.71,21.94
2023-02-16,SVU3,22.66,22.75,22.52,22.65,42,36,710717.46,22.65
2023-02-16,SVZ3,23.26,23.52,23.26,23.52,13,4,228391.71,23.38
2023-02-16,SXH3,4201.0,4243.0,4201.0,4229.9,30,23,101345.16,4229.9
2023-02-16,SXM3,3870.1,3870.1,3870.1,3870.1,1,1,3094.14,4098.0
2023-02-16,SiH3,73435.0,74674.0,73252.0,74200.0,1485846,286407,110250926807.0,74199.0
2023-02-16,SiH4,78266.0,79000.0,78244.0,78550.0,43,23,3370803.0,78550.0
2023-02-16,SiM3,74125.0,75264.0,73949.0,74870.0,49212,11078,3684217149.0,74879.0
2023-02-16,SiM4,79233.0,80145.0,79146.0,80072.0,28,25,2227570.0,79906.0
2023-02-16,SiU3,75373.0,76414.0,75282.0,76100.0,423,304,32150916.0,76100.0
2023-02-16,SiU4,81320.0,81800.0,81100.0,81350.0,7,6,570439.0,81350.0
2023-02-16,SiZ3,77150.0,77800.0,76998.0,77349.0,143,109,11077528.0,77347.0
2023-02-16,SiZ4,81094.0,82500.0,81094.0,82500.0,4,3,327188.0,82500.0
2023-02-16,TIH3,25419.0,25720.0,23907.0,25160.0,2124,1047,53099239.0,25162.0
2023-02-16,TIM3,25558.0,25862.0,24467.0,25165.0,91,81,2309661.0,25165.0
2023-02-16,TNH3,87251.0,91500.0,87250.0,90666.0,21,21,1883602.0,90666.0
2023-02-16,TTH3,31674.0,32163.0,31258.0,31595.0,1958,1083,62149757.0,31822.0
2023-02-16,TTM3,32459.0,32750.0,31981.0,32508.0,85,69,2760297.0,32508.0
2023-02-16,TTU3,32002.0,33387.0,32002.0,32868.0,6,6,197311.0,32868.0
2023-02-16,UCH3,6.762,6.847,6.748,6.818,9959,3298,738905073.87,6.818
2023-02-16,USDRUBF,74.43,74.89,74.22,74.71,44326,10254,3310857420.0,74.82
2023-02-16,VBH3,1640.0,1653.0,1602.0,1604.0,177910,16492,289160402.0,1610.0
2023-02-16,VBM3,1672.0,1686.0,1638.0,1643.0,4260,1546,7069047.0,1642.0
2023-02-16,VBU3,1710.0,1755.0,1685.0,1696.0,547,154,934690.0,1696.0
2023-02-16,VIG3,38.45,44.5,38.45,43.55,242,73,1553627.93,43.44
2023-02-16,VIH3,40.7,46.8,40.7,46.0,33,32,217610.69,46.0
2023-02-16,W4G3,14950.0,15010.0,14860.0,14860.0,15,6,224250.0,14860.0
2023-02-16,W4H3,15100.0,15100.0,14950.0,14950.0,318,9,4775680.0,14950.0
2023-02-16,W4M3,15420.0,15450.0,15420.0,15450.0,5,4,77170.0,15420.0
2023-02-16,YNH3,19996.0,20317.0,19400.0,19795.0,17157,7424,341588954.0,19887.0
2023-02-16,YNM3,20272.0,20604.0,19757.0,20150.0,782,496,15788345.0,20237.0
2023-02-16,YNU3,20400.0,21582.0,20242.0,20400.0,55,40,1134557.0,20400.0
2023-02-17,AFH3,2721.0,2782.0,2715.0,2744.0,4663,1126,12803507.0,2746.0
2023-02-17,AFM3,2778.0,2818.0,2770.0,2792.0,203,96,566864.0,2792.0
2023-02-17,AFU3,2817.0,2818.0,2798.0,2799.0,31,11,87030.0,2799.0
2023-02-17,AKH3,12501.0,12680.0,12330.0,12640.0,1421,391,17875053.0,12640.0
2023-02-17,AKM3,12781.0,12781.0,12646.0,12646.0,3,3,38086.0,12815.0
2023-02-17,ALH3,5924.0,5986.0,5890.0,5962.0,3158,973,18791578.0,5969.0
2023-02-17,ALM3,6051.0,6100.0,6031.0,6085.0,400,176,2431341.0,6085.0
2023-02-17,ALU3,6261.0,6292.0,6143.0,6220.0,100,39,621435.0,6220.0
2023-02-17,AUH3,0.6865,0.6865,0.6865,0.6865,1,1,50969.19,0.6865
2023-02-17,BRF4,95.16,95.16,95.16,95.16,2,2,141303.08,95.16
2023-02-17,BRH3,86.38,86.62,82.83,83.66,229406,62384,14393657393.62,83.58
2023-02-17,BRJ3,87.66,88.09,84.87,85.46,8365,4753,536497495.41,85.48
2023-02-17,BRK3,88.75,89.17,86.07,86.6,446,325,28904439.98,86.61
2023-02-17,BRM3,89.89,90.47,87.96,87.99,129,117,8530758.1,88.43
2023-02-17,BRN3,89.97,89.99,88.98,88.99,8,8,530770.1,88.99
2023-02-17,BRQ3,91.0,91.0,90.9,90.9,4,4,270177.56,90.9
2023-02-17,BRU3,92.5,92.5,91.94,91.94,2,2,136937.48,91.94
2023-02-17,BRZ3,93.15,93.15,93.15,93.15,1,1,69159.22,93.15
2023-02-17,CHH3,96386.0,98801.0,95935.0,97585.0,203,158,19760510.0,97585.0
2023-02-17,CHM3,96900.0,99348.0,96900.0,99348.0,6,5,585735.0,98837.0
2023-02-17,CNYRUBF,10.88,10.92,10.74,10.77,40188,2351,434906590.0,10.76
2023-02-17,CRH3,10.929,10.954,10.755,10.796,3324676,93090,36067308698.0,10.797
2023-02-17,CRH4,11.7,11.7,11.56,11.56,21,9,244154.0,11.603
2023-02-17,CRM3,11.061,11.09,10.909,10.94,90181,4900,992714286.0,10.937
2023-02-17,CRM4,11.98,12.0,11.81,11.81,26,15,309057.0,11.81
2023-02-17,CRU3,11.286,11.323,11.109,11.133,425,69,4752049.0,11.141
2023-02-17,CRZ3,11.47,11.5,11.357,11.4,37,18,421891.0,11.4
2023-02-17,DXH3,12941.0,12991.0,12894.0,12894.0,19,14,194995.0,12907.0
2023-02-17,DYH3,6849.0,6850.0,6771.0,6786.0,113,27,768517.0,6786.0
2023-02-17,EDH3,1.0681,1.0703,1.0602,1.0671,130291,34573,10293563369.13,1.0671
2023-02-17,EDM3,1.0616,1.064,1.0544,1.0611,1164,825,91561436.17,1.0611
2023-02-17,EDU3,1.0607,1.0608,1.0561,1.0608,7,7,550214.84,1.0608
2023-02-17,EURRUBF,79.77,79.95,78.56,79.11,3729,1711,296164150.0,79.29
2023-02-17,EuH3,79397.0,79654.0,77736.0,78385.0,98713,37086,7761009998.0,78425.0
2023-02-17,EuM3,79384.0,79640.0,77728.0,78353.0,6249,1783,490278394.0,78387.0
2023-02-17,EuU3,80250.0,80250.0,79100.0,79490.0,30,30,2392740.0,79490.0
2023-02-17,EuZ3,79611.0,79927.0,79402.0,79927.0,4,4,318550.0,79927.0
2023-02-17,FSH3,8661.0,8759.0,8511.0,8702.0,178,70,1540738.0,8702.0
2023-02-17,FSM3,8810.0,8826.0,8810.0,8826.0,6,3,52940.0,8826.0
2023-02-17,FVH3,14129.0,14351.0,14043.0,14159.0,1099,497,15608384.0,14193.0
2023-02-17,FVM3,14471.0,14709.0,14453.0,14541.0,47,37,683332.0,14541.0
2023-02-17,GDH3,1848.9,1858.9,1836.0,1852.0,166244,43181,22788024929.53,1851.9
2023-02-17,GDM3,1849.8,1857.4,1835.9,1851.1,4826,2520,661040285.91,1851.1
2023-02-17,GDU3,1865.9,1875.1,1852.0,1870.0,91,79,12574712.36,1870.0
2023-02-17,GDZ3,1889.0,1895.3,1877.0,1890.0,62,50,8672959.38,1890.0
2023-02-17,GKH3,14419.0,14650.0,14384.0,14580.0,15925,6208,231440619.0,14600.0
2023-02-17,GKM3,14480.0,14861.0,14382.0,14632.0,122,63,1784153.0,14632.0
2023-02-17,GKU3,14700.0,14700.0,14700.0,14700.0,1,1,14700.0,14700.0
2023-02-17,GUH3,1.2016,1.2016,1.193,1.1999,36,16,3193812.09,1.1999
2023-02-17,GZH3,15400.0,15668.0,15360.0,15455.0,57636,20724,892600972.0,15443.0
2023-02-17,GZM3,15695.0,15957.0,15664.0,15744.0,1168,638,18419226.0,15739.0
2023-02-17,GZM4,16997.0,17208.0,15277.0,17208.0,47,45,793357.0,17208.0
2023-02-17,GZU3,15983.0,16062.0,15901.0,15939.0,56,23,895140.0,15933.0
2023-02-17,GZZ3,16267.0,16331.0,16223.0,16223.0,3,3,48821.0,16223.0
2023-02-17,HOH3,25190.0,25190.0,25170.0,25170.0,3,3,75530.0,25170.0
2023-02-17,HOU3,25020.0,25020.0,25020.0,25020.0,1,1,25020.0,25040.0
2023-02-17,HSH3,21507.0,21630.0,21065.0,21234.0,2361,464,4797161.18,21234.0
2023-02-17,HSM3,22745.0,23090.0,22204.0,22401.0,26,19,56027.0,22401.0
2023-02-17,HSU3,23000.0,23000.0,21581.0,22200.0,17,12,35530.98,22200.0
2023-02-17,HSZ3,23353.0,24300.0,23350.0,23400.0,14,6,32121.25,23450.0
2023-02-17,HYH3,7809.0,7877.0,7702.0,7838.0,1497,278,11668883.0,7856.0
2023-02-17,HYM3,7923.0,8008.0,7881.0,8008.0,11,8,87682.0,8008.0
2023-02-17,IRH3,33169.0,33319.0,32721.0,33036.0,124,80,4086202.0,32989.0
2023-02-17,IRM3,33020.0,33020.0,33020.0,33020.0,1,1,33020.0,33020.0
2023-02-17,JPH3,134.97,135.22,134.74,135.22,22,11,1654237.72,135.22
2023-02-17,LKH3,38453.0,38822.0,38241.0,38681.0,6655,4587,256908001.0,38747.0
2023-02-17,LKM3,39244.0,39548.0,39033.0,39500.0,117,105,4604066.0,39500.0
2023-02-17,LKU3,39393.0,39393.0,38501.0,38541.0,4,4,154976.0,39222.0
2023-02-17,MAH3,6493.0,6493.0,6493.0,6493.0,1,1,6493.0,6490.0
2023-02-17,MAM3,6771.0,6771.0,6078.0,6078.0,2,2,12849.0,6448.0
2023-02-17,MCH3,11917.0,12013.0,11741.0,11999.0,162,71,1932817.0,11991.0
2023-02-17,MEH3,10410.0,10746.0,10346.0,10699.0,3806,1026,40240660.0,10709.0
2023-02-17,MEM3,10519.0,10838.0,10466.0,10666.0,480,257,5121362.0,10710.0
2023-02-17,MGH3,36258.0,36999.0,36082.0,36666.0,458,249,16729150.0,36666.0
2023-02-17,MGM3,36769.0,37380.0,36753.0,37380.0,22,19,812297.0,37230.0
2023-02-17,MLH3,4586.0,4649.0,4539.0,4570.0,2242,484,10274399.0,4568.0
2023-02-17,MLM3,4665.0,4720.0,4629.0,4649.0,92,48,428812.0,4649.0
2023-02-17,MMH3,2167.7,2195.5,2156.55,2184.45,43604,10596,949286274.5,2184.5
2023-02-17,MMH4,2261.0,2261.0,2261.0,2261.0,3,3,67830.0,2261.0
2023-02-17,MMM3,2172.85,2204.65,2163.35,2197.5,408,250,8919092.5,2197.5
2023-02-17,MMU3,2196.15,2256.8,2196.15,2256.8,16,5,359378.0,2219.9
2023-02-17,MMU5,2500.0,2500.0,2500.0,2500.0,1,1,25000.0,2444.6
2023-02-17,MMZ3,2232.9,2232.9,2208.9,2208.9,9,4,199078.5,2219.9
2023-02-17,MMZ4,2351.9,2360.05,2351.9,2360.05,2,2,47119.5,2371.1
2023-02-17,MMZ5,2575.2,2575.2,2575.2,2575.2,5,3,128760.0,2421.3
2023-02-17,MNH3,4416.0,4483.0,4411.0,4451.0,9279,1521,41240030.0,4469.0
2023-02-17,MNM3,4494.0,4543.0,4413.0,4523.0,441,186,1983468.0,4525.0
2023-02-17,MNU3,4616.0,4628.0,4550.0,4550.0,36,12,165164.0,4550.0
2023-02-17,MTH3,24813.0,25187.0,24563.0,24940.0,485,216,12076470.0,25040.0
2023-02-17,MTM3,25178.0,25432.0,25041.0,25432.0,25,19,631245.0,25432.0
2023-02-17,MXH3,216750.0,219650.0,215900.0,218575.0,16276,9786,3544603125.0,218525.0
2023-02-17,MXM3,217300.0,220375.0,216450.0,219800.0,146,126,31917025.0,219800.0
2023-02-17,NAH3,12560.0,12568.0,12227.0,12250.0,107922,9274,989990173.46,12256.0
2023-02-17,NAM3,12014.0,12100.0,11750.0,11780.0,1237,293,10926641.25,11780.0
2023-02-17,NAU3,11948.0,12250.0,11802.0,11996.0,43,26,384126.55,11996.0
2023-02-17,NAZ3,12397.0,12439.0,12234.0,12300.0,20,13,182905.54,12300.0
2023-02-17,NGG3,2.563,2.567,2.347,2.366,1337165,212527,24142231811.37,2.366
2023-02-17,NGH3,2.806,2.81,2.624,2.642,229695,67664,4600879000.53,2.643
2023-02-17,NGJ3,3.086,3.086,2.926,2.943,5095,2481,113330146.7,2.94
2023-02-17,NGK3,3.403,3.438,3.2,3.268,1047,485,25827808.93,3.268
2023-02-17,NGM3,3.606,3.609,3.516,3.516,411,230,10866661.48,3.516
2023-02-17,NGN3,3.775,3.855,3.708,3.778,226,76,6378380.79,3.778
2023-02-17,NGQ3,3.8,3.899,3.8,3.87,16,7,460868.44,3.87
2023-02-17,NKH3,103748.0,104888.0,102750.0,104196.0,289,249,30049728.0,104167.0
2023-02-17,NKM3,104286.0,105796.0,104286.0,105796.0,3,3,315528.0,105446.0
2023-02-17,NMH3,11656.0,11903.0,11612.0,11780.0,2971,1208,34992048.0,11786.0
2023-02-17,NMM3,11948.0,12033.0,11889.0,11981.0,38,26,455080.0,11981.0
2023-02-17,NMU3,12174.0,12371.0,11860.0,11860.0,12,8,144839.0,11862.0
2023-02-17,OZH3,15942.0,16096.0,15654.0,15832.0,863,411,13700814.0,15859.0
2023-02-17,OZM3,16251.0,16349.0,16001.0,16115.0,58,40,939097.0,16117.0
2023-02-17,PDH3,1547.85,1582.99,1518.95,1555.55,449,325,51730117.07,1555.55
2023-02-17,PDM3,1663.67,1663.67,1613.73,1632.0,29,24,3490595.99,1632.0
2023-02-17,PDU3,1672.0,1767.0,1672.0,1754.0,8,6,1022353.67,1730.0
2023-02-17,PHH3,6430.0,6494.0,6370.0,6440.0,392,143,2520172.0,6442.0
2023-02-17,PHM3,6600.0,6700.0,6499.0,6612.0,44,23,290049.0,6612.0
2023-02-17,PIH3,6033.0,6078.0,5986.0,6077.0,182,67,1098470.0,6073.0
2023-02-17,PIM3,5801.0,5801.0,5801.0,5801.0,1,1,5801.0,6052.0
2023-02-17,POH3,4684.0,4776.0,4641.0,4724.0,22856,3578,107699150.0,4725.0
2023-02-17,POM3,4775.0,4855.0,4760.0,4829.0,366,185,1755643.0,4814.0
2023-02-17,PSH3,1501.0,1540.0,1488.0,1512.0,514,109,780314.0,1512.0
2023-02-17,PSM3,1546.0,1561.0,1492.0,1492.0,4,4,6159.0,1515.0
2023-02-17,PTH3,949.0,956.1,931.3,947.0,917,586,64044353.65,946.9
2023-02-17,PTM3,977.0,977.7,960.5,977.7,54,39,3885879.49,974.4
2023-02-17,PTU3,1017.3,1017.3,1017.3,1017.3,1,1,75529.44,1022.1
2023-02-17,PZH3,83826.0,86381.0,82900.0,85501.0,2317,1725,195921620.0,85796.0
2023-02-17,PZM3,85500.0,87899.0,84900.0,87123.0,66,58,5700412.0,87650.0
2023-02-17,RBH3,12752.0,12841.0,12751.0,12841.0,6,4,76599.0,12841.0
2023-02-17,RIH3,92180.0,93950.0,91400.0,93900.0,110862,67532,15293404425.11,93790.0
2023-02-17,RIH4,94500.0,94500.0,91440.0,91440.0,2,2,276102.31,92070.0
2023-02-17,RIM3,92200.0,94550.0,91750.0,94230.0,1068,796,147937617.83,94230.0
2023-02-17,RIU3,93310.0,94520.0,92690.0,94520.0,10,10,1389836.71,94520.0
2023-02-17,RIU4,97460.0,97460.0,97460.0,97460.0,1,1,144718.35,97460.0
2023-02-17,RIZ3,92240.0,94910.0,92240.0,94910.0,6,6,839814.9,94910.0
2023-02-17,RIZ4,97440.0,97440.0,97440.0,97440.0,2,2,289377.32,97440.0
2023-02-17,RLH3,3875.0,3934.0,3814.0,3870.0,2214,330,8571167.0,3871.0
2023-02-17,RLM3,4037.0,4047.0,3932.0,3965.0,50,13,200260.0,3965.0
2023-02-17,RMH3,925.0,940.0,916.5,938.0,17991,5430,248412497.29,938.5
2023-02-17,RMM3,926.0,944.5,920.0,943.5,488,279,6774960.08,943.5
2023-02-17,RMU3,938.0,962.5,915.5,936.5,21,18,294960.53,936.5
2023-02-17,RMZ3,948.0,948.0,948.0,948.0,1,1,14076.85,948.0
2023-02-17,RNH3,34370.0,34897.0,34170.0,34676.0,2997,1869,103777240.0,34751.0
2023-02-17,RNM3,34746.0,35190.0,34746.0,35190.0,43,16,1497824.0,35190.0
2023-02-17,RTH3,5749.0,5806.0,5701.0,5750.0,204,99,1176776.0,5760.0
2023-02-17,RTM3,5867.0,5919.0,5866.0,5883.0,40,12,235086.0,5883.0
2023-02-17,SAH3,34.31,34.9,34.3,34.58,9,9,316321.44,34.58
2023-02-17,SAK3,35.0,35.0,35.0,35.0,1,1,35560.0,33.5
2023-02-17,SEH3,1510.0,1520.0,1484.0,1500.0,163,20,245933.0,1500.0
2023-02-17,SFH3,409.8,410.5,404.69,405.3,97910,13587,2955674357.1,405.43
2023-02-17,SFM3,406.88,407.51,402.31,403.59,2642,1293,79339518.77,403.36
2023-02-17,SFU3,398.57,398.57,395.5,396.8,51,20,1499783.98,396.8
2023-02-17,SFZ3,397.01,397.01,395.04,395.1,12,9,352475.16,395.1
2023-02-17,SGH3,26928.0,27367.0,26921.0,27196.0,204,147,5546265.0,27160.0
2023-02-17,SGM3,27600.0,27800.0,27600.0,27696.0,3,3,83096.0,27714.0
2023-02-17,SNH3,21551.0,22030.0,21439.0,21715.0,2594,980,56617982.0,21773.0
2023-02-17,SNM3,21927.0,22406.0,21927.0,22300.0,59,45,1314850.0,22245.0
2023-02-17,SOH3,4179.0,4228.0,4140.0,4216.0,757,115,3178820.0,4216.0
2023-02-17,SOM3,4159.0,4360.0,4159.0,4325.0,103,35,447551.0,4325.0
2023-02-17,SPH3,15730.0,15939.0,15610.0,15859.0,9633,4911,152000079.0,15855.0
2023-02-17,SPM3,15920.0,16120.0,15764.0,16037.0,92,71,1468564.0,16039.0
2023-02-17,SRH3,15859.0,16131.0,15760.0,16016.0,289886,74445,4629802000.0,16038.0
2023-02-17,SRM3,16057.0,16313.0,15970.0,16201.0,3912,2587,63223128.0,16225.0
2023-02-17,SRU3,15701.0,16070.0,15700.0,15894.0,145,78,2299295.0,15893.0
2023-02-17,SRZ3,15907.0,16279.0,15907.0,16260.0,119,48,1919746.0,16257.0
2023-02-17,SSH3,2581.0,2620.0,2540.0,2571.0,463,103,1203516.0,2573.0
2023-02-17,SSM3,2636.0,2677.0,2536.0,2667.0,29,6,75497.0,2667.0
2023-02-17,SVH3,21.84,22.03,21.52,21.85,77263,12108,1245925002.42,21.83
2023-02-17,SVM3,21.9,22.12,21.61,21.88,3067,1228,49656920.37,21.88
2023-02-17,SVU3,22.7,22.72,22.28,22.43,78,52,1298819.72,22.43
2023-02-17,SVZ3,23.37,23.53,23.01,23.01,24,8,416529.35,23.13
2023-02-17,SXH3,4219.9,4239.9,4200.0,4229.3,304,81,1013341.23,4229.3
2023-02-17,SXM3,4098.0,4242.6,4098.0,4242.6,7,3,22851.1,4180.7
2023-02-17,SiH3,74186.0,74567.0,73158.0,73317.0,2293733,362941,169358000827.0,73349.0
2023-02-17,SiH4,78690.0,78690.0,77911.0,78189.0,15,7,1175324.0,77892.0
2023-02-17,SiM3,74848.0,75242.0,73768.0,73832.0,73782,15705,5493923069.0,73862.0
2023-02-17,SiM4,79482.0,79500.0,78542.0,79042.0,12,12,950549.0,78841.0
2023-02-17,SiU3,76046.0,76426.0,75150.0,75211.0,433,272,32755686.0,75209.0
2023-02-17,SiU4,81512.0,81512.0,80000.0,80000.0,8,8,645268.0,80100.0
2023-02-17,SiZ3,77347.0,77598.0,76332.0,76681.0,116,70,8935169.0,76681.0
2023-02-17,SiZ4,80550.0,80989.0,79044.0,80989.0,12,10,959607.0,80989.0
2023-02-17,TIH3,25165.0,25176.0,24779.0,24854.0,575,279,14401062.0,24870.0
2023-02-17,TIM3,25020.0,25119.0,25020.0,25079.0,5,5,125434.0,24969.0
2023-02-17,TNH3,91000.0,91000.0,89333.0,89333.0,2,2,180333.0,89562.0
2023-02-17,TRH3,19.5585,19.5585,19.5585,19.5585,1,1,77572.92,19.5585
2023-02-17,TRM3,22.9,22.9,22.9,22.9,1,1,90825.98,21.1309
2023-02-17,TTH3,31572.0,32079.0,31570.0,31901.0,922,549,29371344.0,31923.0
2023-02-17,TTM3,32256.0,32744.0,32250.0,32570.0,26,22,842188.0,32570.0
2023-02-17,TTU3,32900.0,32900.0,32900.0,32900.0,1,1,32900.0,32900.0
2023-02-17,UCH3,6.82,6.866,6.804,6.83,13233,4953,973433895.74,6.83
2023-02-17,USDRUBF,74.72,75.14,73.81,74.15,39132,10945,2916901780.0,74.25
2023-02-17,VBH3,1603.0,1629.0,1596.0,1606.0,89367,9059,144015996.0,1614.0
2023-02-17,VBM3,1639.0,1662.0,1630.0,1642.0,3126,877,5145555.0,1647.0
2023-02-17,VBU3,1695.0,1719.0,1686.0,1700.0,510,142,867069.0,1705.0
2023-02-17,VIH3,45.3,45.3,41.1,42.0,64,53,405385.15,42.0
2023-02-17,W4G3,14830.0,14830.0,14830.0,14830.0,1,1,14830.0,14830.0
2023-02-17,W4H3,15000.0,15080.0,14980.0,14980.0,214,7,3208760.0,14980.0
2023-02-17,W4K3,15370.0,15370.0,14890.0,14890.0,2,2,30260.0,14910.0
2023-02-17,W4M3,15450.0,15450.0,15440.0,15440.0,21,2,324440.0,15440.0
2023-02-17,YNH3,19780.0,20000.0,19691.0,19841.0,5805,2859,115155195.0,19814.0
2023-02-17,YNM3,20196.0,20347.0,20061.0,20214.0,424,269,8551746.0,20175.0
2023-02-17,YNU3,20350.0,20534.0,20303.0,20500.0,17,17,346877.0,20500.0
2023-02-20,AFH3,2742.0,2771.0,2706.0,2754.0,3227,914,8840543.0,2759.0
2023-02-20,AFM3,2792.0,2813.0,2757.0,2805.0,221,96,616773.0,2805.0
2023-02-20,AFU3,2909.0,2909.0,2701.0,2840.0,16,8,44876.0,2839.0
2023-02-20,AKH3,12591.0,12892.0,12390.0,12805.0,2100,472,26373555.0,12774.0
2023-02-20,AKM3,12829.0,13013.0,12423.0,13013.0,399,135,5030126.0,12992.0
2023-02-20,ALH3,5972.0,6031.0,5859.0,5959.0,10423,2921,61895856.0,5956.0
2023-02-20,ALM3,6095.0,6147.0,5976.0,6078.0,569,234,3434693.0,6078.0
2023-02-20,ALU3,6220.0,6279.0,6137.0,6277.0,57,30,354339.0,6207.0
2023-02-20,BRF4,95.89,95.89,95.89,95.89,1,1,71571.53,95.89
2023-02-20,BRG4,95.04,95.92,95.04,95.92,2,2,142531.02,95.53
2023-02-20,BRH3,83.76,84.64,83.05,84.09,144895,42112,9089776265.29,84.11
2023-02-20,BRJ3,85.7,86.26,85.14,85.67,3646,2171,233536515.29,85.66
2023-02-20,BRK3,87.14,87.35,86.33,87.0,176,162,11436546.56,87.0
2023-02-20,BRM3,89.06,89.3,88.3,88.73,43,43,2853075.94,88.73
2023-02-20,BRN3,89.99,91.0,89.38,89.38,9,9,603928.18,89.46
2023-02-20,BRQ3,90.59,90.59,90.59,90.59,1,1,67615.65,90.9
2023-02-20,BRU3,91.68,91.68,91.68,91.68,1,1,68429.22,91.68
2023-02-20,BRX3,94.85,94.85,94.85,94.85,1,1,70795.28,94.85
2023-02-20,CFH3,0.911,0.911,0.911,0.911,1,1,73017.29,0.9233
2023-02-20,CHH3,97706.0,98940.0,96000.0,98372.0,334,265,32508224.0,98699.0
2023-02-20,CHM3,98114.0,98871.0,98114.0,98871.0,2,2,196985.0,99000.0
2023-02-20,CNYRUBF,10.77,10.92,10.69,10.89,38012,3064,410203920.0,10.88
2023-02-20,CRH3,10.793,10.945,10.728,10.916,2185715,81404,23658148460.0,10.913
2023-02-20,CRH4,11.555,11.555,11.52,11.555,16,3,184845.0,11.6
2023-02-20,CRM3,10.933,11.101,10.863,11.065,93945,4493,1030666262.0,11.065
2023-02-20,CRM4,11.8,11.807,11.8,11.807,4,3,47214.0,11.807
2023-02-20,CRU3,11.184,11.32,11.128,11.23,201,100,2255810.0,11.243
2023-02-20,CRZ3,11.409,11.64,11.33,11.52,54,37,618298.0,11.52
2023-02-20,DXH3,12908.0,13019.0,12908.0,12910.0,17,15,175245.81,12911.0
2023-02-20,DXM3,12562.0,13312.0,12562.0,13299.0,3,3,31214.61,12804.0
2023-02-20,DYH3,6800.0,6829.0,6735.0,6785.0,92,39,624477.0,6793.0
2023-02-20,EDH3,1.0669,1.0704,1.0661,1.0682,65003,20880,5183127305.41,1.0681
2023-02-20,EDM3,1.0605,1.0647,1.0605,1.064,700,544,55521675.05,1.0638
2023-02-20,EDU3,1.0647,1.0681,1.0647,1.068,5,5,398088.19,1.068
2023-02-20,EURRUBF,79.08,79.82,78.65,79.71,2327,1220,184189770.0,79.69
2023-02-20,EuH3,78443.0,79476.0,77736.0,79287.0,74486,28677,5851794573.0,79253.0
2023-02-20,EuM3,78400.0,79424.0,77739.0,79332.0,7080,2127,555171469.0,79266.0
2023-02-20,EuU3,79259.0,80027.0,78900.0,80027.0,23,23,1826334.0,80083.0
2023-02-20,FSH3,8646.0,8685.0,8532.0,8685.0,169,40,1453438.0,8672.0
2023-02-20,FSM3,8750.0,8864.0,8730.0,8864.0,55,7,484222.0,8864.0
2023-02-20,FVH3,14159.0,14323.0,13989.0,14240.0,710,272,10038225.0,14202.0
2023-02-20,FVM3,14547.0,14547.0,14311.0,14545.0,26,22,374733.0,14545.0
2023-02-20,GDH3,1852.2,1862.8,1850.1,1856.9,92441,22335,12816529232.5,1856.4
2023-02-20,GDM3,1852.4,1861.8,1849.4,1855.5,5714,1374,791568482.43,1855.3
2023-02-20,GDU3,1867.3,1875.4,1867.3,1871.1,57,54,7959524.26,1871.0
2023-02-20,GDZ3,1882.7,1896.0,1872.6,1893.3,99,62,13949081.15,1893.2
2023-02-20,GKH3,14582.0,14726.0,14343.0,14662.0,16262,6134,235687769.0,14663.0
2023-02-20,GKM3,14674.0,14852.0,14272.0,14767.0,176,86,2567367.0,14735.0
2023-02-20,GKU3,14680.0,14680.0,14631.0,14631.0,4,3,58581.0,14682.0
2023-02-20,GOH3,4818.6,4818.8,4305.8,4306.1,58,24,2660430.0,4597.4
2023-02-20,GUH3,1.2018,1.215,1.201,1.201,19,10,1717522.65,1.201
2023-02-20,GZH3,15459.0,15527.0,15238.0,15486.0,58031,21130,892264440.0,15492.0
2023-02-20,GZM3,15754.0,15822.0,15548.0,15780.0,3539,1576,55503017.0,15790.0
2023-02-20,GZM4,16901.0,17228.0,16900.0,17228.0,10,6,170051.0,17228.0
2023-02-20,GZU3,15944.0,15962.0,15580.0,15902.0,66,34,1040619.0,15902.0
2023-02-20,GZU4,17032.0,17250.0,17032.0,17250.0,4,4,68346.0,17250.0
2023-02-20,GZZ3,16039.0,16120.0,16001.0,16120.0,4,4,64162.0,16120.0
2023-02-20,GZZ4,17890.0,17890.0,17890.0,17890.0,2,2,35780.0,17890.0
2023-02-20,HOH3,25180.0,25190.0,25180.0,25190.0,3,2,75560.0,25190.0
2023-02-20,HSH3,21237.0,21550.0,20921.0,21180.0,2971,426,5963615.31,21180.0
2023-02-20,HSM3,22497.0,22499.0,21750.0,22400.0,13,9,27253.82,22400.0
2023-02-20,HSU3,22250.0,22250.0,22000.0,22000.0,4,3,8405.52,22000.0
2023-02-20,HSZ3,23450.0,24100.0,23450.0,24050.0,3,3,6781.24,23050.0
2023-02-20,HYH3,7862.0,7938.0,7815.0,7921.0,906,229,7137527.0,7922.0
2023-02-20,HYM3,7978.0,8116.0,7978.0,8080.0,185,74,1486114.0,8080.0
2023-02-20,IRH3,33313.0,33412.0,32822.0,33117.0,157,80,5191711.0,33180.0
2023-02-20,IRM3,33465.0,33465.0,33000.0,33000.0,2,2,66465.0,33001.0
2023-02-20,JPH3,135.95,135.95,133.71,133.76,23,17,1708248.49,133.76
2023-02-20,JPM3,133.55,133.55,133.53,133.53,3,3,220677.52,133.53
2023-02-20,LKH3,38813.0,39495.0,38206.0,39316.0,11029,6703,427998326.0,39382.0
2023-02-20,LKM3,39441.0,40213.0,39000.0,40106.0,225,163,8887025.0,40149.0
2023-02-20,LKU3,39222.0,39330.0,39222.0,39330.0,5,5,196541.0,40924.0
2023-02-20,LKZ3,39500.0,39900.0,39500.0,39900.0,2,2,79400.0,39900.0
2023-02-20,MAH3,6107.0,6448.0,6106.0,6448.0,5,5,31386.0,6447.0
2023-02-20,MCH3,11999.0,12056.0,11672.0,11941.0,481,245,5681187.0,11953.0
2023-02-20,MEH3,10707.0,10800.0,10500.0,10774.0,4246,1052,45214014.0,10729.0
2023-02-20,MEM3,10725.0,10780.0,10551.0,10780.0,76,66,809989.0,10705.0
2023-02-20,MGH3,36717.0,37400.0,34800.0,37389.0,733,401,26855701.0,37256.0
2023-02-20,MGM3,36921.0,37760.0,36594.0,37643.0,19,19,703956.0,37660.0
2023-02-20,MLH3,4567.0,4627.0,4489.0,4618.0,2955,667,13455501.0,4602.0
2023-02-20,MLM3,4654.0,4700.0,4585.0,4691.0,228,110,1054480.0,4691.0
2023-02-20,MMH3,2185.0,2197.9,2148.7,2187.0,57700,14290,1253084035.5,2187.25
2023-02-20,MMH4,2272.95,2272.95,2272.95,2272.95,1,1,22729.5,2273.0
2023-02-20,MMH5,2395.05,2395.05,2336.15,2336.15,6,4,142085.5,2368.3
2023-02-20,MMM3,2192.15,2204.45,2163.45,2199.9,381,237,8306277.0,2197.8
2023-02-20,MMM4,2305.55,2305.55,2305.55,2305.55,1,1,23055.5,2305.55
2023-02-20,MMU3,2200.0,2237.15,2189.45,2234.75,25,14,556976.0,2234.75
2023-02-20,MMZ3,2244.0,2244.0,2184.45,2218.65,39,13,857160.5,2218.65
2023-02-20,MMZ4,2372.0,2372.0,2372.0,2372.0,1,1,23720.0,2372.0
2023-02-20,MNH3,4460.0,4498.0,4424.0,4494.0,8413,1901,37491298.0,4492.0
2023-02-20,MNM3,4527.0,4559.0,4485.0,4553.0,263,129,1191208.0,4553.0
2023-02-20,MNU3,4571.0,4599.0,4521.0,4599.0,16,14,73032.0,4599.0
2023-02-20,MTH3,25076.0,25076.0,24441.0,24767.0,838,332,20707057.0,24767.0
2023-02-20,MTM3,25070.0,25104.0,24880.0,25104.0,15,12,375034.0,25149.0
2023-02-20,MXH3,218650.0,219850.0,215050.0,218725.0,21973,13443,4776320350.0,218750.0
2023-02-20,MXM3,219800.0,220375.0,216250.0,219650.0,184,172,40167975.0,219600.0
2023-02-20,MXU3,220000.0,220000.0,216300.0,219500.0,6,6,1312225.0,219500.0
2023-02-20,NAH3,12244.0,12339.0,12185.0,12300.0,42006,4563,384639334.16,12305.0
2023-02-20,NAM3,11776.0,11850.0,11700.0,11835.0,358,133,3139932.65,11835.0
2023-02-20,NAU3,11801.0,11956.0,11777.0,11777.0,15,12,133364.2,11784.0
2023-02-20,NAZ3,12163.0,12163.0,12159.0,12159.0,2,2,18153.7,12234.0
2023-02-20,NGG3,2.366,2.374,2.232,2.287,786933,144628,13505199210.69,2.284
2023-02-20,NGH3,2.641,2.66,2.49,2.519,251205,70998,4785955741.39,2.521
2023-02-20,NGJ3,2.934,2.959,2.78,2.81,6230,2972,132301556.69,2.81
2023-02-20,NGK3,3.307,3.307,3.012,3.101,1142,594,26604277.18,3.101
2023-02-20,NGM3,3.531,3.531,3.268,3.396,752,418,19060575.43,3.397
2023-02-20,NGN3,3.738,3.773,3.582,3.63,140,54,3832051.12,3.63
2023-02-20,NGQ3,3.9,3.901,3.699,3.749,60,26,1681307.56,3.749
2023-02-20,NKH3,104196.0,104359.0,102215.0,104196.0,513,399,52961668.0,104117.0
2023-02-20,NKM3,105855.0,106000.0,103992.0,105209.0,14,13,1466995.0,104252.0
2023-02-20,NMH3,11752.0,11885.0,11485.0,11814.0,2274,1108,26525586.0,11825.0
2023-02-20,NMM3,11956.0,12064.0,11690.0,12064.0,53,29,630085.0,12032.0
2023-02-20,NMU3,11583.0,11583.0,11583.0,11583.0,1,1,11583.0,12298.0
2023-02-20,OGH3,5650.0,5650.0,5590.0,5590.0,3,3,16890.0,5521.0
2023-02-20,OZH3,15839.0,15960.0,15500.0,15718.0,1017,429,15954497.0,15669.0
2023-02-20,OZM3,16200.0,16255.0,15853.0,15938.0,18,15,288991.0,15950.0
2023-02-20,PDH3,1555.04,1580.0,1533.0,1552.0,217,127,25340706.44,1556.0
2023-02-20,PDM3,1639.98,1640.0,1633.56,1634.91,10,10,1223164.54,1634.91
2023-02-20,PHH3,6436.0,6458.0,6305.0,6393.0,743,234,4723387.0,6390.0
2023-02-20,PHM3,6596.0,6800.0,6442.0,6538.0,75,28,495412.0,6538.0
2023-02-20,PIH3,6017.0,6043.0,5917.0,6009.0,309,119,1842795.0,6000.0
2023-02-20,PIM3,6054.0,6054.0,5810.0,6029.0,7,7,41777.0,6029.0
2023-02-20,POH3,4719.0,4834.0,4597.0,4750.0,34670,5251,162740173.0,4748.0
2023-02-20,POM3,4843.0,4933.0,4699.0,4834.0,1549,594,7494781.0,4848.0
2023-02-20,PSH3,1508.0,1529.0,1471.0,1517.0,1540,102,2290130.0,1506.0
2023-02-20,PSM3,1596.0,1620.0,1519.0,1519.0,96,15,146638.0,1519.0
2023-02-20,PTH3,948.8,959.6,942.7,950.7,892,480,63307596.28,949.7
2023-02-20,PTM3,974.4,983.0,971.6,979.0,16,15,1167118.24,978.7
2023-02-20,PZH3,85653.0,89942.0,84710.0,89621.0,3454,2625,300896495.0,89592.0
2023-02-20,PZM3,87653.0,91400.0,86430.0,91186.0,155,136,13684172.0,91259.0
2023-02-20,RBH3,12840.0,12840.0,12840.0,12840.0,1,1,12840.0,12839.0
2023-02-20,RIH3,93910.0,94430.0,92090.0,93100.0,112233,66805,15601640503.49,93100.0
2023-02-20,RIM3,94280.0,94720.0,92480.0,93430.0,1493,1093,208679045.15,93450.0
2023-02-20,RIU3,94610.0,94610.0,93000.0,93500.0,20,20,2798380.33,93500.0
2023-02-20,RIZ3,93070.0,93780.0,93070.0,93780.0,3,3,418844.21,93780.0
2023-02-20,RLH3,3885.0,3990.0,3776.0,3985.0,4654,740,18232402.0,3978.0
2023-02-20,RLM3,3921.0,4094.0,3838.0,3971.0,102,23,398800.0,4060.0
2023-02-20,RMH3,939.0,944.5,922.5,933.5,22107,6221,308150355.81,933.0
2023-02-20,RMM3,943.5,947.0,926.5,938.0,645,299,9026790.2,937.5
2023-02-20,RMU3,961.5,964.0,940.0,940.0,6,6,84894.63,940.0
2023-02-20,RNH3,34679.0,35093.0,34096.0,35060.0,4074,2576,140914664.0,35042.0
2023-02-20,RNM3,35174.0,36709.0,34500.0,35507.0,206,114,7303395.0,35507.0
2023-02-20,RNU3,35222.0,35400.0,32280.0,34029.0,8,8,272126.0,34555.0
2023-02-20,RNZ4,37000.0,37000.0,37000.0,37000.0,1,1,37000.0,37005.0
2023-02-20,RTH3,5765.0,5960.0,5611.0,5720.0,1116,415,6380276.0,5765.0
2023-02-20,RTM3,5871.0,5871.0,5102.0,5790.0,796,149,4395521.0,5790.0
2023-02-20,SAH3,34.6,34.84,34.07,34.07,14,14,488970.32,34.1
2023-02-20,SAK3,35.0,35.0,35.0,35.0,1,1,35560.0,32.2
2023-02-20,SEH3,1486.0,1490.0,1363.0,1473.0,217,33,315602.0,1480.0
2023-02-20,SEM3,1375.0,1375.0,1375.0,1375.0,3,2,4125.0,1376.0
2023-02-20,SFH3,405.26,407.28,404.46,406.51,35476,6087,1075007066.03,406.65
2023-02-20,SFM3,403.02,405.87,402.77,403.86,2059,999,62114189.65,403.82
2023-02-20,SFU3,396.77,397.07,387.79,396.13,79,51,2324142.0,396.13
2023-02-20,SFZ3,393.02,396.0,393.02,396.0,3,3,88447.96,396.0
2023-02-20,SGH3,27153.0,27247.0,26848.0,27125.0,455,283,12291106.0,27130.0
2023-02-20,SGM3,27594.0,27700.0,27328.0,27700.0,3,3,82622.0,27700.0
2023-02-20,SLH3,69.61,69.61,69.61,69.61,1,1,6961.0,63.2
2023-02-20,SNH3,21734.0,22548.0,21542.0,22385.0,4366,1500,95765092.0,22336.0
2023-02-20,SNM3,22097.0,22936.0,22089.0,22920.0,12,11,270079.0,22846.0
2023-02-20,SOH3,4238.0,4260.0,4128.0,4216.0,1401,181,5876836.0,4216.0
2023-02-20,SOM3,4291.0,4368.0,4083.0,4179.0,108,28,454347.0,4179.0
2023-02-20,SPH3,15865.0,15902.0,15561.0,15902.0,9930,4567,156142340.0,15877.0
2023-02-20,SPM3,16037.0,16074.0,15699.0,16034.0,131,71,2075686.0,16034.0
2023-02-20,SRH3,16009.0,16175.0,15750.0,16129.0,313179,81517,4990803032.0,16115.0
2023-02-20,SRM3,16190.0,16363.0,15966.0,16313.0,5134,3126,82935086.0,16309.0
2023-02-20,SRU3,15875.0,15973.0,15610.0,15856.0,287,121,4529972.0,15844.0
2023-02-20,SRZ3,16223.0,16300.0,15875.0,16104.0,253,90,4058643.0,16093.0
2023-02-20,SSH3,2568.0,2579.0,2480.0,2538.0,1617,300,4062545.0,2544.0
2023-02-20,SSM3,2555.0,2555.0,2428.0,2500.0,105,28,261179.0,2500.0
2023-02-20,SVH3,21.85,22.18,21.84,22.08,47035,8263,774332750.18,22.09
2023-02-20,SVM3,21.93,22.18,21.87,22.09,3259,1150,53548550.84,22.09
2023-02-20,SVU3,22.52,22.71,22.52,22.68,35,24,590873.74,22.68
2023-02-20,SVZ3,23.5,23.97,23.5,23.63,44,14,775889.33,23.63
2023-02-20,SXH3,4230.0,4260.0,4190.0,4201.1,659,83,2209678.0,4201.1
2023-02-20,SXM3,3970.4,4241.4,3970.4,4241.4,2,2,6543.16,4152.8
2023-02-20,SXU3,4200.0,4230.0,4200.0,4230.0,8,3,26868.08,4133.2
2023-02-20,SiH3,73368.0,74328.0,72560.0,74032.0,1273562,321074,93451253157.0,74040.0
2023-02-20,SiH4,77530.0,78034.0,77194.0,78000.0,68,36,5295194.0,78000.0
2023-02-20,SiM3,73823.0,74720.0,73125.0,74480.0,96683,23117,7148355072.0,74486.0
2023-02-20,SiM4,78644.0,79533.0,77999.0,79497.0,31,15,2452344.0,79497.0
2023-02-20,SiU3,75195.0,76029.0,74401.0,75932.0,558,387,42049141.0,75818.0
2023-02-20,SiU4,80338.0,80728.0,79741.0,80728.0,12,12,964109.0,81000.0
2023-02-20,SiZ3,76606.0,77355.0,76010.0,77120.0,213,154,16304898.0,77120.0
2023-02-20,SiZ4,81514.0,84291.0,81514.0,81948.0,11,11,910900.0,82000.0
2023-02-20,TIH3,24917.0,25064.0,24238.0,24885.0,924,382,22791017.0,24885.0
2023-02-20,TIM3,24480.0,24480.0,24480.0,24480.0,1,1,24480.0,24892.0
2023-02-20,TNH3,93960.0,93960.0,87381.0,88800.0,22,18,1952184.0,88825.0
2023-02-20,TNM3,94000.0,94000.0,94000.0,94000.0,1,1,94000.0,91664.0
2023-02-20,TTH3,31862.0,31953.0,31343.0,31660.0,1356,795,42838769.0,31593.0
2023-02-20,TTM3,32541.0,33162.0,31961.0,32318.0,341,207,11029643.0,32255.0
2023-02-20,TTU3,33781.0,33781.0,32655.0,32655.0,4,4,132087.0,32655.0
2023-02-20,UCH3,6.826,6.837,6.781,6.819,3938,1827,292037602.93,6.819
2023-02-20,USDRUBF,74.13,74.77,73.38,74.64,41706,12181,3085751360.0,74.64
2023-02-20,VBH3,1611.0,1646.0,1601.0,1639.0,136745,11960,221825930.0,1638.0
2023-02-20,VBM3,1643.0,1674.0,1634.0,1669.0,5859,1168,9669932.0,1671.0
2023-02-20,VBU3,1704.0,1706.0,1666.0,1701.0,1080,161,1820006.0,1703.0
2023-02-20,VIH3,41.25,44.0,41.25,43.9,52,35,333741.75,43.9
2023-02-20,W4G3,14860.0,14910.0,14840.0,14840.0,8,6,118980.0,14860.0
2023-02-20,W4H3,15080.0,15080.0,14990.0,14990.0,5,5,75160.0,14990.0
2023-02-20,W4J3,15240.0,15240.0,14900.0,15020.0,4,4,60170.0,15020.0
2023-02-20,W4K3,15360.0,15360.0,15020.0,15020.0,2,2,30380.0,15060.0
2023-02-20,YNH3,19813.0,19918.0,19261.0,19612.0,8092,3925,158475069.0,19698.0
2023-02-20,YNM3,20179.0,20216.0,19630.0,20069.0,306,222,6089775.0,20062.0
2023-02-20,YNU3,20525.0,20525.0,20102.0,20500.0,18,16,365774.0,20500.0
2023-02-21,AFH3,2758.0,2824.0,2736.0,2776.0,5974,1200,16631962.0,2782.0
2023-02-21,AFM3,2809.0,2862.0,2783.0,2825.0,119,80,336900.0,2825.0
2023-02-21,AFU3,2879.0,2885.0,2754.0,2799.0,9,7,25421.0,2799.0
2023-02-21,AKH3,12806.0,13030.0,12695.0,12953.0,1023,318,13197678.0,12998.0
2023-02-21,AKM3,12935.0,13211.0,12500.0,12950.0,181,99,2340855.0,12959.0
2023-02-21,ALH3,5956.0,6061.0,5910.0,6029.0,6885,1612,41303461.0,6002.0
2023-02-21,ALM3,6077.0,6174.0,6039.0,6119.0,601,229,3670272.0,6110.0
2023-02-21,ALU3,6202.0,6698.0,6199.0,6698.0,33,14,206476.0,6299.0
2023-02-21,BRG4,94.91,94.91,94.91,94.91,1,1,71220.84,94.91
2023-02-21,BRH3,84.0,84.57,83.16,83.43,146933,41385,9252200977.89,83.48
2023-02-21,BRJ3,85.54,85.93,84.76,84.93,6510,2942,417161226.47,84.99
2023-02-21,BRK3,86.9,87.13,86.19,86.55,112,107,7293199.05,86.51
2023-02-21,BRM3,88.7,89.06,88.09,88.09,27,27,1795641.72,88.14
2023-02-21,BRN3,89.5,89.75,89.5,89.6,8,8,537844.57,89.6
2023-02-21,BRQ3,91.0,91.0,91.0,91.0,1,1,68286.76,91.0
2023-02-21,BRU3,92.98,93.02,91.48,93.02,3,3,208222.1,92.78
2023-02-21,BRX3,95.43,95.43,95.43,95.43,1,1,71611.05,95.25
2023-02-21,BRZ3,95.54,95.9,95.54,95.9,5,3,359533.56,95.22
2023-02-21,CHH3,98264.0,101862.0,98058.0,100872.0,484,410,48568174.0,100872.0
2023-02-21,CHM3,99977.0,102604.0,99977.0,102174.0,10,10,1013444.0,102170.0
2023-02-21,CNYRUBF,10.88,10.93,10.79,10.84,53690,2333,582727350.0,10.85
2023-02-21,CRH3,10.907,10.96,10.815,10.861,2825735,91031,30730425596.0,10.868
2023-02-21,CRH4,11.69,11.739,11.566,11.59,20,19,233338.0,11.64
2023-02-21,CRM3,11.061,11.108,10.969,10.999,162550,5228,1793970357.0,11.003
2023-02-21,CRM4,11.95,12.05,11.95,12.05,5,5,59985.0,11.98
2023-02-21,CRU3,11.29,11.361,11.105,11.25,322,180,3625029.0,11.25
2023-02-21,CRZ3,11.481,11.481,11.42,11.47,7,7,80186.0,11.47
2023-02-21,DXH3,12911.0,12958.0,12864.0,12902.0,14,12,144974.06,12902.0
2023-02-21,DXM3,12566.0,12566.0,12566.0,12566.0,1,1,10070.39,12955.0
2023-02-21,DYH3,6819.0,6875.0,6788.0,6848.0,120,47,819672.0,6848.0
2023-02-21,EDH3,1.0682,1.07,1.0638,1.0689,60981,17900,4879036701.23,1.0688
2023-02-21,EDM3,1.064,1.0651,1.0605,1.0642,996,632,79406235.84,1.0638
2023-02-21,EDU3,1.0681,1.0788,1.0679,1.0702,65,25,5229452.79,1.0702
2023-02-21,EURRUBF,79.67,80.07,79.1,80.01,2228,1141,177438270.0,80.14
2023-02-21,EuH3,79206.0,79586.0,78450.0,79288.0,71493,25677,5648620659.0,79319.0
2023-02-21,EuM3,79146.0,79561.0,78458.0,79309.0,2305,1224,182334366.0,79303.0
2023-02-21,EuM4,81761.0,83199.0,81761.0,83199.0,2,2,164960.0,83199.0
2023-02-21,EuU3,79600.0,79600.0,79500.0,79500.0,5,3,397651.0,80142.0
2023-02-21,FSH3,8636.0,8850.0,8636.0,8752.0,122,37,1073619.0,8724.0
2023-02-21,FSM3,8877.0,8877.0,8766.0,8766.0,2,2,17643.0,8766.0
2023-02-21,FVH3,14247.0,14686.0,14203.0,14610.0,1203,473,17420492.0,14595.0
2023-02-21,FVM3,14559.0,15000.0,14550.0,15000.0,87,27,1291299.0,14974.0
2023-02-21,GDH3,1856.7,1861.0,1846.5,1857.2,97148,26885,13506744564.44,1856.3
2023-02-21,GDM3,1855.7,1859.8,1846.0,1855.1,9640,2316,1338998319.37,1855.1
2023-02-21,GDU3,1869.0,1872.9,1861.9,1869.8,31,26,4342843.11,1869.8
2023-02-21,GDZ3,1890.0,1890.0,1882.3,1888.5,24,17,3394835.21,1888.5
2023-02-21,GKH3,14656.0,14826.0,14581.0,14762.0,12068,4819,177895300.0,14776.0
2023-02-21,GKM3,14636.0,14947.0,14635.0,14947.0,62,46,918015.0,14863.0
2023-02-21,GKU3,14800.0,14980.0,14700.0,14750.0,30,11,444504.0,14750.0
2023-02-21,GUH3,1.199,1.2104,1.199,1.2103,43,17,3877172.36,1.2103
2023-02-21,GUM3,1.2169,1.2169,1.18,1.1803,3,3,268434.51,1.2101
2023-02-21,GZH3,15491.0,15736.0,15368.0,15518.0,70170,26567,1093805735.0,15537.0
2023-02-21,GZH4,16218.0,16958.0,15755.0,16958.0,4,4,65889.0,16958.0
2023-02-21,GZH5,18287.0,18287.0,18287.0,18287.0,1,1,18287.0,18276.0
2023-02-21,GZM3,15785.0,16024.0,15667.0,15816.0,3236,1463,51287657.0,15834.0
2023-02-21,GZU3,15850.0,15993.0,15850.0,15900.0,4,4,63644.0,15900.0
2023-02-21,GZU5,18802.0,19006.0,18729.0,18729.0,3,3,56537.0,18729.0
2023-02-21,GZZ3,16134.0,16488.0,16134.0,16205.0,5,5,81744.0,16205.0
2023-02-21,HOH3,25190.0,25190.0,25040.0,25190.0,3,3,75420.0,25180.0
2023-02-21,HSH3,21188.0,21270.0,21034.0,21132.0,1484,244,2998427.67,21132.0
2023-02-21,HSM3,22449.0,22449.0,22196.0,22448.0,16,9,34031.07,22448.0
2023-02-21,HSU3,21999.0,22100.0,21860.0,21950.0,12,7,25196.83,21950.0
2023-02-21,HSZ3,23050.0,23400.0,23050.0,23400.0,21,3,46949.21,23400.0
2023-02-21,HYH3,7923.0,8066.0,7871.0,7934.0,1278,265,10210479.0,7934.0
2023-02-21,HYM3,8075.0,8165.0,8075.0,8126.0,27,14,219094.0,8100.0
2023-02-21,IRH3,33091.0,33761.0,33073.0,33711.0,89,49,2979379.0,33635.0
2023-02-21,IRM3,34439.0,34439.0,34439.0,34439.0,1,1,34439.0,34129.0
2023-02-21,JPH3,134.04,134.71,134.04,134.71,8,7,599854.52,134.71
2023-02-21,JPM3,134.39,134.5,134.39,134.5,4,3,299877.09,134.5
2023-02-21,LKH3,39283.0,39725.0,39000.0,39285.0,8030,5236,316570947.0,39322.0
2023-02-21,LKM3,40102.0,40486.0,39913.0,40191.0,120,110,4822774.0,40102.0
2023-02-21,LKU3,40198.0,40486.0,38203.0,40486.0,4,4,159371.0,40280.0
2023-02-21,LKZ3,43524.0,43524.0,39006.0,39006.0,2,2,82530.0,41726.0
2023-02-21,MAH3,6450.0,6450.0,6151.0,6151.0,2,2,12601.0,6447.0
2023-02-21,MCH3,12232.0,12482.0,11864.0,12328.0,325,149,3955538.0,12296.0
2023-02-21,MCM3,11732.0,12846.0,11731.0,12609.0,28,9,345869.0,12609.0
2023-02-21,MEH3,10722.0,11087.0,10584.0,10930.0,6115,1618,66504078.0,10913.0
2023-02-21,MEM3,10682.0,10900.0,10527.0,10791.0,372,159,4031360.0,10791.0
2023-02-21,MGH3,37215.0,38465.0,36941.0,38405.0,935,599,35309549.0,38427.0
2023-02-21,MGM3,37579.0,39000.0,37579.0,39000.0,54,45,2085439.0,39000.0
2023-02-21,MLH3,4606.0,4775.0,4563.0,4676.0,4511,1160,21105976.0,4674.0
2023-02-21,MLM3,4670.0,4855.0,4650.0,4765.0,329,187,1571025.0,4753.0
2023-02-21,MMH3,2188.1,2239.35,2186.45,2226.3,81280,18980,1803527660.5,2226.5
2023-02-21,MMH4,2298.4,2298.4,2298.4,2298.4,1,1,22984.0,2313.7
2023-02-21,MMH5,2491.15,2585.4,2491.15,2524.1,4,3,101860.5,2522.65
2023-02-21,MMH6,2529.5,2529.5,2529.5,2529.5,1,1,25295.0,2088.2
2023-02-21,MMM3,2195.7,2244.15,2189.85,2225.8,970,498,21552861.5,2225.8
2023-02-21,MMM4,2339.45,2339.45,2339.45,2339.45,2,2,46789.0,2349.3
2023-02-21,MMU3,2219.5,2264.0,2201.0,2201.0,30,14,669220.5,2210.0
2023-02-21,MMU5,2545.95,2545.95,2545.95,2545.95,1,1,25459.5,2545.95
2023-02-21,MMZ3,2255.6,2272.0,2255.6,2272.0,7,5,158393.5,2272.0
2023-02-21,MMZ4,2433.35,2454.8,2433.35,2454.8,2,2,48881.5,2450.0
2023-02-21,MNH3,4491.0,4605.0,4470.0,4591.0,11600,2306,52706679.0,4593.0
2023-02-21,MNM3,4552.0,4667.0,4528.0,4640.0,396,102,1833090.0,4642.0
2023-02-21,MNU3,4599.0,4649.0,4599.0,4649.0,2,2,9248.0,4660.0
2023-02-21,MTH3,24774.0,25294.0,24683.0,25204.0,889,320,22245548.0,25231.0
2023-02-21,MTM3,25565.0,25579.0,25534.0,25534.0,3,3,76678.0,25574.0
2023-02-21,MTU3,25392.0,25392.0,25392.0,25392.0,1,1,25392.0,25392.0
2023-02-21,MXH3,218850.0,223925.0,218675.0,222625.0,28773,16665,6379286975.0,222675.0
2023-02-21,MXM3,220050.0,223350.0,219775.0,222725.0,258,219,57208550.0,222725.0
2023-02-21,NAH3,12304.0,12330.0,12132.0,12151.0,43942,4790,402965643.32,12150.0
2023-02-21,NAM3,11834.0,11845.0,11700.0,11714.0,226,94,1995620.43,11714.0
2023-02-21,NAU3,11567.0,12011.0,11567.0,11800.0,14,12,124131.17,11800.0
2023-02-21,NAZ3,12238.0,12300.0,12200.0,12202.0,16,9,146651.42,12202.0
2023-02-21,NGG3,2.284,2.298,2.121,2.145,766989,129976,12818421505.02,2.146
2023-02-21,NGH3,2.518,2.529,2.348,2.385,382528,91735,7027437781.99,2.385
2023-02-21,NGJ3,2.808,2.819,2.629,2.666,9267,4291,189941489.88,2.67
2023-02-21,NGK3,3.1,3.118,2.869,2.964,1063,621,23953818.79,2.946
2023-02-21,NGM3,3.397,3.428,3.158,3.181,919,518,22594739.68,3.181
2023-02-21,NGN3,3.575,3.61,3.426,3.426,48,34,1273090.4,3.426
2023-02-21,NGQ3,3.605,3.605,3.56,3.56,34,5,919169.74,3.56
2023-02-21,NKH3,103899.0,105940.0,103702.0,104973.0,382,328,40079192.0,104972.0
2023-02-21,NKM3,105402.0,106300.0,105000.0,105000.0,17,13,1791740.0,105000.0
2023-02-21,NMH3,11800.0,12222.0,11731.0,12161.0,2969,1155,35749884.0,12161.0
2023-02-21,NMM3,11932.0,12390.0,11932.0,12373.0,36,26,441856.0,12371.0
2023-02-21,NMU3,12764.0,12764.0,12764.0,12764.0,1,1,12764.0,12764.0
2023-02-21,OGH3,5416.0,5416.0,5416.0,5416.0,1,1,5416.0,5521.0
2023-02-21,OGM3,5740.0,5796.0,5740.0,5796.0,6,3,34664.0,5485.0
2023-02-21,OZH3,15648.0,16410.0,15183.0,16372.0,1331,613,21343195.0,16270.0
2023-02-21,OZM3,15837.0,16222.0,15837.0,16222.0,126,76,2040064.0,16222.0
2023-02-21,PDH3,1562.87,1575.89,1540.0,1570.0,312,116,36356275.28,1570.0
2023-02-21,PDM3,1622.34,1643.41,1605.4,1643.41,32,25,3907401.13,1643.41
2023-02-21,PHH3,6392.0,6563.0,6320.0,6494.0,1433,371,9208543.0,6496.0
2023-02-21,PHM3,6499.0,6680.0,6499.0,6615.0,44,21,288875.0,6615.0
2023-02-21,PIH3,6000.0,6281.0,5950.0,6184.0,953,274,5879433.0,6180.0
2023-02-21,PIM3,6076.0,6351.0,5915.0,6293.0,18,12,111577.0,6292.0
2023-02-21,POH3,4749.0,4980.0,4710.0,4934.0,33291,5043,161882947.0,4931.0
2023-02-21,POM3,4838.0,5057.0,4801.0,5016.0,669,335,3312143.0,5016.0
2023-02-21,PSH3,1503.0,1615.0,1502.0,1577.0,2611,197,4153432.0,1583.0
2023-02-21,PSM3,1501.0,1650.0,1501.0,1581.0,118,26,193841.0,1586.0
2023-02-21,PTH3,949.5,968.8,943.0,962.3,679,460,48496667.01,963.0
2023-02-21,PTM3,981.6,993.4,976.0,993.4,30,26,2209624.62,993.4
2023-02-21,PZH3,89677.0,91999.0,88380.0,90036.0,3510,2847,316633484.0,90144.0
2023-02-21,PZM3,91133.0,93500.0,90228.0,91700.0,184,176,16904983.0,91700.0
2023-02-21,RBH3,12300.0,12829.0,12300.0,12721.0,35,33,442470.0,12721.0
2023-02-21,RIH3,93200.0,95940.0,92650.0,94850.0,143567,83684,20357481205.56,94770.0
2023-02-21,RIM3,93550.0,95970.0,93180.0,95120.0,778,696,110754540.21,95120.0
2023-02-21,RIM4,97070.0,97070.0,97070.0,97070.0,1,1,145683.63,93590.0
2023-02-21,RIU3,93410.0,95710.0,93410.0,95600.0,9,9,1278510.03,95300.0
2023-02-21,RIZ3,94100.0,95400.0,94100.0,95000.0,4,4,569572.4,95000.0
2023-02-21,RIZ4,100000.0,100000.0,100000.0,100000.0,1,1,150081.0,100000.0
2023-02-21,RLH3,3975.0,4065.0,3920.0,3960.0,4484,689,17977344.0,3973.0
2023-02-21,RLM3,4061.0,4125.0,3993.0,4125.0,70,28,285330.0,4082.0
2023-02-21,RMH3,934.5,960.5,927.0,949.0,25919,7966,367766434.18,948.5
2023-02-21,RMM3,938.0,961.5,934.0,952.0,508,283,7239597.52,952.0
2023-02-21,RMU3,940.0,1001.5,937.0,957.5,19,16,274647.88,957.5
2023-02-21,RMZ3,968.0,969.0,930.0,969.0,3,3,43028.16,933.5
2023-02-21,RNH3,35026.0,35689.0,34748.0,35489.0,3937,2464,139235680.0,35487.0
2023-02-21,RNM3,35401.0,36220.0,35350.0,36011.0,39,34,1395740.0,35990.0
2023-02-21,RTH3,5761.0,5879.0,5715.0,5776.0,202,110,1174328.0,5804.0
2023-02-21,RTM3,5843.0,5967.0,5843.0,5900.0,39,17,231490.0,5900.0
2023-02-21,SAH3,34.79,34.83,34.1,34.7,8,8,280944.32,34.7
2023-02-21,SAK3,34.94,34.94,34.91,34.94,5,5,177444.4,34.94
2023-02-21,SEH3,1485.0,1571.0,1434.0,1525.0,367,67,559982.0,1525.0
2023-02-21,SFH3,406.48,407.69,403.7,404.06,58520,7612,1780314636.05,404.03
2023-02-21,SFM3,403.58,404.25,400.8,401.19,2887,816,87171158.14,401.18
2023-02-21,SFU3,396.88,396.88,394.4,394.4,50,23,1482254.67,394.4
2023-02-21,SFZ3,396.0,396.0,396.0,396.0,16,3,475453.44,395.98
2023-02-21,SGH3,27129.0,27507.0,26996.0,27326.0,374,270,10191633.0,27326.0
2023-02-21,SGM3,27587.0,28104.0,27587.0,27957.0,8,7,223812.0,27957.0
2023-02-21,SLH3,61.0,69.16,58.1,62.0,6,5,38142.0,62.86
2023-02-21,SNH3,22385.0,22637.0,22250.0,22325.0,2446,971,54716605.0,22325.0
2023-02-21,SNM3,22810.0,23079.0,22717.0,22866.0,56,40,1277640.0,22824.0
2023-02-21,SOH3,4193.0,4327.0,4158.0,4212.0,1383,206,5842856.0,4212.0
2023-02-21,SOM3,4165.0,4249.0,4121.0,4249.0,7,5,29144.0,4249.0
2023-02-21,SPH3,15909.0,16466.0,15790.0,16301.0,16489,8326,267003739.0,16303.0
2023-02-21,SPM3,16108.0,16586.0,16000.0,16508.0,177,109,2906426.0,16480.0
2023-02-21,SRH3,16127.0,16650.0,16040.0,16487.0,522193,124218,8549619374.0,16484.0
2023-02-21,SRM3,16340.0,16823.0,16231.0,16662.0,7882,4469,130540505.0,16662.0
2023-02-21,SRU3,15858.0,16436.0,15678.0,16390.0,659,257,10696973.0,16350.0
2023-02-21,SRZ3,16104.0,16686.0,15966.0,16531.0,310,146,5069941.0,16531.0
2023-02-21,SSH3,2534.0,2704.0,2516.0,2564.0,3867,712,10141388.0,2563.0
2023-02-21,SSM3,2550.0,2711.0,2434.0,2613.0,526,82,1385324.0,2613.0
2023-02-21,SVH3,22.09,22.22,21.94,22.21,45873,8126,760147955.07,22.18
2023-02-21,SVM3,22.09,22.21,21.95,22.17,2844,886,47077253.96,22.14
2023-02-21,SVU3,22.69,22.7,22.51,22.67,43,24,730608.36,22.67
2023-02-21,SVZ3,23.63,23.63,23.58,23.59,18,7,318689.06,23.59
2023-02-21,SXH3,4200.2,4246.0,4190.6,4219.6,121,38,409456.57,4219.6
2023-02-21,SXU3,3952.1,3952.1,3952.0,3952.0,3,2,9501.55,4151.4
2023-02-21,SiH3,74049.0,74459.0,73400.0,74070.0,1240214,376097,91736335879.0,74094.0
2023-02-21,SiH4,77971.0,78289.0,77538.0,77717.0,18,16,1400717.0,77717.0
2023-02-21,SiM3,74466.0,74900.0,73840.0,74567.0,78503,15291,5833159004.0,74544.0
2023-02-21,SiM4,79744.0,79744.0,77902.0,77902.0,7,7,551528.0,79023.0
2023-02-21,SiU3,75713.0,76134.0,75059.0,75689.0,581,413,43952151.0,75689.0
2023-02-21,SiU4,81000.0,81000.0,80297.0,80555.0,5,5,403661.0,80555.0
2023-02-21,SiZ3,77085.0,77495.0,76396.0,76855.0,134,92,10307922.0,76925.0
2023-02-21,SiZ4,81872.0,81872.0,81872.0,81872.0,3,3,245616.0,81872.0
2023-02-21,TIH3,24914.0,25648.0,24653.0,25202.0,726,402,18269479.0,25202.0
2023-02-21,TIM3,25057.0,25475.0,24871.0,25365.0,9,9,227630.0,25365.0
2023-02-21,TNH3,90691.0,90909.0,90691.0,90909.0,3,3,272300.0,90909.0
2023-02-21,TTH3,31635.0,32102.0,31526.0,31624.0,1481,801,47027199.0,31624.0
2023-02-21,TTM3,32239.0,32778.0,32236.0,32390.0,98,72,3178738.0,32359.0
2023-02-21,UCH3,6.814,6.841,6.805,6.836,13350,4211,988418832.46,6.836
2023-02-21,USDRUBF,74.55,75.03,74.19,74.98,51086,12755,3815828480.0,75.04
2023-02-21,VBH3,1639.0,1676.0,1624.0,1650.0,144515,16902,238324644.0,1646.0
2023-02-21,VBM3,1668.0,1710.0,1657.0,1679.0,7693,1726,12949103.0,1679.0
2023-02-21,VBU3,1698.0,1737.0,1698.0,1721.0,349,56,599041.0,1721.0
2023-02-21,VIH3,43.6,45.95,42.5,43.2,89,60,583476.69,43.2
2023-02-21,W4G3,14870.0,14980.0,14830.0,14830.0,35,12,520080.0,14830.0
2023-02-21,W4H3,15070.0,15070.0,15000.0,15000.0,25,3,375070.0,15000.0
2023-02-21,W4K3,15250.0,15250.0,15250.0,15250.0,1,1,15250.0,15250.0
2023-02-21,YNH3,19659.0,20440.0,19550.0,20098.0,13616,6795,272921458.0,20017.0
2023-02-21,YNM3,20047.0,20815.0,19956.0,20372.0,767,517,15670816.0,20372.0
2023-02-21,YNU3,20289.0,21700.0,20288.0,20640.0,51,45,1056704.0,20640.0
2023-02-22,AFH3,2776.0,2820.0,2759.0,2820.0,4374,1015,12176413.0,2808.0
2023-02-22,AFM3,2814.0,2859.0,2808.0,2859.0,306,88,866399.0,2854.0
2023-02-22,AFU3,2801.0,2801.0,2801.0,2801.0,6,3,16806.0,2802.0
2023-02-22,AKH3,12953.0,13060.0,12802.0,12900.0,488,159,6290022.0,12900.0
2023-02-22,AKM3,13068.0,13235.0,12839.0,12900.0,47,27,610537.0,12900.0
2023-02-22,ALH3,6000.0,6044.0,5976.0,6008.0,2521,955,15149276.0,6020.0
2023-02-22,ALM3,6119.0,6142.0,6096.0,6123.0,341,128,2089460.0,6123.0
2023-02-22,ALU3,6300.0,6309.0,6300.0,6300.0,6,5,37827.0,6300.0
2023-02-22,BRF4,96.0,96.0,96.0,96.0,2,2,144001.54,95.77
2023-02-22,BRG4,95.41,95.41,95.41,95.41,2,2,143116.52,95.41
2023-02-22,BRH3,83.55,83.96,82.12,82.23,150880,42910,9388494578.7,82.2
2023-02-22,BRJ3,85.15,85.5,84.1,84.15,4715,2865,299323037.27,84.14
2023-02-22,BRK3,86.55,86.78,85.27,85.42,415,319,26701401.91,85.4
2023-02-22,BRM3,88.48,88.48,87.25,87.27,88,69,5793414.13,87.27
2023-02-22,BRN3,89.08,89.08,88.56,88.8,19,12,1265540.99,88.8
2023-02-22,BRV3,92.8,92.8,92.8,92.8,1,1,69600.74,92.8
2023-02-22,CHH3,100968.0,103368.0,100508.0,102390.0,295,275,30094733.0,103070.0
2023-02-22,CHM3,101800.0,101800.0,100190.0,100190.0,3,3,303292.0,101308.0
2023-02-22,CNYRUBF,10.84,10.92,10.79,10.91,17981,1343,195094400.0,10.91
2023-02-22,CRH3,10.862,10.949,10.806,10.928,1730537,66269,18814484225.0,10.934
2023-02-22,CRH4,11.575,11.695,11.51,11.58,17,16,197371.0,11.588
2023-02-22,CRM3,10.995,11.09,10.951,11.072,34656,2613,381865513.0,11.073
2023-02-22,CRM4,11.986,12.0,11.986,12.0,7,5,83966.0,12.05
2023-02-22,CRU3,11.213,11.299,11.195,11.26,437,186,4916471.0,11.271
2023-02-22,CRZ3,11.401,11.47,11.401,11.47,10,10,114567.0,11.47
2023-02-22,DXH3,12901.0,12901.0,12900.0,12901.0,18,12,185369.44,12901.0
2023-02-22,DXM3,12501.0,12501.0,12202.0,12202.0,20,5,195527.46,12986.0
2023-02-22,DYH3,6861.0,6947.0,6834.0,6939.0,35,24,241272.0,6938.0
2023-02-22,EDH3,1.0689,1.0689,1.0632,1.0649,50686,15059,4049139813.19,1.0649
2023-02-22,EDM3,1.0628,1.0633,1.0593,1.0602,691,563,55024074.85,1.0604
2023-02-22,EDU3,1.0684,1.0694,1.0684,1.069,4,4,320688.43,1.069
2023-02-22,EURRUBF,79.89,80.1,79.3,79.7,5113,1252,407220610.0,79.82
2023-02-22,EuH3,79348.0,79848.0,78757.0,79592.0,67382,24168,5347715111.0,79596.0
2023-02-22,EuH4,82038.0,82486.0,82038.0,82486.0,3,3,247009.0,82486.0
2023-02-22,EuM3,79298.0,79800.0,78740.0,79599.0,1676,935,132701612.0,79552.0
2023-02-22,EuU3,79905.0,80757.0,79905.0,80412.0,4,4,321491.0,80412.0
2023-02-22,FSH3,8748.0,8748.0,8656.0,8657.0,76,29,661242.0,8657.0
2023-02-22,FVH3,14526.0,14734.0,14526.0,14663.0,378,139,5542190.0,14663.0
2023-02-22,FVM3,14832.0,15109.0,14832.0,14999.0,60,40,902469.0,14999.0
2023-02-22,GDH3,1856.1,1858.8,1845.4,1851.3,106433,25115,14783733405.54,1851.5
2023-02-22,GDM3,1853.2,1858.2,1845.7,1851.5,10405,1674,1446312213.79,1851.5
2023-02-22,GDU3,1864.2,1871.5,1861.2,1863.0,61,54,8534175.97,1863.1
2023-02-22,GDZ3,1880.1,1885.9,1880.0,1880.0,20,18,2823120.12,1880.0
2023-02-22,GKH3,14783.0,14856.0,14521.0,14581.0,13172,5761,192891828.0,14561.0
2023-02-22,GKM3,14837.0,14888.0,14600.0,14636.0,47,34,694443.0,14631.0
2023-02-22,GKU3,14800.0,15115.0,14586.0,14712.0,11,11,163234.0,14720.0
2023-02-22,GUH3,1.2081,1.2141,1.207,1.207,13,7,1177835.11,1.207
2023-02-22,GUM3,1.2103,1.2103,1.2103,1.2103,1,1,90773.47,1.2068
2023-02-22,GZH3,15537.0,15727.0,15411.0,15650.0,50918,18847,792117036.0,15646.0
2023-02-22,GZH4,16855.0,16855.0,16855.0,16855.0,1,1,16855.0,16855.0
2023-02-22,GZM3,15832.0,16013.0,15713.0,15942.0,1733,870,27463252.0,15933.0
2023-02-22,GZM4,17305.0,17306.0,17232.0,17232.0,3,3,51843.0,17232.0
2023-02-22,GZU3,16047.0,16047.0,15823.0,15971.0,9,5,143427.0,15971.0
2023-02-22,GZU4,17544.0,17598.0,17544.0,17598.0,2,2,35142.0,17598.0
2023-02-22,GZZ3,16114.0,16458.0,16109.0,16333.0,5,5,81345.0,16333.0
2023-02-22,GZZ4,17700.0,17923.0,17662.0,17662.0,5,5,88685.0,17735.0
2023-02-22,HOH3,25170.0,25250.0,25170.0,25200.0,83,15,2092270.0,25200.0
2023-02-22,HSH3,21111.0,21420.0,20906.0,21021.0,3022,443,6081108.65,21019.0
2023-02-22,HSM3,22202.0,22440.0,21904.0,22420.0,218,36,465246.05,22420.0
2023-02-22,HSU3,22200.0,22400.0,21125.0,21900.0,9,9,18946.56,21901.0
2023-02-22,HSZ3,23260.0,23260.0,22300.0,22500.0,19,6,41776.82,22500.0
2023-02-22,HYH3,7921.0,7971.0,7855.0,7970.0,598,143,4734984.0,7970.0
2023-02-22,HYM3,8115.0,8115.0,8040.0,8077.0,20,9,161036.0,8101.0
2023-02-22,IRH3,33720.0,34040.0,33392.0,33750.0,149,92,5019063.0,33750.0
2023-02-22,IRM3,33501.0,34650.0,33501.0,33680.0,5,5,171129.0,33680.0
2023-02-22,JPH3,135.59,135.59,134.59,134.59,3,3,224337.17,134.64
2023-02-22,LKH3,39270.0,39471.0,38894.0,39460.0,4783,3335,187663410.0,39413.0
2023-02-22,LKM3,40100.0,40151.0,39710.0,40151.0,54,52,2156770.0,40151.0
2023-02-22,LKU3,40399.0,41561.0,38512.0,40221.0,9,9,361163.0,40221.0
2023-02-22,MCH3,12151.0,12340.0,11900.0,12146.0,83,56,1011807.0,12170.0
2023-02-22,MCM3,12600.0,12600.0,12600.0,12600.0,45,11,567000.0,12600.0
2023-02-22,MEH3,10940.0,11002.0,10757.0,10886.0,2471,746,26818796.0,10869.0
2023-02-22,MEM3,10769.0,10900.0,10701.0,10750.0,156,79,1680470.0,10750.0
2023-02-22,MGH3,38442.0,38890.0,38089.0,38804.0,358,257,13768427.0,38700.0
2023-02-22,MGM3,39013.0,39200.0,38575.0,39100.0,26,25,1013410.0,39100.0
2023-02-22,MLH3,4676.0,4723.0,4612.0,4700.0,2746,576,12842000.0,4702.0
2023-02-22,MLM3,4755.0,4805.0,4700.0,4786.0,122,47,581192.0,4786.0
2023-02-22,MMH3,2226.0,2236.4,2206.65,2225.15,31278,8189,694340201.5,2225.9
2023-02-22,MMH5,2522.0,2522.95,2522.0,2522.95,2,2,50449.5,2522.0
2023-02-22,MMM3,2225.7,2233.6,2209.4,2227.45,178,117,3953565.0,2227.45
2023-02-22,MMU3,2251.35,2252.2,2251.35,2252.2,2,2,45035.5,2252.0
2023-02-22,MMZ3,2275.0,2349.95,2275.0,2349.95,23,13,526300.0,2283.0
2023-02-22,MNH3,4596.0,4602.0,4527.0,4586.0,5501,1150,25109744.0,4583.0
2023-02-22,MNM3,4653.0,4682.0,4586.0,4644.0,521,176,2418493.0,4644.0
2023-02-22,MNU3,4747.0,4747.0,4660.0,4660.0,10,8,47002.0,4671.0
2023-02-22,MTH3,25204.0,25332.0,24968.0,25287.0,488,170,12268319.0,25269.0
2023-02-22,MTM3,25605.0,25605.0,25605.0,25605.0,1,1,25605.0,25605.0
2023-02-22,MXH3,222575.0,223675.0,220725.0,222475.0,15727,7172,3490171475.0,222575.0
2023-02-22,MXM3,222725.0,223175.0,221000.0,222625.0,68,67,15101250.0,222625.0
2023-02-22,MXU3,223000.0,223000.0,223000.0,223000.0,1,1,223000.0,223000.0
2023-02-22,MXZ3,221000.0,221000.0,221000.0,221000.0,1,1,221000.0,221000.0
2023-02-22,NAH3,12149.0,12174.0,12019.0,12067.0,73901,6748,671378314.62,12065.0
2023-02-22,NAM3,11715.0,11799.0,11578.0,11613.0,238,132,2081358.81,11613.0
2023-02-22,NAU3,11780.0,11796.0,11440.0,11440.0,62,42,536922.53,11440.0
2023-02-22,NAZ3,12049.0,12101.0,12049.0,12052.0,6,4,54305.22,12052.0
2023-02-22,NGG3,2.143,2.172,1.944,2.155,1403727,187281,21632179526.54,2.155
2023-02-22,NGH3,2.38,2.415,2.223,2.397,747139,170265,12995050558.67,2.4
2023-02-22,NGJ3,2.665,2.679,2.527,2.65,21739,9583,422818588.79,2.65
2023-02-22,NGK3,2.9,2.96,2.807,2.951,1632,693,35219641.28,2.947
2023-02-22,NGM3,3.2,3.274,3.04,3.22,1177,610,27800141.91,3.219
2023-02-22,NGN3,3.43,3.447,3.187,3.361,250,107,6163776.11,3.355
2023-02-22,NGQ3,3.471,3.529,3.32,3.498,64,28,1636209.99,3.49
2023-02-22,NKH3,105031.0,105516.0,103382.0,105025.0,374,362,39088872.0,105340.0
2023-02-22,NKM3,104908.0,106493.0,102633.0,105500.0,25,24,2611845.0,105500.0
2023-02-22,NMH3,12173.0,12322.0,12005.0,12229.0,1881,978,22827024.0,12252.0
2023-02-22,NMM3,12303.0,12450.0,12210.0,12380.0,60,36,736710.0,12379.0
2023-02-22,NMU3,12112.0,12592.0,12112.0,12592.0,2,2,24704.0,12592.0
2023-02-22,OGH3,5450.0,5450.0,5450.0,5450.0,1,1,5450.0,5614.0
2023-02-22,OGM3,5414.0,5993.0,5414.0,5577.0,9,7,50160.0,5577.0
2023-02-22,OZH3,16335.0,16704.0,16161.0,16399.0,1026,431,16796388.0,16366.0
2023-02-22,OZM3,16302.0,16711.0,16196.0,16520.0,87,64,1439257.0,16520.0
2023-02-22,PDH3,1567.0,1572.97,1540.0,1548.0,194,89,22619223.18,1548.0
2023-02-22,PDM3,1632.0,1643.41,1628.56,1632.78,50,17,6132830.27,1626.12
2023-02-22,PHH3,6498.0,6694.0,6429.0,6674.0,1367,310,8937757.0,6658.0
2023-02-22,PHM3,6645.0,6778.0,6605.0,6702.0,29,23,193447.0,6716.0
2023-02-22,PIH3,6181.0,6300.0,6154.0,6288.0,1165,260,7230774.0,6157.0
2023-02-22,PIM3,6011.0,6290.0,5844.0,5930.0,63,32,381646.0,5950.0
2023-02-22,POH3,4927.0,4995.0,4810.0,4871.0,19427,3582,94761502.0,4861.0
2023-02-22,POM3,5012.0,5060.0,4909.0,4951.0,642,300,3201305.0,4951.0
2023-02-22,PSH3,1577.0,1608.0,1522.0,1593.0,665,105,1049802.0,1592.0
2023-02-22,PSM3,1649.0,1649.0,1559.0,1639.0,239,52,375708.0,1639.0
2023-02-22,PTH3,961.0,976.0,951.6,970.9,949,569,68642390.4,969.5
2023-02-22,PTM3,993.5,1004.1,980.6,992.9,33,24,2467646.34,992.9
2023-02-22,PZH3,90234.0,90678.0,88450.0,88701.0,1429,1095,127803518.0,88844.0
2023-02-22,PZM3,91655.0,92168.0,90111.0,90317.0,58,58,5290895.0,90317.0
2023-02-22,RBH3,12701.0,12701.0,12701.0,12701.0,1,1,12701.0,12705.0
2023-02-22,RIH3,94650.0,95200.0,93150.0,93910.0,86329,50996,12178348959.17,93960.0
2023-02-22,RIM3,95010.0,95340.0,93570.0,94330.0,485,429,68800082.48,94350.0
2023-02-22,RIU3,94600.0,94760.0,93420.0,94420.0,15,15,2116423.24,94420.0
2023-02-22,RLH3,3966.0,4056.0,3949.0,4009.0,930,188,3704347.0,4003.0
2023-02-22,RLM3,4082.0,4204.0,4037.0,4100.0,25,10,102956.0,4100.0
2023-02-22,RMH3,948.5,952.5,933.0,940.0,16162,4834,228216961.8,939.5
2023-02-22,RMM3,950.5,955.5,938.5,944.5,284,185,4026672.6,944.5
2023-02-22,RMU3,966.5,966.5,966.5,966.5,1,1,14497.65,966.5
2023-02-22,RMZ3,979.0,979.0,930.5,930.5,4,4,57593.12,931.5
2023-02-22,RNH3,35508.0,35637.0,35128.0,35543.0,2273,1527,80363875.0,35565.0
2023-02-22,RNM3,35825.0,35961.0,35581.0,35961.0,21,17,749236.0,35961.0
2023-02-22,RNU3,35976.0,35976.0,35976.0,35976.0,1,1,35976.0,35976.0
2023-02-22,RTH3,5795.0,5825.0,5770.0,5800.0,169,68,979406.0,5802.0
2023-02-22,RTM3,5900.0,5900.0,5900.0,5900.0,1,1,5900.0,5893.0
2023-02-22,SAH3,34.43,35.4,34.41,35.39,21,18,743844.08,35.39
2023-02-22,SAK3,34.94,34.94,34.92,34.94,4,4,141965.68,34.94
2023-02-22,SEH3,1535.0,1555.0,1510.0,1516.0,35,16,53373.0,1516.0
2023-02-22,SEM3,1769.0,1769.0,1769.0,1769.0,1,1,1769.0,1600.0
2023-02-22,SFH3,404.03,404.25,401.2,402.04,86144,11825,2601691404.35,401.96
2023-02-22,SFM3,401.02,401.33,398.21,398.94,4182,1503,125334655.8,398.85
2023-02-22,SFU3,392.72,394.68,391.69,392.5,28,22,825421.17,392.5
2023-02-22,SFZ3,390.2,392.0,390.2,392.0,9,5,264333.51,392.0
2023-02-22,SGH3,27403.0,27486.0,27144.0,27228.0,144,124,3928627.0,27303.0
2023-02-22,SGM3,27970.0,28096.0,27883.0,27921.0,10,7,279940.0,27921.0
2023-02-22,SLH3,58.17,58.17,58.17,58.17,1,1,5817.0,62.92
2023-02-22,SNH3,22342.0,22776.0,22208.0,22500.0,1806,1046,40664566.0,22501.0
2023-02-22,SNM3,22844.0,23147.0,22844.0,22901.0,10,10,230349.0,22901.0
2023-02-22,SOH3,4211.0,4234.0,4129.0,4149.0,632,99,2635292.0,4149.0
2023-02-22,SOM3,4349.0,4350.0,4202.0,4202.0,32,13,135641.0,4212.0
2023-02-22,SPH3,16302.0,16366.0,16125.0,16241.0,6172,3490,100083148.0,16228.0
2023-02-22,SPM3,16480.0,16480.0,16283.0,16407.0,22,16,360428.0,16407.0
2023-02-22,SRH3,16489.0,16546.0,16315.0,16456.0,249542,61840,4096154097.0,16456.0
2023-02-22,SRM3,16651.0,16715.0,16466.0,16612.0,5392,2950,89359803.0,16627.0
2023-02-22,SRU3,16391.0,16400.0,16255.0,16392.0,61,33,994783.0,16392.0
2023-02-22,SRZ3,16582.0,16590.0,16166.0,16493.0,114,54,1874589.0,16493.0
2023-02-22,SSH3,2565.0,2616.0,2535.0,2573.0,1259,240,3234802.0,2542.0
2023-02-22,SSM3,2578.0,2772.0,2578.0,2580.0,19,9,49606.0,2581.0
2023-02-22,SVH3,22.17,22.18,21.9,21.95,39230,7134,648527516.4,21.97
2023-02-22,SVM3,22.12,22.14,21.85,21.9,3316,1030,54736151.27,21.9
2023-02-22,SVU3,22.65,22.65,22.44,22.48,18,10,304023.24,22.48
2023-02-22,SVZ3,23.59,23.59,23.55,23.55,10,3,176776.9,23.54
2023-02-22,SXH3,4209.7,4266.0,4181.4,4210.0,55,36,185265.93,4210.0
2023-02-22,SiH3,74057.0,74777.0,73686.0,74551.0,922655,279429,68561558135.0,74569.0
2023-02-22,SiH4,77934.0,78401.0,77901.0,78401.0,4,4,312637.0,78401.0
2023-02-22,SiM3,74514.0,75145.0,74142.0,74938.0,33330,12940,2487224560.0,74949.0
2023-02-22,SiM4,79965.0,80897.0,79900.0,79900.0,6,6,481154.0,79900.0
2023-02-22,SiU3,75632.0,76108.0,75290.0,75930.0,319,240,24194778.0,75930.0
2023-02-22,SiU4,81059.0,81059.0,81059.0,81059.0,1,1,81059.0,81059.0
2023-02-22,SiZ3,76900.0,77350.0,76886.0,77350.0,78,41,6022091.0,77350.0
2023-02-22,SiZ4,83117.0,83117.0,81157.0,81157.0,2,2,164274.0,81265.0
2023-02-22,TIH3,25300.0,25429.0,24619.0,24899.0,805,410,20017597.0,24899.0
2023-02-22,TIM3,24995.0,25110.0,24900.0,24950.0,23,23,575107.0,24950.0
2023-02-22,TTH3,31603.0,31820.0,31420.0,31577.0,831,443,26227235.0,31540.0
2023-02-22,TTM3,32486.0,32496.0,32157.0,32217.0,20,19,645784.0,32217.0
2023-02-22,TTU3,33200.0,33200.0,32556.0,32556.0,2,2,65756.0,32556.0
2023-02-22,UCH3,6.837,6.884,6.829,6.834,7957,2741,595034978.26,6.832
2023-02-22,USDRUBF,74.9,75.09,74.33,75.01,35606,10335,2661807550.0,75.0
2023-02-22,VBH3,1647.0,1654.0,1636.0,1646.0,47423,6628,78050234.0,1647.0
2023-02-22,VBM3,1678.0,1685.0,1670.0,1681.0,2100,422,3524751.0,1681.0
2023-02-22,VBU3,1722.0,1727.0,1705.0,1720.0,48,37,82460.0,1720.0
2023-02-22,VIH3,43.05,43.35,41.0,41.05,25,20,158416.75,41.05
2023-02-22,W4G3,14780.0,14870.0,14760.0,14870.0,154,23,2275940.0,14860.0
2023-02-22,W4H3,14970.0,15140.0,14970.0,15010.0,171,12,2584060.0,15010.0
2023-02-22,W4J3,15090.0,15090.0,15090.0,15090.0,1,1,15090.0,15090.0
2023-02-22,YNH3,20015.0,20322.0,19802.0,20000.0,4586,2437,91619923.0,20001.0
2023-02-22,YNM3,20400.0,20663.0,20183.0,20323.0,215,133,4387533.0,20357.0
2023-02-22,YNU3,20749.0,20749.0,20550.0,20600.0,13,12,268536.0,20600.0
2023-02-24,AFH3,2818.0,2830.0,2780.0,2800.0,3094,1051,8691033.0,2802.0
2023-02-24,AFM3,2838.0,2871.0,2838.0,2854.0,83,50,237238.0,2852.0
2023-02-24,AFU3,2880.0,3050.0,2552.0,2840.0,299,18,851471.0,2840.0
2023-02-24,AKH3,12894.0,12969.0,12767.0,12928.0,516,109,6665011.0,12903.0
2023-02-24,AKM3,12838.0,13140.0,12838.0,12950.0,12,11,156361.0,12950.0
2023-02-24,ALH3,6004.0,6109.0,5893.0,5960.0,14069,3154,84014612.0,5960.0
2023-02-24,ALM3,6137.0,6218.0,6007.0,6060.0,1229,381,7448259.0,6064.0
2023-02-24,ALU3,6310.0,6395.0,6098.0,6212.0,97,30,601570.0,6212.0
2023-02-24,AUH3,0.7109,0.7109,0.6504,0.6821,5,5,258330.38,0.675
2023-02-24,BRF4,95.0,95.0,95.0,95.0,1,1,72269.83,95.0
2023-02-24,BRH3,82.13,83.58,81.09,82.23,192162,50497,12052835358.67,82.37
2023-02-24,BRJ3,84.1,85.55,83.13,84.43,22343,10541,1436693793.38,84.5
2023-02-24,BRK3,85.2,86.77,84.62,85.91,1071,598,69863734.47,85.91
2023-02-24,BRM3,86.99,88.43,86.57,87.41,201,183,13394664.38,87.41
2023-02-24,BRN3,89.12,89.15,88.8,88.8,5,5,338755.3,88.8
2023-02-24,BRQ3,89.39,89.76,89.39,89.76,3,3,204523.6,89.76
2023-02-24,BRU3,90.81,90.81,90.81,90.81,1,1,69082.35,90.81
2023-02-24,BRV3,91.52,91.52,91.52,91.52,1,1,69622.47,91.52
2023-02-24,BRZ3,92.16,92.75,92.16,92.75,3,2,210776.85,92.99
2023-02-24,CHH3,103076.0,104321.0,102053.0,103451.0,414,326,42742111.0,103667.0
2023-02-24,CHM3,102098.0,104337.0,102068.0,102068.0,8,8,826024.0,102068.0
2023-02-24,CNYRUBF,10.9,11.02,10.83,10.97,34235,2674,374453520.0,10.96
2023-02-24,CRH3,10.926,11.046,10.844,10.99,1961414,79645,21472161000.0,10.989
2023-02-24,CRH4,11.62,11.695,11.524,11.585,10,8,116498.0,11.59
2023-02-24,CRM3,11.061,11.192,11.0,11.141,49222,4120,546254195.0,11.14
2023-02-24,CRM4,11.88,12.1,11.84,12.1,12,12,143193.0,12.05
2023-02-24,CRU3,11.29,11.429,11.18,11.301,419,111,4727223.0,11.312
2023-02-24,CRZ3,11.509,11.51,11.45,11.48,12,11,137736.0,11.48
2023-02-24,DXH3,12947.0,12991.0,12922.0,12922.0,17,12,177153.6,12928.0
2023-02-24,DXM3,12250.0,12250.0,12250.0,12250.0,1,1,9844.1,12985.0
2023-02-24,DXZ3,12008.0,13480.0,12008.0,13480.0,2,2,20482.16,12805.0
2023-02-24,DYH3,6900.0,6948.0,6872.0,6907.0,46,16,318153.0,6907.0
2023-02-24,EDH3,1.0648,1.0648,1.0555,1.0567,62276,20607,5020656352.43,1.0567
2023-02-24,EDM3,1.0601,1.0602,1.0525,1.0536,886,660,71151111.04,1.0536
2023-02-24,EDU3,1.0608,1.0608,1.0562,1.0562,33,16,2657536.46,1.0562
2023-02-24,EURRUBF,79.74,80.85,79.28,80.3,3915,1959,313547850.0,80.36
2023-02-24,EuH3,79550.0,80458.0,78473.0,80015.0,84577,34821,6720448824.0,80017.0
2023-02-24,EuH4,81951.0,81951.0,81951.0,81951.0,1,1,81951.0,81951.0
2023-02-24,EuM3,79500.0,80405.0,78486.0,80016.0,3644,1714,289334128.0,80016.0
2023-02-24,EuM4,83000.0,83000.0,83000.0,83000.0,1,1,83000.0,83000.0
2023-02-24,EuU3,80259.0,81500.0,79917.0,80853.0,20,16,1611701.0,80853.0
2023-02-24,FSH3,8657.0,8657.0,8657.0,8657.0,1,1,8657.0,8730.0
2023-02-24,FSM3,8850.0,8850.0,8850.0,8850.0,1,1,8850.0,8850.0
2023-02-24,FVH3,14609.0,14704.0,14501.0,14607.0,282,128,4120841.0,14562.0
2023-02-24,FVM3,15000.0,15000.0,14950.0,14950.0,3,2,44950.0,14943.0
2023-02-24,GDH3,1850.2,1851.5,1824.6,1827.4,106720,29665,14904827913.18,1828.5
2023-02-24,GDM3,1851.4,1851.6,1827.2,1830.2,5621,3396,785982106.86,1830.8
2023-02-24,GDU3,1863.0,1863.6,1845.2,1847.0,146,104,20555211.95,1847.0
2023-02-24,GDZ3,1878.0,1878.0,1864.9,1869.2,46,37,6553313.6,1869.2
2023-02-24,GKH3,14584.0,14607.0,14402.0,14424.0,10909,4916,157977022.0,14416.0
2023-02-24,GKM3,14667.0,14667.0,14413.0,14445.0,112,50,1624430.0,14445.0
2023-02-24,GKU3,14720.0,14720.0,14700.0,14700.0,15,4,220545.0,14700.0
2023-02-24,GUH3,1.2005,1.2006,1.1955,1.1955,43,9,3919040.59,1.1955
2023-02-24,GUM3,1.1655,1.1655,1.1655,1.1655,1,1,88663.66,1.1953
2023-02-24,GZH3,15646.0,15779.0,15431.0,15491.0,51936,20295,809372396.0,15479.0
2023-02-24,GZM3,15946.0,16067.0,15743.0,15807.0,1666,814,26516407.0,15800.0
2023-02-24,GZM4,17442.0,17442.0,17150.0,17299.0,3,3,51891.0,17299.0
2023-02-24,GZU3,16048.0,16219.0,15800.0,15825.0,31,15,492176.0,15825.0
2023-02-24,GZU4,17400.0,17400.0,17300.0,17300.0,3,3,52050.0,17299.0
2023-02-24,GZU5,19009.0,19009.0,19009.0,19009.0,3,2,57027.0,18600.0
2023-02-24,GZZ3,16290.0,16300.0,16087.0,16087.0,3,3,48677.0,16087.0
2023-02-24,GZZ4,17679.0,17750.0,17673.0,17750.0,6,5,106134.0,17750.0
2023-02-24,HOH3,25100.0,25200.0,25000.0,25200.0,21,10,526730.0,25200.0
2023-02-24,HOU3,24850.0,24850.0,24850.0,24850.0,1,1,24850.0,25270.0
2023-02-24,HSH3,21019.0,21020.0,20041.0,20300.0,3465,575,6776951.78,20300.0
2023-02-24,HSM3,22420.0,22420.0,21150.0,21998.0,77,46,159320.92,21798.0
2023-02-24,HSU3,21925.0,23297.0,20050.0,22050.0,92,40,187842.99,21500.0
2023-02-24,HSZ3,22450.0,22450.0,21600.0,21601.0,15,8,31359.65,21308.0
2023-02-24,HYH3,7949.0,7989.0,7928.0,7941.0,214,90,1702972.0,7940.0
2023-02-24,HYM3,8086.0,8121.0,8058.0,8058.0,75,29,605864.0,8065.0
2023-02-24,IRH3,33785.0,33940.0,33679.0,33766.0,43,33,1452430.0,33766.0
2023-02-24,JPH3,134.67,136.35,134.67,136.35,18,14,1356436.84,136.35
2023-02-24,LKH3,39437.0,39467.0,38955.0,39173.0,4038,3033,158291560.0,39200.0
2023-02-24,LKM3,40151.0,40187.0,39740.0,39961.0,99,91,3955504.0,39961.0
2023-02-24,LKU3,39705.0,40135.0,39000.0,39175.0,9,9,355750.0,39201.0
2023-02-24,MAH3,6263.0,6263.0,6250.0,6250.0,16,7,100061.0,6333.0
2023-02-24,MCH3,12026.0,12352.0,12025.0,12249.0,75,42,919204.0,12242.0
2023-02-24,MEH3,10886.0,11123.0,10799.0,11000.0,2369,817,26047222.0,11027.0
2023-02-24,MEM3,10775.0,10899.0,10770.0,10812.0,117,63,1269824.0,10825.0
2023-02-24,MGH3,38868.0,39490.0,38351.0,38365.0,837,595,32573872.0,38380.0
2023-02-24,MGM3,39108.0,39729.0,38700.0,38700.0,17,15,667906.0,38697.0
2023-02-24,MLH3,4698.0,4750.0,4649.0,4728.0,1949,418,9191264.0,4744.0
2023-02-24,MLM3,4780.0,4834.0,4750.0,4808.0,123,52,591413.0,4834.0
2023-02-24,MMH3,2226.05,2234.5,2211.75,2218.85,22743,7643,505518884.5,2217.95
2023-02-24,MMM3,2228.0,2234.95,2218.5,2221.2,193,121,4296552.5,2222.05
2023-02-24,MMM5,1941.95,2319.95,1845.0,2319.95,6,3,125918.0,2319.95
2023-02-24,MMU3,2252.0,2252.0,2239.75,2239.75,2,2,44917.5,2239.75
2023-02-24,MMZ3,2280.8,2280.8,2280.8,2280.8,6,4,136848.0,2280.8
2023-02-24,MNH3,4577.0,4601.0,4555.0,4573.0,3837,947,17570946.0,4577.0
2023-02-24,MNM3,4621.0,4674.0,4543.0,4649.0,531,132,2459450.0,4628.0
2023-02-24,MTH3,25281.0,25281.0,25014.0,25178.0,302,135,7595743.0,25194.0
2023-02-24,MTM3,25600.0,25608.0,25600.0,25608.0,2,2,51208.0,25608.0
2023-02-24,MTU3,24988.0,24988.0,24988.0,24988.0,1,1,24988.0,25008.0
2023-02-24,MXH3,222750.0,223425.0,221200.0,221775.0,9439,6079,2098886850.0,221775.0
2023-02-24,MXM3,222950.0,224175.0,221600.0,222425.0,105,99,23383400.0,222425.0
2023-02-24,NAH3,12070.0,12172.0,11930.0,11960.0,66004,8173,604981909.49,11966.0
2023-02-24,NAM3,11661.0,11793.0,11550.0,11610.0,621,184,5505106.03,11611.0
2023-02-24,NAU3,11443.0,11650.0,11437.0,11602.0,63,49,555120.32,11602.0
2023-02-24,NAZ3,12100.0,12140.0,12020.0,12020.0,14,7,128284.37,11851.0
2023-02-24,NGG3,2.155,2.315,2.131,2.313,453534,60219,7598449522.85,2.314
2023-02-24,NGH3,2.397,2.619,2.366,2.582,1505339,286647,28862658122.15,2.578
2023-02-24,NGJ3,2.662,2.867,2.63,2.831,37390,19560,786257538.75,2.83
2023-02-24,NGK3,2.955,3.099,2.87,3.07,1998,1114,45851483.95,3.07
2023-02-24,NGM3,3.22,3.34,3.186,3.286,1002,493,24917494.73,3.286
2023-02-24,NGN3,3.35,3.467,3.35,3.467,104,75,2704968.22,3.453
2023-02-24,NGQ3,3.499,3.54,3.318,3.526,94,48,2486698.14,3.526
2023-02-24,NKH3,105399.0,105422.0,104351.0,104609.0,98,94,10281316.0,104589.0
2023-02-24,NKM3,106000.0,106000.0,106000.0,106000.0,2,2,212000.0,105443.0
2023-02-24,NMH3,12217.0,12288.0,11900.0,11929.0,1570,879,18985374.0,11950.0
2023-02-24,NMM3,12285.0,12398.0,12101.0,12102.0,23,12,283766.0,12104.0
2023-02-24,OGH3,5420.0,5420.0,5414.0,5414.0,2,2,10834.0,5637.0
2023-02-24,OGM3,5600.0,5600.0,5600.0,5600.0,1,1,5600.0,5600.0
2023-02-24,OZH3,16315.0,16781.0,16237.0,16697.0,505,281,8376002.0,16666.0
2023-02-24,OZM3,16429.0,16873.0,16429.0,16873.0,14,13,233803.0,16858.0
2023-02-24,PDH3,1544.0,1547.99,1423.65,1425.0,1214,554,136346210.61,1425.02
2023-02-24,PDM3,1611.38,1611.38,1490.0,1505.0,232,118,27066728.98,1505.0
2023-02-24,PDU3,1605.31,1605.31,1600.0,1600.0,3,3,365963.1,1539.76
2023-02-24,PHH3,6685.0,6801.0,6521.0,6657.0,1847,471,12403383.0,6647.0
2023-02-24,PHM3,6720.0,6785.0,6669.0,6770.0,63,39,424034.0,6676.0
2023-02-24,PIH3,6198.0,6220.0,6143.0,6215.0,360,104,2223138.0,6215.0
2023-02-24,PIM3,5988.0,6249.0,5988.0,6249.0,3,2,18225.0,6237.0
2023-02-24,POH3,4861.0,4872.0,4787.0,4828.0,12209,2131,59005680.0,4824.0
2023-02-24,POM3,4942.0,4959.0,4883.0,4923.0,305,158,1500400.0,4915.0
2023-02-24,PSH3,1591.0,1603.0,1573.0,1584.0,790,71,1257722.0,1584.0
2023-02-24,PSM3,1637.0,1650.0,1561.0,1591.0,175,19,278858.0,1591.0
2023-02-24,PTH3,965.1,970.2,928.9,929.7,793,448,56999150.15,930.0
2023-02-24,PTM3,990.0,990.0,966.0,966.0,55,38,4078110.24,965.2
2023-02-24,PZH3,89090.0,89090.0,87131.0,87867.0,1284,1044,113088270.0,87867.0
2023-02-24,PZM3,89560.0,89779.0,89040.0,89040.0,33,33,2949972.0,89232.0
2023-02-24,RBH3,12800.0,12800.0,12701.0,12701.0,2,2,25501.0,12721.0
2023-02-24,RBM3,12795.0,12795.0,12795.0,12795.0,1,1,12795.0,12795.0
2023-02-24,RIH3,93990.0,94890.0,92000.0,92310.0,96469,58930,13703365159.56,92340.0
2023-02-24,RIH4,96320.0,96320.0,95010.0,95010.0,2,2,291102.85,91760.0
2023-02-24,RIM3,94580.0,95120.0,92870.0,93160.0,728,629,103880890.04,93160.0
2023-02-24,RIU3,94710.0,94710.0,93420.0,93420.0,4,4,570581.68,93420.0
2023-02-24,RIU4,97460.0,97460.0,97390.0,97390.0,3,3,444634.39,97390.0
2023-02-24,RIZ4,97840.0,98640.0,97440.0,97440.0,4,4,595442.5,97440.0
2023-02-24,RLH3,4009.0,4037.0,3926.0,3933.0,1775,296,7031430.0,3934.0
2023-02-24,RLM3,4124.0,4124.0,4000.0,4000.0,156,27,627003.0,4000.0
2023-02-24,RMH3,941.0,949.0,920.5,923.5,19881,6293,282156644.16,924.0
2023-02-24,RMM3,944.0,952.0,930.0,932.0,474,251,6769636.17,932.0
2023-02-24,RMU3,947.0,947.0,946.5,946.5,2,2,28809.03,946.5
2023-02-24,RNH3,35543.0,35725.0,35180.0,35367.0,1741,1145,61679722.0,35367.0
2023-02-24,RNM3,36000.0,36033.0,35850.0,35850.0,3,3,107883.0,35793.0
2023-02-24,RTH3,5800.0,6071.0,5757.0,5844.0,2412,427,14199628.0,5844.0
2023-02-24,RTM3,5908.0,6050.0,5908.0,5944.0,47,14,281741.0,5944.0
2023-02-24,SAH3,35.01,35.94,34.9,35.25,15,14,538205.68,35.38
2023-02-24,SAK3,35.92,35.92,35.92,35.92,1,1,36494.72,35.92
2023-02-24,SEH3,1493.0,1515.0,1493.0,1508.0,28,10,42168.0,1507.0
2023-02-24,SFH3,402.35,403.3,397.88,397.88,93631,11801,2854174291.32,398.02
2023-02-24,SFM3,399.69,400.12,395.2,395.6,4462,1205,134930993.84,395.57
2023-02-24,SFU3,394.21,394.21,392.52,392.52,31,18,927398.42,392.24
2023-02-24,SFZ3,392.01,395.64,392.01,395.64,5,4,149653.54,394.51
2023-02-24,SGH3,27220.0,27345.0,27200.0,27292.0,98,88,2672695.0,27279.0
2023-02-24,SGM3,27953.0,27953.0,27901.0,27901.0,4,2,111656.0,27890.0
2023-02-24,SLH3,67.83,67.84,56.55,56.55,20,5,124585.0,62.85
2023-02-24,SNH3,22475.0,22480.0,22222.0,22397.0,1795,509,40145450.0,22315.0
2023-02-24,SNM3,22850.0,22850.0,22732.0,22732.0,29,15,659837.0,22732.0
2023-02-24,SOH3,4169.0,4189.0,4101.0,4102.0,266,89,1099330.0,4102.0
2023-02-24,SOM3,4225.0,4235.0,4220.0,4220.0,11,7,46522.0,4219.0
2023-02-24,SPH3,16240.0,16430.0,16164.0,16327.0,5968,3592,97478912.0,16338.0
2023-02-24,SPM3,16407.0,16565.0,16407.0,16450.0,28,19,461955.0,16488.0
2023-02-24,SRH3,16461.0,16632.0,16353.0,16485.0,221759,52925,3658471871.0,16477.0
2023-02-24,SRM3,16626.0,16789.0,16540.0,16637.0,3824,2267,63765516.0,16631.0
2023-02-24,SRU3,16315.0,16513.0,16300.0,16454.0,99,47,1624140.0,16436.0
2023-02-24,SRZ3,16461.0,16726.0,16461.0,16625.0,76,29,1265629.0,16625.0
2023-02-24,SSH3,2543.0,2585.0,2533.0,2562.0,570,88,1462158.0,2560.0
2023-02-24,SSM3,2611.0,2725.0,2573.0,2637.0,126,25,335358.0,2635.0
2023-02-24,SVH3,21.95,21.97,21.12,21.2,74190,12841,1213649484.82,21.21
2023-02-24,SVM3,21.85,21.88,21.22,21.31,9157,2994,149976590.87,21.31
2023-02-24,SVU3,22.37,22.49,21.75,21.91,244,105,4087170.48,21.9
2023-02-24,SVZ3,23.4,23.4,22.68,22.94,94,32,1637999.51,22.9
2023-02-24,SXH3,4200.3,4232.3,4200.3,4210.0,62,22,210191.02,4210.1
2023-02-24,SXM3,4000.3,4234.3,4000.3,4000.7,4,3,13234.96,4161.7
2023-02-24,SXZ3,3952.1,3952.1,3952.1,3952.1,2,2,6351.82,4108.4
2023-02-24,SiH3,74549.0,75784.0,73973.0,75566.0,1082537,315994,81087605163.0,75569.0
2023-02-24,SiH4,78555.0,79041.0,78555.0,79041.0,4,4,315198.0,79071.0
2023-02-24,SiM3,74959.0,76133.0,74380.0,75960.0,40271,14347,3029168127.0,75928.0
2023-02-24,SiM4,80112.0,80600.0,79766.0,80361.0,10,10,801645.0,80395.0
2023-02-24,SiU3,75868.0,76950.0,75621.0,76832.0,714,553,54508445.0,76769.0
2023-02-24,SiU4,81635.0,82600.0,81635.0,82600.0,7,7,574702.0,82320.0
2023-02-24,SiZ3,77151.0,77999.0,76800.0,77603.0,176,122,13623066.0,77723.0
2023-02-24,TIH3,24846.0,28153.0,24691.0,26485.0,2057,1306,53815985.0,26504.0
2023-02-24,TIM3,24816.0,26499.0,24615.0,26147.0,88,60,2281565.0,26300.0
2023-02-24,TNH3,90100.0,90100.0,90100.0,90100.0,1,1,90100.0,90150.0
2023-02-24,TTH3,31514.0,31576.0,31385.0,31450.0,732,406,23041235.0,31457.0
2023-02-24,TTM3,32244.0,32302.0,32116.0,32200.0,71,58,2286079.0,32200.0
2023-02-24,TTU3,32300.0,32390.0,32300.0,32302.0,5,5,161592.0,32346.0
2023-02-24,UCH3,6.836,6.9,6.815,6.9,12235,4497,920010355.48,6.898
2023-02-24,USDRUBF,74.96,76.38,74.77,76.09,46343,12440,3500031160.0,76.08
2023-02-24,VBH3,1647.0,1651.0,1616.0,1625.0,73738,7950,120378646.0,1623.0
2023-02-24,VBM3,1682.0,1684.0,1651.0,1658.0,4950,988,8262496.0,1658.0
2023-02-24,VBU3,1721.0,1721.0,1599.0,1706.0,125,34,209656.0,1704.0
2023-02-24,VIH3,41.05,41.8,41.0,41.1,22,16,137860.4,41.1
2023-02-24,W4F4,15680.0,17020.0,15680.0,17020.0,12,4,196200.0,16130.0
2023-02-24,W4G3,14860.0,14860.0,14750.0,14750.0,2,2,29610.0,14750.0
2023-02-24,W4H3,14980.0,15030.0,14950.0,15030.0,24,4,358910.0,15030.0
2023-02-24,W4J3,15040.0,15120.0,15020.0,15120.0,3,3,45180.0,15120.0
2023-02-24,W4K3,15080.0,15080.0,15080.0,15080.0,1,1,15080.0,15080.0
2023-02-24,W4M3,15280.0,15280.0,15280.0,15280.0,1,1,15280.0,15280.0
2023-02-24,YNH3,19955.0,20082.0,19869.0,19954.0,1962,1154,39219923.0,19983.0
2023-02-24,YNM3,20335.0,20443.0,20220.0,20325.0,124,91,2521397.0,20356.0
2023-02-24,YNU3,20450.0,20763.0,20450.0,20700.0,6,4,123907.0,20700.0
2023-02-27,AFH3,2799.0,2847.0,2782.0,2837.0,4367,878,12322505.0,2834.0
2023-02-27,AFM3,2854.0,2887.0,2837.0,2881.0,299,120,857864.0,2881.0
2023-02-27,AFU3,2889.0,2963.0,2889.0,2963.0,55,5,159279.0,2955.0
2023-02-27,AKH3,12907.0,13016.0,12737.0,12944.0,425,144,5499112.0,12982.0
2023-02-27,AKM3,13053.0,13204.0,12800.0,13186.0,40,24,518797.0,13186.0
2023-02-27,ALH3,5968.0,6029.0,5928.0,6012.0,6959,1914,41691745.0,6010.0
2023-02-27,ALM3,6090.0,6135.0,6044.0,6113.0,465,187,2838694.0,6113.0
2023-02-27,ALU3,6214.0,6219.0,6214.0,6219.0,14,5,87056.0,6219.0
2023-02-27,AUH3,0.6735,0.6735,0.6735,0.6735,1,1,50287.82,0.6735
2023-02-27,BRF4,95.99,95.99,95.99,95.99,1,1,71672.28,95.99
2023-02-27,BRH3,82.26,83.64,82.09,82.7,160736,45376,9960043595.86,82.68
2023-02-27,BRJ3,84.42,85.74,84.2,84.36,32773,14653,2078094525.41,84.43
2023-02-27,BRK3,85.76,86.93,85.57,86.0,442,387,28473411.82,85.98
2023-02-27,BRM3,87.1,88.47,87.1,87.62,140,121,9190381.12,87.62
2023-02-27,BRN3,89.6,89.6,89.18,89.18,4,4,266753.19,89.18
2023-02-27,BRQ3,91.33,91.33,89.16,90.83,3,3,202584.87,90.48
2023-02-27,BRU3,91.86,91.86,90.95,90.95,6,6,409791.61,91.0
2023-02-27,BRV3,91.99,91.99,91.99,91.99,1,1,68685.62,91.99
2023-02-27,BRZ3,94.4,94.7,94.4,94.7,3,3,211903.24,94.7
2023-02-27,CHH3,103480.0,106240.0,102837.0,105800.0,436,364,45858685.0,105692.0
2023-02-27,CHM3,105630.0,105630.0,103641.0,105118.0,11,11,1151626.0,105118.0
2023-02-27,CNYRUBF,10.97,10.98,10.68,10.72,54271,3222,585054600.0,10.71
2023-02-27,CRH3,10.99,11.01,10.694,10.73,2930985,101217,31679014492.0,10.741
2023-02-27,CRH4,11.585,11.585,11.545,11.545,3,3,34690.0,11.545
2023-02-27,CRM3,11.15,11.153,10.853,10.897,225739,7622,2479426113.0,10.906
2023-02-27,CRM4,11.87,11.96,11.86,11.86,5,5,59422.0,11.86
2023-02-27,CRU3,11.401,11.433,11.096,11.121,506,76,5670603.0,11.122
2023-02-27,CRZ3,11.554,11.65,11.36,11.4,37,26,426119.0,11.4
2023-02-27,CoH3,9088.0,9088.0,9088.0,9088.0,1,1,67856.82,8900.0
2023-02-27,DXH3,12930.0,13091.0,12901.0,12910.0,28,19,287225.47,12915.0
2023-02-27,DXM3,13177.0,13180.0,12501.0,12501.0,4,4,41188.83,12951.0
2023-02-27,DYH3,6935.0,6948.0,6913.0,6948.0,33,17,228791.0,6948.0
2023-02-27,EDH3,1.0564,1.0606,1.0551,1.0594,159951,29742,12647674882.49,1.0594
2023-02-27,EDM3,1.0527,1.0581,1.0524,1.057,8868,1063,699892088.18,1.0571
2023-02-27,EDU3,1.0538,1.0587,1.0522,1.058,32,19,2518116.92,1.058
2023-02-27,EURRUBF,80.18,80.45,78.61,79.0,3223,1949,255777210.0,79.24
2023-02-27,EuH3,79981.0,80071.0,78004.0,78255.0,129993,37484,10247143909.0,78275.0
2023-02-27,EuM3,79920.0,80040.0,78008.0,78306.0,9531,2388,748306812.0,78273.0
2023-02-27,EuU3,80863.0,80863.0,79200.0,79500.0,29,15,2311674.0,79389.0
2023-02-27,EuZ3,81348.0,81348.0,79348.0,79544.0,5,5,399040.0,79544.0
2023-02-27,FSH3,8740.0,8900.0,8722.0,8860.0,88,42,778474.0,8861.0
2023-02-27,FSM3,8860.0,8860.0,8860.0,8860.0,1,1,8860.0,8870.0
2023-02-27,FVH3,14544.0,14850.0,14369.0,14685.0,671,334,9810407.0,14614.0
2023-02-27,FVM3,15134.0,15134.0,14450.0,14969.0,158,91,2364419.0,14950.0
2023-02-27,GDH3,1827.2,1837.7,1825.3,1833.6,106585,23747,14566684091.0,1833.5
2023-02-27,GDM3,1829.5,1839.6,1827.6,1834.3,19025,4317,2601247546.65,1833.9
2023-02-27,GDU3,1845.2,1854.1,1844.8,1854.1,82,73,11316417.16,1852.7
2023-02-27,GDZ3,1869.5,1872.2,1863.0,1868.4,54,41,7523296.86,1868.4
2023-02-27,GKH3,14429.0,14662.0,14384.0,14620.0,16212,7509,236054964.0,14543.0
2023-02-27,GKM3,14504.0,14851.0,14238.0,14755.0,796,267,11737063.0,14692.0
2023-02-27,GKU3,14700.0,14740.0,14700.0,14740.0,5,4,73659.0,14740.0
2023-02-27,GUH3,1.195,1.2032,1.187,1.2032,19,15,1697966.2,1.2032
2023-02-27,GUM3,1.1815,1.1815,1.1815,1.1815,1,1,88218.35,1.203
2023-02-27,GZH3,15469.0,15814.0,15420.0,15708.0,75169,27574,1177649816.0,15705.0
2023-02-27,GZM3,15781.0,16150.0,15727.0,16015.0,5211,1999,83250567.0,16007.0
2023-02-27,GZM4,17300.0,17300.0,17300.0,17300.0,1,1,17300.0,17300.0
2023-02-27,GZU3,15804.0,16284.0,15644.0,16284.0,111,46,1770122.0,16097.0
2023-02-27,GZU4,17597.0,17598.0,16187.0,16187.0,10,6,172545.0,17264.0
2023-02-27,GZZ3,16063.0,16300.0,16063.0,16300.0,2,2,32363.0,16300.0
2023-02-27,GZZ4,17770.0,17784.0,17770.0,17784.0,9,2,159944.0,17851.0
2023-02-27,HOH3,25280.0,25280.0,25200.0,25260.0,3,3,75740.0,25260.0
2023-02-27,HOM3,24860.0,25140.0,24860.0,25140.0,2,2,50000.0,25150.0
2023-02-27,HSH3,20351.0,20396.0,20000.0,20346.0,2818,463,5483323.38,20346.0
2023-02-27,HSM3,21777.0,21777.0,20707.0,21520.0,56,26,114903.39,21520.0
2023-02-27,HSU3,21500.0,21750.0,20555.0,21750.0,26,10,52884.44,21101.0
2023-02-27,HSZ3,22200.0,22200.0,22200.0,22200.0,1,1,2137.86,21601.0
2023-02-27,HYH3,7929.0,7989.0,7905.0,7918.0,267,73,2117048.0,7917.0
2023-02-27,HYM3,8103.0,8106.0,8050.0,8050.0,36,10,291123.0,8050.0
2023-02-27,IRH3,33711.0,34206.0,33680.0,34128.0,77,46,2626562.0,34128.0
2023-02-27,JPH3,137.1,137.48,136.35,137.0,33,25,2506565.57,137.0
2023-02-27,JPM3,134.15,138.0,134.15,135.9,26,14,1982360.67,136.3
2023-02-27,LKH3,39156.0,39383.0,38930.0,39193.0,6274,4228,246395113.0,39158.0
2023-02-27,LKM3,39975.0,40104.0,39800.0,39900.0,93,69,3721547.0,39900.0
2023-02-27,LKU3,39336.0,39336.0,39336.0,39336.0,1,1,39336.0,39336.0
2023-02-27,MCH3,12240.0,12641.0,12004.0,12547.0,295,142,3697930.0,12551.0
2023-02-27,MEH3,11024.0,11555.0,10982.0,11512.0,4827,1364,54511479.0,11516.0
2023-02-27,MEM3,10831.0,11099.0,10802.0,11091.0,591,202,6496394.0,11091.0
2023-02-27,MGH3,38500.0,39421.0,38381.0,39035.0,924,625,35960493.0,39055.0
2023-02-27,MGM3,38696.0,39499.0,38696.0,39255.0,26,20,1018840.0,39255.0
2023-02-27,MLH3,4734.0,4810.0,4559.0,4798.0,4862,1009,22910040.0,4805.0
2023-02-27,MLM3,4820.0,4885.0,4650.0,4881.0,121,70,580150.0,4885.0
2023-02-27,MMH3,2218.1,2260.0,2201.5,2249.35,41639,10722,930048729.5,2250.0
2023-02-27,MMM3,2223.95,2284.0,2206.5,2256.0,1737,670,39122954.5,2256.0
2023-02-27,MMM5,2306.85,2306.85,2306.85,2306.85,1,1,23068.5,2306.85
2023-02-27,MMU3,2242.0,2262.0,2241.95,2262.0,21,11,474065.5,2262.0
2023-02-27,MMU4,2430.0,2430.0,2430.0,2430.0,1,1,24300.0,2430.0
2023-02-27,MMZ3,2190.0,2296.85,2190.0,2282.9,3,3,67697.5,2282.9
2023-02-27,MMZ4,2412.2,2412.2,2412.2,2412.2,1,1,24122.0,2419.2
2023-02-27,MNH3,4571.0,4657.0,4527.0,4648.0,12584,2525,57923260.0,4635.0
2023-02-27,MNM3,4634.0,4706.0,4593.0,4705.0,374,190,1739415.0,4695.0
2023-02-27,MNU3,4730.0,4740.0,4730.0,4740.0,3,2,14210.0,4740.0
2023-02-27,MTH3,25208.0,25631.0,24736.0,25436.0,1045,543,26411293.0,25436.0
2023-02-27,MTM3,25630.0,25961.0,25571.0,25956.0,6,5,154933.0,25956.0
2023-02-27,MTU3,25600.0,26043.0,25335.0,25340.0,7,6,179154.0,25340.0
2023-02-27,MXH3,221800.0,225250.0,220175.0,224925.0,20117,12122,4488293250.0,224950.0
2023-02-27,MXM3,222500.0,225550.0,221750.0,225125.0,298,273,66686325.0,225125.0
2023-02-27,NAH3,11960.0,12069.0,11929.0,12037.0,67215,9069,603462585.31,12031.0
2023-02-27,NAM3,11600.0,11750.0,11550.0,11620.0,546,199,4744122.92,11626.0
2023-02-27,NAU3,11593.0,11755.0,11346.0,11577.0,148,69,1278353.01,11621.0
2023-02-27,NAZ3,11759.0,12000.0,11604.0,11604.0,21,18,185760.78,11870.0
2023-02-27,NGH3,2.577,2.777,2.568,2.724,1308085,249065,26197244417.81,2.722
2023-02-27,NGJ3,2.827,3.036,2.821,2.975,40860,18589,898037285.8,2.972
2023-02-27,NGK3,3.072,3.276,3.072,3.22,1862,1089,44345293.21,3.222
2023-02-27,NGM3,3.319,3.495,3.295,3.453,758,439,19116524.72,3.453
2023-02-27,NGN3,3.465,3.577,3.451,3.549,123,95,3222818.28,3.549
2023-02-27,NGQ3,3.485,3.671,3.485,3.629,59,39,1586997.01,3.629
2023-02-27,NKH3,104494.0,106885.0,104494.0,106725.0,354,321,37535789.0,106687.0
2023-02-27,NKM3,105571.0,107000.0,105571.0,107000.0,19,16,2017798.0,107000.0
2023-02-27,NMH3,11970.0,12486.0,11829.0,12381.0,2660,1339,32568162.0,12412.0
2023-02-27,NMM3,12116.0,12681.0,12045.0,12601.0,134,64,1673418.0,12627.0
2023-02-27,NMU3,12559.0,12560.0,12559.0,12560.0,6,2,75355.0,12895.0
2023-02-27,OZH3,16666.0,16896.0,15953.0,16815.0,1280,680,21086162.0,16821.0
2023-02-27,OZM3,16695.0,16968.0,16461.0,16968.0,44,35,737214.0,16968.0
2023-02-27,PDH3,1423.15,1495.0,1423.12,1474.9,443,270,48341150.11,1467.0
2023-02-27,PDM3,1505.0,1570.0,1505.0,1544.7,54,35,6245156.78,1544.7
2023-02-27,PDU3,1542.0,1621.0,1542.0,1621.0,2,2,236168.56,1585.12
2023-02-27,PHH3,6655.0,6800.0,6626.0,6721.0,882,229,5918071.0,6729.0
2023-02-27,PHM3,6663.0,6860.0,6638.0,6638.0,111,47,750680.0,6700.0
2023-02-27,PIH3,6181.0,6240.0,6113.0,6201.0,232,61,1437407.0,6210.0
2023-02-27,PIM3,6001.0,6233.0,5950.0,6229.0,18,8,111158.0,6224.0
2023-02-27,POH3,4818.0,4944.0,4722.0,4909.0,21363,4592,103411913.0,4890.0
2023-02-27,POM3,4911.0,5032.0,4843.0,5007.0,1228,454,6043158.0,4983.0
2023-02-27,PSH3,1588.0,1600.0,1550.0,1600.0,996,86,1583013.0,1600.0
2023-02-27,PSM3,1300.0,1654.0,1260.0,1623.0,643,114,978223.0,1623.0
2023-02-27,PTH3,930.9,962.4,922.1,950.7,1724,566,121589282.09,950.7
2023-02-27,PTM3,968.3,988.9,952.4,983.7,61,48,4428919.58,983.7
2023-02-27,PZH3,87739.0,89242.0,86530.0,88800.0,1281,942,113077015.0,88865.0
2023-02-27,PZM3,89656.0,90440.0,88198.0,90251.0,48,45,4282258.0,90331.0
2023-02-27,RBH3,12817.0,12817.0,12609.0,12817.0,5,5,63531.0,12817.0
2023-02-27,RIH3,92350.0,96090.0,92120.0,95870.0,122864,73171,17321277589.2,95870.0
2023-02-27,RIH4,91720.0,96430.0,91720.0,93040.0,3,3,419909.46,94370.0
2023-02-27,RIM3,93150.0,96080.0,92920.0,95880.0,1034,918,146244927.51,95880.0
2023-02-27,RIM4,97460.0,97460.0,97460.0,97460.0,1,1,145539.94,93750.0
2023-02-27,RIU3,93470.0,96000.0,93470.0,96000.0,13,13,1849787.86,96000.0
2023-02-27,RIZ3,94360.0,96080.0,94360.0,95580.0,15,15,2145467.26,95580.0
2023-02-27,RLH3,3937.0,3973.0,3832.0,3970.0,2904,471,11409319.0,3964.0
2023-02-27,RLM3,3692.0,4137.0,3661.0,4045.0,292,76,1163509.0,4045.0
2023-02-27,RMH3,923.5,960.5,921.0,958.5,30454,8146,429314151.49,958.5
2023-02-27,RMM3,935.0,961.0,930.5,959.0,500,310,7088888.07,959.0
2023-02-27,RMU3,935.5,952.0,915.5,952.0,17,14,236229.54,952.0
2023-02-27,RMZ3,960.0,960.0,960.0,960.0,1,1,14335.95,960.0
2023-02-27,RNH3,35336.0,36063.0,35206.0,35999.0,2585,1678,92436642.0,36027.0
2023-02-27,RNM3,35932.0,36400.0,35932.0,36400.0,33,28,1196025.0,36400.0
2023-02-27,RNM4,36000.0,36000.0,36000.0,36000.0,2,2,72000.0,36291.0
2023-02-27,RNU3,35800.0,35800.0,35800.0,35800.0,1,1,35800.0,35802.0
2023-02-27,RNZ4,37254.0,37776.0,37254.0,37776.0,2,2,75030.0,37788.0
2023-02-27,RTH3,5853.0,5916.0,5825.0,5879.0,426,140,2500520.0,5879.0
2023-02-27,RTM3,5950.0,5958.0,5950.0,5958.0,4,3,23824.0,5958.0
2023-02-27,SAH3,35.99,36.57,34.53,35.01,61,13,2198735.76,35.01
2023-02-27,SAK3,35.18,35.18,35.18,35.18,1,1,35742.88,35.18
2023-02-27,SEH3,1508.0,1512.0,1332.0,1496.0,1665,141,2458833.0,1496.0
2023-02-27,SEM3,1510.0,1510.0,1510.0,1510.0,1,1,1510.0,1493.0
2023-02-27,SFH3,397.88,402.0,397.67,400.81,62768,13106,1876451292.79,400.88
2023-02-27,SFM3,395.27,398.76,395.26,397.89,2215,975,65703397.98,397.92
2023-02-27,SFU3,392.13,399.69,392.12,396.0,68,44,2005513.81,396.0
2023-02-27,SFZ3,392.02,396.0,392.01,393.06,11,11,323524.79,393.06
2023-02-27,SGH3,27286.0,27678.0,27092.0,27613.0,197,148,5402562.0,27660.0
2023-02-27,SGM3,27866.0,28082.0,27805.0,28070.0,12,9,336407.0,28136.0
2023-02-27,SNH3,22336.0,22626.0,22073.0,22579.0,1759,749,39563818.0,22536.0
2023-02-27,SNM3,22727.0,22901.0,22660.0,22901.0,12,10,273307.0,22937.0
2023-02-27,SOH3,4105.0,4198.0,4101.0,4173.0,542,104,2245381.0,4173.0
2023-02-27,SOM3,4180.0,4243.0,4085.0,4243.0,6,6,24823.0,4123.0
2023-02-27,SPH3,16336.0,16826.0,16225.0,16768.0,8662,4761,143736116.0,16766.0
2023-02-27,SPM3,16530.0,16905.0,16421.0,16870.0,226,119,3786462.0,16870.0
2023-02-27,SRH3,16477.0,17076.0,16360.0,17013.0,446780,92293,7492936396.0,17005.0
2023-02-27,SRM3,16615.0,17176.0,16495.0,17123.0,9437,4308,158949593.0,17111.0
2023-02-27,SRU3,16468.0,17065.0,16307.0,16901.0,589,263,9880306.0,16901.0
2023-02-27,SRZ3,16666.0,17248.0,16625.0,17054.0,265,102,4509283.0,17054.0
2023-02-27,SSH3,2558.0,2621.0,2508.0,2617.0,1162,214,2993280.0,2617.0
2023-02-27,SSM3,2634.0,2648.0,2543.0,2543.0,27,7,70226.0,2559.0
2023-02-27,SVH3,21.18,21.24,20.91,21.05,84423,12920,1329561706.9,21.06
2023-02-27,SVM3,21.31,21.35,20.92,21.24,6248,2551,98745788.76,21.21
2023-02-27,SVU3,21.9,22.01,21.65,21.84,82,39,1331055.69,21.84
2023-02-27,SVZ3,22.86,22.86,22.51,22.57,112,19,1896444.51,22.57
2023-02-27,SXH3,4209.6,4228.0,4031.7,4228.0,1056,215,3467975.89,4228.0
2023-02-27,SXM3,4001.3,4001.3,4001.3,4001.3,1,1,3167.43,4179.4
2023-02-27,SXU3,4000.0,4000.0,3954.0,4000.0,4,4,12613.36,4159.6
2023-02-27,SiH3,75566.0,75665.0,73511.0,73739.0,1391726,392755,103459216144.0,73764.0
2023-02-27,SiH4,79016.0,79474.0,77206.0,77525.0,25,19,1955613.0,77525.0
2023-02-27,SiM3,75912.0,76008.0,73831.0,73957.0,116831,27918,8731543014.0,73988.0
2023-02-27,SiM4,80374.0,80811.0,79000.0,79000.0,11,10,875807.0,79000.0
2023-02-27,SiU3,76779.0,76889.0,75031.0,75200.0,709,510,53731494.0,75200.0
2023-02-27,SiU4,82497.0,82497.0,81700.0,81700.0,13,10,1064583.0,80500.0
2023-02-27,SiZ3,77650.0,77885.0,76100.0,76250.0,147,123,11314837.0,76250.0
2023-02-27,SiZ4,81700.0,81750.0,81370.0,81370.0,5,5,408204.0,81370.0
2023-02-27,TIH3,26606.0,26606.0,23284.0,25415.0,7340,3870,182712095.0,25418.0
2023-02-27,TIM3,26156.0,26403.0,23698.0,25651.0,245,208,6091685.0,25651.0
2023-02-27,TNH3,91878.0,91878.0,91875.0,91875.0,2,2,183753.0,91874.0
2023-02-27,TTH3,31443.0,31784.0,31113.0,31641.0,1506,887,47380904.0,31647.0
2023-02-27,TTM3,32067.0,32500.0,31877.0,32370.0,119,87,3832347.0,32371.0
2023-02-27,TTU3,32600.0,32600.0,32600.0,32600.0,1,1,32600.0,32600.0
2023-02-27,UCH3,6.9,6.927,6.869,6.882,9595,3879,708952269.51,6.878
2023-02-27,USDRUBF,76.06,76.14,74.36,74.55,52589,15493,3945173150.0,74.69
2023-02-27,VBH3,1622.0,1665.0,1618.0,1654.0,94476,9632,155230909.0,1653.0
2023-02-27,VBM3,1660.0,1695.0,1652.0,1685.0,4063,760,6792748.0,1685.0
2023-02-27,VBU3,1690.0,1759.0,1685.0,1713.0,244,45,416539.0,1713.0
2023-02-27,VIH3,41.05,42.95,41.0,41.75,62,40,389654.02,41.75
2023-02-27,W4G3,14880.0,14880.0,14710.0,14710.0,8,6,118220.0,14710.0
2023-02-27,W4H3,15020.0,15020.0,14930.0,14960.0,572,9,8562790.0,14960.0
2023-02-27,W4J3,15050.0,15050.0,15020.0,15020.0,5,3,75150.0,15020.0
2023-02-27,W4M3,15180.0,15180.0,15180.0,15180.0,1,1,15180.0,15180.0
2023-02-27,YNH3,19954.0,20320.0,19415.0,20261.0,7403,3419,147412682.0,20253.0
2023-02-27,YNM3,20337.0,20646.0,19795.0,20630.0,408,281,8226370.0,20609.0
2023-02-27,YNU3,20696.0,20780.0,20300.0,20780.0,18,18,369363.0,20780.0
2023-02-28,AFH3,2836.0,2847.0,2816.0,2829.0,2256,509,6390896.0,2820.0
2023-02-28,AFM3,2882.0,2896.0,2864.0,2869.0,324,117,933626.0,2869.0
2023-02-28,AFU3,2870.0,2950.0,2870.0,2950.0,66,10,193804.0,2950.0
2023-02-28,AKH3,13019.0,13172.0,12981.0,13127.0,745,260,9744123.0,13127.0
2023-02-28,AKM3,13234.0,13236.0,13036.0,13134.0,39,14,514916.0,13138.0
2023-02-28,ALH3,6011.0,6087.0,6011.0,6072.0,7068,1439,42835018.0,6079.0
2023-02-28,ALM3,6132.0,6350.0,6129.0,6184.0,3113,835,19390402.0,6197.0
2023-02-28,ALU3,6314.0,6314.0,6314.0,6314.0,1,1,6314.0,6314.0
2023-02-28,AUH3,0.6719,0.6719,0.6719,0.6719,1,1,50403.45,0.6725
2023-02-28,BRH3,82.61,84.1,81.82,83.78,118630,31205,7387385626.35,83.77
2023-02-28,BRJ3,84.34,85.54,83.64,85.03,59453,18905,3776774379.5,84.96
2023-02-28,BRK3,85.89,86.71,85.11,86.05,1271,810,82067104.5,86.05
2023-02-28,BRM3,87.62,88.23,87.01,87.7,162,141,10678555.25,87.7
2023-02-28,BRN3,88.8,89.73,88.7,89.27,9,9,602868.5,89.27
2023-02-28,BRQ3,89.95,91.9,88.88,89.61,17,17,1149227.21,89.61
2023-02-28,BRU3,91.36,92.25,91.36,92.25,2,2,137737.43,92.25
2023-02-28,BRX3,93.0,93.0,93.0,93.0,1,1,69765.16,93.56
2023-02-28,BRZ3,95.0,95.0,95.0,95.0,1,1,71265.49,94.8
2023-02-28,CHH3,105923.0,107668.0,105079.0,105850.0,426,342,45216858.0,105924.0
2023-02-28,CHM3,106515.0,107563.0,105888.0,105888.0,5,5,533446.0,105888.0
2023-02-28,CNYRUBF,10.72,10.81,10.62,10.78,40011,3069,429659090.0,10.79
2023-02-28,CRH3,10.729,10.829,10.636,10.817,1995226,77344,21475058279.0,10.811
2023-02-28,CRH4,11.45,11.45,11.45,11.45,2,2,22900.0,11.51
2023-02-28,CRM3,10.89,10.987,10.8,10.973,96441,4708,1052820688.0,10.97
2023-02-28,CRM4,11.91,12.017,11.79,11.79,13,13,154717.0,11.82
2023-02-28,CRU3,11.158,11.224,11.031,11.162,154,45,1713242.0,11.162
2023-02-28,CRZ3,11.295,11.768,11.245,11.313,16,14,182180.0,11.32
2023-02-28,CSM3,5501.0,5501.0,5501.0,5501.0,1,1,5501.0,5517.0
2023-02-28,DXH3,12922.0,13035.0,12914.0,12956.0,9,9,92566.78,12950.0
2023-02-28,DXM3,12988.0,12988.0,12988.0,12988.0,1,1,10317.15,12933.0
2023-02-28,DXZ3,13450.0,13450.0,13450.0,13450.0,1,1,10684.14,12752.0
2023-02-28,DYH3,6950.0,6955.0,6916.0,6948.0,50,19,347329.0,6948.0
2023-02-28,EDH3,1.0592,1.0648,1.057,1.0622,165871,30122,13214565569.55,1.0626
2023-02-28,EDM3,1.0567,1.0627,1.0555,1.0597,21152,2353,1682969918.28,1.0601
2023-02-28,EDU3,1.055,1.063,1.055,1.0629,11,9,874570.07,1.0629
2023-02-28,EURRUBF,78.8,79.86,78.25,79.45,4032,1934,319870050.0,79.44
2023-02-28,EuH3,78308.0,79295.0,77553.0,79009.0,142209,36960,11207140561.0,78983.0
2023-02-28,EuM3,78220.0,79278.0,77560.0,79005.0,21818,3827,1721638264.0,78972.0
2023-02-28,EuU3,79000.0,79800.0,78200.0,79800.0,70,50,5556440.0,79799.0
2023-02-28,EuZ3,78555.0,79625.0,78555.0,79625.0,20,10,1586164.0,79625.0
2023-02-28,FNH3,6895.0,6897.0,6895.0,6897.0,5,3,34481.0,6700.0
2023-02-28,FSH3,8883.0,8962.0,8831.0,8890.0,116,37,1031239.0,8890.0
2023-02-28,FSM3,8875.0,9177.0,8875.0,9000.0,22,12,198524.0,9000.0
2023-02-28,FVH3,14678.0,14820.0,14623.0,14642.0,326,154,4798402.0,14655.0
2023-02-28,FVM3,15033.0,15048.0,15000.0,15000.0,14,11,210229.0,15000.0
2023-02-28,GDH3,1833.4,1844.8,1824.7,1842.7,121140,27523,16659159394.21,1843.3
2023-02-28,GDM3,1833.3,1847.0,1826.3,1844.8,8329,3876,1146583332.42,1845.3
2023-02-28,GDU3,1849.0,1860.0,1845.8,1859.0,75,50,10412487.57,1859.0
2023-02-28,GDZ3,1868.1,1875.9,1866.0,1875.3,54,33,7573353.09,1877.1
2023-02-28,GKH3,14628.0,14709.0,14475.0,14538.0,11384,4562,166172065.0,14502.0
2023-02-28,GKM3,14780.0,14849.0,14651.0,14660.0,348,107,5148514.0,14650.0
2023-02-28,GKU3,14800.0,14965.0,14800.0,14965.0,2,2,29765.0,14868.0
2023-02-28,GUH3,1.24,1.24,1.1944,1.2118,38,27,3443683.24,1.2118
2023-02-28,GUM3,1.206,1.206,1.206,1.206,1,1,90469.66,1.206
2023-02-28,GZH3,15703.0,15883.0,15606.0,15828.0,72451,25063,1139703702.0,15810.0
2023-02-28,GZH5,18399.0,18399.0,18399.0,18399.0,1,1,18399.0,18399.0
2023-02-28,GZM3,16011.0,16179.0,15921.0,16138.0,3563,1507,57168115.0,16114.0
2023-02-28,GZU3,15964.0,16081.0,15880.0,15996.0,74,46,1181269.0,15996.0
2023-02-28,GZU4,17500.0,17746.0,17500.0,17746.0,8,5,141559.0,17746.0
2023-02-28,GZZ4,18299.0,18299.0,18299.0,18299.0,1,1,18299.0,18199.0
2023-02-28,HOH3,25260.0,25280.0,25260.0,25280.0,12,4,303140.0,25240.0
2023-02-28,HOM3,25320.0,25320.0,24920.0,24920.0,60,4,1507200.0,25200.0
2023-02-28,HSH3,20373.0,20460.0,19904.0,20375.0,5260,1115,10170997.27,20375.0
2023-02-28,HSM3,21055.0,21485.0,20320.0,21000.0,965,105,1919407.54,21000.0
2023-02-28,HSU3,22171.0,22172.0,21109.0,22000.0,11,7,22788.95,21105.0
2023-02-28,HSZ3,20812.0,23000.0,20812.0,22005.0,11,4,23879.44,21705.0
2023-02-28,HYH3,7938.0,7973.0,7886.0,7886.0,304,99,2405770.0,7886.0
2023-02-28,HYM3,8069.0,8088.0,8007.0,8007.0,74,25,595020.0,8010.0
2023-02-28,IRH3,34196.0,34892.0,34067.0,34248.0,761,360,26188083.0,34243.0
2023-02-28,IRM3,34861.0,35147.0,34861.0,35147.0,6,6,210220.0,34852.0
2023-02-28,JPH3,137.75,138.69,136.99,137.31,55,33,4162439.3,137.31
2023-02-28,JPM3,138.29,138.3,138.2,138.3,12,8,911845.89,138.3
2023-02-28,LKH3,39039.0,40387.0,38800.0,39917.0,12946,7697,515362627.0,39949.0
2023-02-28,LKM3,39764.0,41103.0,39647.0,40697.0,817,625,33287139.0,40710.0
2023-02-28,LKU3,39338.0,42172.0,39338.0,40700.0,13,9,528438.0,40700.0
2023-02-28,LKZ3,41600.0,47915.0,39062.0,41700.0,8,6,349710.0,41700.0
2023-02-28,MAH3,6287.0,6288.0,6287.0,6288.0,2,2,12575.0,6291.0
2023-02-28,MAM3,6626.0,6626.0,6333.0,6600.0,4,4,25893.0,6323.0
2023-02-28,MCH3,12641.0,12861.0,12550.0,12704.0,449,174,5705887.0,12716.0
2023-02-28,MCM3,12946.0,13113.0,12946.0,13001.0,134,34,1746492.0,13001.0
2023-02-28,MEH3,11502.0,11663.0,11450.0,11574.0,4465,1380,51577686.0,11556.0
2023-02-28,MEM3,11091.0,11210.0,11091.0,11162.0,206,143,2298361.0,11163.0
2023-02-28,MGH3,39059.0,39649.0,39004.0,39181.0,455,302,17866974.0,39181.0
2023-02-28,MGM3,39186.0,39843.0,39186.0,39536.0,25,20,988958.0,39536.0
2023-02-28,MLH3,4807.0,4852.0,4732.0,4745.0,3130,577,15006122.0,4745.0
2023-02-28,MLM3,4889.0,4923.0,4823.0,4832.0,108,61,526022.0,4832.0
2023-02-28,MMH3,2249.2,2269.05,2247.8,2257.4,33289,8422,751492647.0,2258.1
2023-02-28,MMH4,2377.9,2377.9,2355.75,2355.75,2,2,47336.5,2355.75
2023-02-28,MMH5,2490.5,2525.0,2490.5,2525.0,4,4,100300.0,2524.0
2023-02-28,MMM3,2256.55,2270.9,2251.05,2262.5,1150,474,26010371.0,2261.1
2023-02-28,MMM4,2416.7,2454.4,2416.7,2454.4,9,9,218926.5,2454.4
2023-02-28,MMM5,2312.35,2312.35,2312.35,2312.35,1,1,23123.5,2312.35
2023-02-28,MMU3,2262.0,2302.55,2259.45,2280.3,32,24,727157.0,2280.3
2023-02-28,MMZ3,2287.15,2499.95,2287.15,2350.0,93,70,2248908.0,2350.0
2023-02-28,MNH3,4647.0,4682.0,4600.0,4609.0,9784,2280,45343803.0,4603.0
2023-02-28,MNM3,4693.0,4744.0,4656.0,4669.0,494,227,2318509.0,4656.0
2023-02-28,MNU3,4822.0,4850.0,4720.0,4723.0,37,12,175567.0,4723.0
2023-02-28,MTH3,25479.0,25988.0,25449.0,25988.0,521,227,13424900.0,25925.0
2023-02-28,MTM3,26007.0,26366.0,25902.0,26366.0,34,23,885825.0,26366.0
2023-02-28,MTU3,25489.0,25489.0,25489.0,25489.0,1,1,25489.0,25599.0
2023-02-28,MXH3,225000.0,226950.0,224775.0,225850.0,13766,8133,3108189875.0,225850.0
2023-02-28,MXM3,225325.0,226750.0,225050.0,225850.0,183,169,41333150.0,225850.0
2023-02-28,MXZ3,229475.0,233500.0,229450.0,232975.0,16,11,3719800.0,232975.0
2023-02-28,NAH3,12036.0,12060.0,11966.0,11998.0,38014,4443,342661510.16,11999.0
2023-02-28,NAM3,11610.0,11700.0,11527.0,11600.0,292,108,2542848.93,11631.0
2023-02-28,NAU3,11727.0,11727.0,11089.0,11506.0,179,92,1538011.71,11506.0
2023-02-28,NAZ3,11772.0,11845.0,11772.0,11845.0,3,3,26599.17,11845.0
2023-02-28,NGH3,2.725,2.807,2.702,2.711,1226587,236135,25349485315.78,2.709
2023-02-28,NGJ3,2.98,3.051,2.904,2.925,49183,23278,1101267258.65,2.922
2023-02-28,NGK3,3.238,3.298,3.177,3.182,2206,1284,53648537.23,3.183
2023-02-28,NGM3,3.471,3.55,3.418,3.445,667,426,17449481.24,3.445
2023-02-28,NGN3,3.564,3.651,3.557,3.595,83,57,2243692.58,3.595
2023-02-28,NGQ3,3.652,3.745,3.627,3.692,108,83,3005715.68,3.692
2023-02-28,NKH3,106850.0,107677.0,106111.0,107046.0,384,339,41018901.0,107046.0
2023-02-28,NKM3,106900.0,107499.0,106850.0,106850.0,7,6,748749.0,106850.0
2023-02-28,NMH3,12414.0,12635.0,12409.0,12543.0,1282,568,16040285.0,12533.0
2023-02-28,NMM3,12629.0,12841.0,12618.0,12738.0,63,46,800809.0,12738.0
2023-02-28,NMU3,12999.0,13000.0,12998.0,13000.0,7,5,90989.0,12975.0
2023-02-28,OGH3,5640.0,5640.0,5455.0,5640.0,3,3,16735.0,5640.0
2023-02-28,OGM3,5441.0,5747.0,5438.0,5747.0,4,4,22066.0,5747.0
2023-02-28,OZH3,16807.0,16980.0,16579.0,16581.0,669,338,11236201.0,16597.0
2023-02-28,OZM3,16972.0,17212.0,16900.0,16900.0,34,28,580403.0,16853.0
2023-02-28,PDH3,1470.0,1480.99,1444.01,1453.01,256,140,28055804.61,1453.11
2023-02-28,PDM3,1544.0,1556.05,1506.53,1528.95,46,36,5266018.18,1528.95
2023-02-28,PHH3,6738.0,6799.0,6706.0,6786.0,609,154,4116633.0,6780.0
2023-02-28,PHM3,6687.0,6783.0,6687.0,6760.0,70,19,472952.0,6715.0
2023-02-28,PIH3,6200.0,6250.0,6162.0,6197.0,244,64,1513700.0,6197.0
2023-02-28,PIM3,6003.0,6218.0,6003.0,6218.0,11,2,66248.0,6214.0
2023-02-28,POH3,4899.0,4997.0,4870.0,4964.0,11961,2530,59155375.0,4969.0
2023-02-28,POM3,4994.0,5082.0,4978.0,5058.0,670,298,3375341.0,5057.0
2023-02-28,PSH3,1599.0,1640.0,1599.0,1639.0,2465,235,4005630.0,1626.0
2023-02-28,PSM3,1631.0,1672.0,1622.0,1632.0,22,12,36033.0,1632.0
2023-02-28,PTH3,947.4,966.0,946.3,961.2,432,244,30960112.3,961.2
2023-02-28,PTM3,983.7,998.0,982.5,996.1,72,52,5337274.47,996.1
2023-02-28,PZH3,88883.0,89777.0,87500.0,88214.0,1173,897,103952921.0,87960.0
2023-02-28,PZM3,90926.0,91412.0,89080.0,89848.0,89,78,8007351.0,89515.0
2023-02-28,RBH3,12829.0,12850.0,12820.0,12850.0,36,10,462098.0,12850.0
2023-02-28,RIH3,95900.0,96780.0,95110.0,95690.0,102489,64592,14744654320.65,95700.0
2023-02-28,RIM3,95950.0,96940.0,95870.0,96230.0,1378,1125,198914622.22,96170.0
2023-02-28,RIU3,96780.0,96780.0,95900.0,96100.0,5,5,721718.75,96100.0
2023-02-28,RIU4,100760.0,100760.0,100760.0,100760.0,1,1,151173.25,96590.0
2023-02-28,RIZ3,96500.0,96500.0,94990.0,95240.0,14,14,2013923.0,95420.0
2023-02-28,RLH3,3969.0,4050.0,3958.0,4010.0,2282,304,9082557.0,3985.0
2023-02-28,RLM3,4074.0,4100.0,4010.0,4074.0,67,21,271477.0,4074.0
2023-02-28,RMH3,958.5,969.0,951.5,958.0,22878,6850,329653529.84,957.5
2023-02-28,RMM3,959.5,970.5,959.0,961.0,564,330,8158405.32,962.5
2023-02-28,RNH3,36015.0,36263.0,35759.0,35900.0,3042,1840,109535582.0,35958.0
2023-02-28,RNM3,36229.0,36590.0,36190.0,36328.0,24,18,870783.0,36375.0
2023-02-28,RNU3,35800.0,35800.0,35800.0,35800.0,1,1,35800.0,35799.0
2023-02-28,RNU4,37200.0,37200.0,37159.0,37159.0,3,3,111518.0,37155.0
2023-02-28,RTH3,5898.0,5899.0,5851.0,5871.0,108,58,635151.0,5871.0
2023-02-28,RTM3,5982.0,6010.0,5947.0,5962.0,41,17,245074.0,5962.0
2023-02-28,SAH3,35.4,35.75,34.76,35.75,41,12,1484325.2,35.16
2023-02-28,SAK3,35.38,35.38,34.97,35.1,4,4,142869.92,34.0
2023-02-28,SEH3,1504.0,1515.0,1466.0,1485.0,218,34,321873.0,1485.0
2023-02-28,SEM3,1493.0,1510.0,1493.0,1510.0,15,3,22480.0,1510.0
2023-02-28,SFH3,401.05,401.78,397.43,398.87,77083,14002,2310558612.99,398.7
2023-02-28,SFM3,398.21,398.23,393.93,394.74,2918,1067,86691014.18,395.01
2023-02-28,SFU3,394.79,395.42,392.01,392.41,113,42,3331568.77,392.45
2023-02-28,SFZ3,393.01,393.01,392.0,393.01,4,4,117776.62,393.01
2023-02-28,SGH3,27691.0,28078.0,27616.0,27909.0,235,171,6548077.0,27909.0
2023-02-28,SGM3,28400.0,28599.0,28400.0,28599.0,3,3,85559.0,28506.0
2023-02-28,SNH3,22636.0,23016.0,22532.0,22878.0,2340,726,53464834.0,22920.0
2023-02-28,SNM3,23096.0,23400.0,23096.0,23400.0,14,13,325045.0,23400.0
2023-02-28,SOH3,4174.0,4306.0,4151.0,4280.0,1313,240,5545069.0,4280.0
2023-02-28,SOM3,4320.0,4408.0,4234.0,4403.0,16,13,69781.0,4401.0
2023-02-28,SPH3,16777.0,16986.0,16735.0,16800.0,7908,4472,133137826.0,16802.0
2023-02-28,SPM3,16934.0,17076.0,16853.0,16953.0,322,201,5461911.0,16907.0
2023-02-28,SRH3,17015.0,17270.0,16905.0,17021.0,408954,93900,6978018879.0,17028.0
2023-02-28,SRM3,17124.0,17388.0,17000.0,17138.0,11786,5981,202278236.0,17130.0
2023-02-28,SRU3,16892.0,17567.0,16807.0,16993.0,422,195,7195308.0,16980.0
2023-02-28,SRZ3,17123.0,17636.0,17000.0,17139.0,153,81,2632462.0,17169.0
2023-02-28,SSH3,2606.0,2636.0,2581.0,2615.0,1034,195,2710781.0,2616.0
2023-02-28,SSM3,2682.0,2690.0,2557.0,2660.0,17,10,45248.0,2660.0
2023-02-28,SVH3,21.03,21.23,20.85,21.17,60605,9789,955396772.47,21.17
2023-02-28,SVM3,21.21,21.36,21.04,21.33,5712,1556,90710539.37,21.34
2023-02-28,SVU3,21.82,21.94,21.68,21.94,89,39,1454010.81,21.94
2023-02-28,SVZ3,22.67,22.8,22.54,22.59,32,14,541835.22,22.59
2023-02-28,SXH3,4210.4,4246.9,4200.0,4220.0,590,93,1976264.87,4220.0
2023-02-28,SXU3,4189.8,4189.8,4000.0,4000.0,2,2,6505.98,4151.7
2023-02-28,SiH3,73785.0,74364.0,73161.0,74164.0,1377539,332651,101873500929.0,74144.0
2023-02-28,SiH4,77310.0,77988.0,77300.0,77988.0,5,4,387806.0,77988.0
2023-02-28,SiM3,73950.0,74574.0,73510.0,74385.0,149986,29086,11136035784.0,74366.0
2023-02-28,SiM4,78981.0,79269.0,78624.0,79269.0,5,5,394724.0,79269.0
2023-02-28,SiU3,75142.0,75719.0,74800.0,75555.0,544,422,40958695.0,75595.0
2023-02-28,SiU4,80733.0,81595.0,80000.0,81595.0,13,13,1049205.0,81595.0
2023-02-28,SiZ3,76067.0,76587.0,75501.0,76500.0,53,44,4034421.0,76500.0
2023-02-28,SiZ4,82632.0,82632.0,82632.0,82632.0,1,1,82632.0,82632.0
2023-02-28,TIH3,25392.0,26072.0,25390.0,25732.0,1568,680,40372543.0,25762.0
2023-02-28,TIM3,25497.0,25890.0,25454.0,25580.0,81,65,2078806.0,25604.0
2023-02-28,TNH3,90600.0,92866.0,90600.0,91000.0,3,3,274466.0,91000.0
2023-02-28,TTH3,31637.0,33160.0,31600.0,32943.0,4510,2136,145507001.0,32946.0
2023-02-28,TTM3,32428.0,33839.0,32371.0,33705.0,243,174,8036722.0,33688.0
2023-02-28,TTU3,33000.0,34000.0,33000.0,33942.0,5,4,168942.0,33942.0
2023-02-28,UCH3,6.883,6.899,6.855,6.877,8185,3598,607534161.51,6.879
2023-02-28,USDRUBF,74.52,75.08,73.93,74.95,44590,11412,3328690550.0,75.01
2023-02-28,VBH3,1655.0,1670.0,1640.0,1647.0,93120,10333,154045541.0,1651.0
2023-02-28,VBM3,1687.0,1701.0,1673.0,1681.0,3670,670,6182858.0,1684.0
2023-02-28,VBU3,1740.0,1740.0,1739.0,1739.0,2,2,3479.0,1727.0
2023-02-28,VIH3,41.85,42.85,41.5,41.8,35,17,219910.25,41.85
2023-02-28,W4G3,14700.0,14750.0,14670.0,14670.0,29,8,425910.0,14666.0
2023-02-28,W4H3,14910.0,15050.0,14850.0,14850.0,34,14,508020.0,14850.0
2023-02-28,W4J3,15140.0,15140.0,15120.0,15120.0,2,2,30260.0,15100.0
2023-02-28,W4K3,15220.0,15220.0,15220.0,15220.0,1,1,15220.0,15190.0
2023-02-28,W4M3,15330.0,15340.0,15330.0,15340.0,2,2,30670.0,15340.0
2023-02-28,YNH3,20237.0,20450.0,20132.0,20291.0,5169,2710,104773345.0,20237.0
2023-02-28,YNM3,20685.0,20812.0,20500.0,20650.0,316,195,6519434.0,20590.0
2023-02-28,YNU3,21077.0,21095.0,20862.0,20995.0,7,7,146915.0,20995.0
2023-03-01,AFH3,2827.0,2854.0,2817.0,2834.0,2125,620,6031486.0,2838.0
2023-03-01,AFM3,2873.0,2901.0,2870.0,2887.0,205,110,591802.0,2887.0
2023-03-01,AFU3,2952.0,2952.0,2849.0,2904.0,12,7,34753.0,2905.0
2023-03-01,AKH3,13107.0,13215.0,13027.0,13203.0,498,241,6553839.0,13191.0
2023-03-01,AKM3,13166.0,13404.0,13166.0,13403.0,36,26,481805.0,13403.0
2023-03-01,ALH3,6071.0,6181.0,6061.0,6140.0,10641,2126,65360865.0,6140.0
2023-03-01,ALM3,6193.0,6300.0,6190.0,6259.0,1804,555,11319810.0,6266.0
2023-03-01,ALU3,6300.0,7306.0,6279.0,6403.0,72,41,460092.0,6340.0
2023-03-01,BRH3,83.8,84.1,83.77,83.9,40559,5439,2556840797.97,83.89
2023-03-01,BRH4,93.0,93.45,92.92,93.45,4,4,279767.84,93.45
2023-03-01,BRJ3,85.08,85.47,84.43,85.35,119154,38191,7606377841.25,85.28
2023-03-01,BRK3,86.28,86.43,84.77,85.93,6943,2830,446238524.46,85.87
2023-03-01,BRM3,87.88,88.18,85.48,86.55,912,508,59480675.96,86.51
2023-03-01,BRN3,89.49,89.75,87.5,88.1,59,54,3920716.92,88.15
2023-03-01,BRQ3,90.38,90.38,88.7,89.22,20,18,1345644.57,89.34
2023-03-01,BRU3,91.32,92.24,90.8,90.9,14,12,960126.03,90.9
2023-03-01,BRV3,92.39,92.39,92.01,92.01,2,2,138546.55,92.03
2023-03-01,BRX3,93.41,93.41,93.41,93.41,1,1,70182.39,93.41
2023-03-01,BRZ3,94.25,94.25,93.02,93.49,13,12,916300.56,93.7
2023-03-01,CFH3,0.9412,0.9456,0.9412,0.9456,2,2,151449.86,0.9424
2023-03-01,CHH3,105702.0,106742.0,104824.0,106219.0,314,278,33221059.0,105936.0
2023-03-01,CHM3,104738.0,106000.0,104738.0,106000.0,4,4,421749.0,106000.0
2023-03-01,CNYRUBF,10.79,10.94,10.77,10.9,29395,2117,320344310.0,10.89
2023-03-01,CRH3,10.813,10.959,10.787,10.922,2345531,77717,25595428875.0,10.921
2023-03-01,CRH4,11.51,11.7,11.51,11.699,24,14,278882.0,11.699
2023-03-01,CRM3,10.959,11.102,10.95,11.063,414401,14016,4579297609.0,11.06
2023-03-01,CRM4,11.815,12.319,11.81,11.958,14,13,168018.0,11.958
2023-03-01,CRU3,11.197,11.331,11.135,11.299,133,36,1498715.0,11.299
2023-03-01,CRZ3,11.422,11.55,11.4,11.41,20,20,229650.0,11.44
2023-03-01,DXH3,12956.0,13644.0,12956.0,13036.0,99,61,1049437.33,13036.0
2023-03-01,DXM3,12520.0,12520.0,12500.0,12500.0,5,4,50128.44,12980.0
2023-03-01,DYH3,6918.0,6998.0,6915.0,6964.0,67,33,466468.0,6964.0
2023-03-01,EDH3,1.0622,1.0687,1.0588,1.0672,224926,32190,18009953872.62,1.0671
2023-03-01,EDM3,1.0594,1.0666,1.0559,1.065,102661,5706,8208464216.72,1.0648
2023-03-01,EDU3,1.0594,1.066,1.0552,1.065,22,17,1755138.23,1.065
2023-03-01,EURRUBF,79.42,80.3,79.18,80.1,2820,1440,225605210.0,80.16
2023-03-01,EuH3,78965.0,79917.0,78599.0,79797.0,111678,30694,8868875326.0,79778.0
2023-03-01,EuM3,78960.0,79942.0,78638.0,79829.0,8336,2326,663073920.0,79759.0
2023-03-01,EuM4,82021.0,82021.0,82021.0,82021.0,1,1,82021.0,82213.0
2023-03-01,EuU3,79203.0,80300.0,79203.0,80300.0,36,32,2872884.0,80300.0
2023-03-01,EuZ3,79663.0,80000.0,79663.0,80000.0,7,5,559663.0,80357.0
2023-03-01,FNH3,6700.0,6700.0,6700.0,6700.0,1,1,6700.0,6700.0
2023-03-01,FSH3,8917.0,8999.0,8876.0,8919.0,49,26,437275.0,8919.0
2023-03-01,FSM3,9200.0,9200.0,9099.0,9099.0,8,8,73243.0,9099.0
2023-03-01,FVH3,14639.0,14745.0,14639.0,14692.0,251,98,3685722.0,14692.0
2023-03-01,FVM3,15032.0,15050.0,15032.0,15041.0,11,7,165461.0,15041.0
2023-03-01,GDH3,1843.9,1858.4,1843.0,1855.3,139117,33034,19340975097.52,1855.3
2023-03-01,GDM3,1847.0,1862.1,1844.1,1859.2,14950,5264,2081855772.05,1858.8
2023-03-01,GDU3,1861.0,1873.3,1853.9,1870.9,125,106,17513590.38,1870.9
2023-03-01,GDZ3,1882.4,1885.0,1878.5,1883.0,40,29,5659671.36,1884.1
2023-03-01,GKH3,14534.0,14879.0,14527.0,14810.0,16138,6372,237849895.0,14752.0
2023-03-01,GKM3,14698.0,15034.0,14693.0,14912.0,1676,419,25093243.0,14881.0
2023-03-01,GKU3,14914.0,14914.0,14800.0,14800.0,10,10,148663.0,14800.0
2023-03-01,GUH3,1.2156,1.2156,1.1996,1.1996,15,13,1359168.64,1.1996
2023-03-01,GUM3,1.2128,1.2128,1.2128,1.2128,1,1,91122.15,1.1994
2023-03-01,GZH3,15805.0,16518.0,15767.0,16314.0,184515,48906,2999483663.0,16336.0
2023-03-01,GZH4,17300.0,17536.0,17300.0,17536.0,2,2,34836.0,17536.0
2023-03-01,GZH5,18399.0,18400.0,18399.0,18400.0,4,4,73597.0,18400.0
2023-03-01,GZM3,16128.0,16792.0,16071.0,16612.0,8268,3633,136579931.0,16626.0
2023-03-01,GZM4,17599.0,17900.0,17599.0,17900.0,23,16,407131.0,17900.0
2023-03-01,GZU3,15980.0,16470.0,15692.0,16400.0,66,46,1074474.0,16297.0
2023-03-01,GZU4,17899.0,18277.0,16260.0,17017.0,22,19,391443.0,17820.0
2023-03-01,GZU5,19100.0,19100.0,19100.0,19100.0,1,1,19100.0,19100.0
2023-03-01,GZZ3,16500.0,17012.0,16500.0,16757.0,28,15,471863.0,16757.0
2023-03-01,GZZ4,18299.0,18300.0,18299.0,18300.0,3,3,54898.0,18301.0
2023-03-01,HOH3,25250.0,25500.0,25250.0,25500.0,55,18,1395660.0,25500.0
2023-03-01,HOM3,24960.0,25600.0,24960.0,25480.0,49,9,1234880.0,25540.0
2023-03-01,HSH3,20397.0,21500.0,20199.0,21044.0,16075,1333,32405716.65,21044.0
2023-03-01,HSM3,20754.0,22300.0,20441.0,22169.0,1570,307,3290162.76,22169.0
2023-03-01,HSU3,21892.0,21992.0,21892.0,21992.0,4,4,8422.41,21992.0
2023-03-01,HYH3,7858.0,7963.0,7858.0,7921.0,350,109,2774807.0,7921.0
2023-03-01,HYM3,8041.0,8072.0,8041.0,8060.0,11,6,88606.0,8060.0
2023-03-01,IRH3,34505.0,34720.0,34162.0,34326.0,229,118,7883767.0,34413.0
2023-03-01,IRM3,34350.0,34944.0,34310.0,34944.0,9,5,311919.0,34944.0
2023-03-01,JPH3,136.75,136.99,136.15,136.15,22,17,1657141.76,136.15
2023-03-01,JPM3,137.94,137.94,136.87,137.9,10,8,758923.39,137.7
2023-03-01,LKH3,39906.0,40779.0,39864.0,40650.0,10207,6342,412354027.0,40585.0
2023-03-01,LKM3,40692.0,41500.0,40692.0,41402.0,455,378,18712264.0,41348.0
2023-03-01,LKU3,40899.0,41387.0,39349.0,40001.0,18,17,728826.0,40044.0
2023-03-01,LKZ3,40263.0,40382.0,40250.0,40347.0,4,4,161242.0,40349.0
2023-03-01,MCH3,12700.0,12961.0,12563.0,12563.0,380,167,4868395.0,12616.0
2023-03-01,MCM3,13329.0,16000.0,12624.0,13148.0,159,80,2140203.0,12853.0
2023-03-01,MEH3,11571.0,11763.0,11508.0,11722.0,4333,1623,50614741.0,11721.0
2023-03-01,MEM3,11161.0,11341.0,11104.0,11340.0,263,159,2959616.0,11340.0
2023-03-01,MGH3,39198.0,39600.0,39059.0,39315.0,255,199,10024516.0,39321.0
2023-03-01,MGM3,39305.0,39914.0,39305.0,39900.0,16,16,635383.0,39900.0
2023-03-01,MLH3,4752.0,4926.0,4751.0,4897.0,4617,1019,22433216.0,4880.0
2023-03-01,MLM3,4840.0,5011.0,4834.0,4993.0,775,273,3816611.0,4969.0
2023-03-01,MMH3,2258.0,2293.2,2257.3,2285.2,32578,9644,742790663.5,2285.9
2023-03-01,MMM3,2261.1,2288.8,2261.1,2279.0,1229,540,27987700.0,2279.0
2023-03-01,MMM4,2471.1,2543.4,2471.1,2500.0,10,10,248776.5,2500.0
2023-03-01,MMU3,2300.0,2302.8,2273.75,2298.4,29,17,664802.0,2298.4
2023-03-01,MMU4,2449.7,2449.7,2447.0,2447.0,11,4,269201.5,2447.0
2023-03-01,MMZ3,2332.25,2382.5,2332.25,2372.0,22,15,519748.0,2372.0
2023-03-01,MNH3,4600.0,4626.0,4542.0,4575.0,14054,3484,64359752.0,4571.0
2023-03-01,MNM3,4656.0,4677.0,4604.0,4630.0,3062,1363,14178850.0,4630.0
2023-03-01,MNU3,4724.0,4724.0,4687.0,4687.0,9,6,42410.0,4685.0
2023-03-01,MTH3,25993.0,26153.0,25802.0,25854.0,818,380,21266824.0,25854.0
2023-03-01,MTM3,26473.0,26526.0,26305.0,26307.0,11,9,290676.0,26277.0
2023-03-01,MTU3,25425.0,25729.0,22816.0,25729.0,6,6,150471.0,25729.0
2023-03-01,MXH3,225775.0,229475.0,225775.0,228675.0,14367,8499,3277975250.0,228725.0
2023-03-01,MXM3,226100.0,229000.0,226100.0,227800.0,479,420,109184100.0,227975.0
2023-03-01,MXU3,226025.0,226025.0,226025.0,226025.0,1,1,226025.0,228525.0
2023-03-01,MXZ3,229025.0,229025.0,222500.0,226525.0,11,10,2471075.0,226550.0
2023-03-01,NAH3,12021.0,12092.0,11916.0,12000.0,63058,6450,569749212.39,11992.0
2023-03-01,NAM3,11606.0,11691.0,11580.0,11596.0,1008,197,8810651.81,11633.0
2023-03-01,NAU3,11579.0,11692.0,11370.0,11568.0,57,48,496227.05,11568.0
2023-03-01,NAZ3,11999.0,12000.0,11990.0,11995.0,15,7,135223.17,11995.0
2023-03-01,NGH3,2.709,2.87,2.635,2.806,1667600,320466,34834740899.77,2.806
2023-03-01,NGJ3,2.913,3.043,2.84,2.976,72280,31571,1605744075.91,2.977
2023-03-01,NGK3,3.181,3.288,3.109,3.235,2174,1392,52382404.06,3.235
2023-03-01,NGM3,3.443,3.49,3.359,3.43,958,526,24546946.19,3.43
2023-03-01,NGN3,3.562,3.679,3.529,3.59,172,119,4664502.95,3.59
2023-03-01,NGQ3,3.653,3.76,3.652,3.709,45,29,1256986.82,3.709
2023-03-01,NKH3,107188.0,107903.0,106540.0,107598.0,394,352,42254059.0,107598.0
2023-03-01,NKM3,107566.0,108692.0,106801.0,106907.0,47,30,5059887.0,107176.0
2023-03-01,NMH3,12547.0,12840.0,12505.0,12840.0,2381,917,30246393.0,12821.0
2023-03-01,NMM3,12741.0,12880.0,12728.0,12855.0,140,63,1799332.0,12852.0
2023-03-01,OGM3,5737.0,5737.0,5560.0,5560.0,2,2,11297.0,5560.0
2023-03-01,OZH3,16598.0,16899.0,16598.0,16720.0,501,271,8383190.0,16723.0
2023-03-01,OZM3,16882.0,17040.0,16800.0,16970.0,40,31,677689.0,16970.0
2023-03-01,PDH3,1457.99,1481.0,1447.0,1472.6,366,185,40293240.91,1471.17
2023-03-01,PDM3,1510.01,1548.98,1510.01,1547.68,36,30,4162485.21,1548.29
2023-03-01,PHH3,6763.0,6912.0,6720.0,6894.0,1722,405,11786556.0,6894.0
2023-03-01,PHM3,6758.0,6836.0,6626.0,6836.0,32,27,215408.0,6826.0
2023-03-01,PIH3,6216.0,6297.0,6213.0,6283.0,259,72,1622646.0,6283.0
2023-03-01,PIM3,6217.0,6300.0,6217.0,6299.0,52,17,325579.0,6298.0
2023-03-01,POH3,4967.0,5135.0,4956.0,5070.0,20328,4431,103149620.0,5088.0
2023-03-01,POM3,5057.0,5225.0,5055.0,5149.0,1411,573,7295107.0,5189.0
2023-03-01,PSH3,1625.0,1648.0,1606.0,1632.0,1773,137,2894311.0,1632.0
2023-03-01,PSM3,1659.0,1690.0,1634.0,1650.0,59,33,97926.0,1650.0
2023-03-01,PTH3,962.3,978.0,960.5,977.9,901,397,65745819.44,976.2
2023-03-01,PTM3,992.1,1010.0,992.1,1010.0,34,29,2567341.08,1009.4
2023-03-01,PZH3,88033.0,90272.0,87967.0,90018.0,1610,1257,143455554.0,90010.0
2023-03-01,PZM3,89600.0,91500.0,89600.0,91500.0,66,61,5972472.0,91500.0
2023-03-01,RBH3,12850.0,12870.0,12850.0,12870.0,34,8,437264.0,12880.0
2023-03-01,RIH3,95750.0,97170.0,95320.0,96740.0,93995,60555,13620637145.43,96710.0
2023-03-01,RIM3,96180.0,97710.0,95770.0,97130.0,1010,873,147288376.68,97130.0
2023-03-01,RIU3,97160.0,97160.0,97160.0,97160.0,5,5,729997.1,97160.0
2023-03-01,RIU4,97860.0,97860.0,97860.0,97860.0,1,1,147051.29,97200.0
2023-03-01,RIZ3,97100.0,97100.0,97100.0,97100.0,1,1,145909.26,97100.0
2023-03-01,RLH3,3985.0,4133.0,3968.0,4121.0,4490,649,18265501.0,4118.0
2023-03-01,RLM3,4051.0,4200.0,4030.0,4199.0,137,37,565342.0,4199.0
2023-03-01,RMH3,958.5,971.5,954.0,967.0,14249,5309,206503229.12,967.5
2023-03-01,RMM3,964.0,980.0,960.0,972.5,508,312,7419790.45,972.5
2023-03-01,RMU3,955.0,955.0,955.0,955.0,1,1,14350.54,963.0
2023-03-01,RNH3,35906.0,36414.0,35893.0,36270.0,2361,1386,85489571.0,36270.0
2023-03-01,RNM3,36327.0,36699.0,36326.0,36468.0,53,41,1934435.0,36522.0
2023-03-01,RNU3,36400.0,36400.0,36400.0,36400.0,1,1,36400.0,35801.0
2023-03-01,RTH3,5892.0,5930.0,5892.0,5900.0,86,55,508814.0,5911.0
2023-03-01,RTM3,5971.0,6020.0,5960.0,6007.0,12,9,71886.0,6007.0
2023-03-01,SAK3,35.73,35.73,34.18,34.18,4,4,140482.32,34.18
2023-03-01,SEH3,1468.0,1505.0,1436.0,1498.0,180,22,263276.0,1498.0
2023-03-01,SFH3,398.88,400.37,396.17,397.63,78024,11732,2335756389.19,397.69
2023-03-01,SFM3,395.71,396.84,393.98,394.79,3171,1082,94255917.3,394.79
2023-03-01,SFU3,392.58,394.2,392.02,392.44,93,50,2746023.09,392.44
2023-03-01,SFZ3,391.0,393.77,391.0,391.0,33,15,973144.57,391.0
2023-03-01,SGH3,28022.0,28248.0,27941.0,28240.0,156,109,4383872.0,28240.0
2023-03-01,SGM3,28506.0,28817.0,28506.0,28769.0,21,14,602835.0,28769.0
2023-03-01,SNH3,22919.0,23105.0,22823.0,22933.0,1593,728,36586382.0,22932.0
2023-03-01,SNM3,23420.0,23579.0,23328.0,23441.0,52,44,1219065.0,23441.0
2023-03-01,SOH3,4213.0,4359.0,4213.0,4326.0,941,149,4063614.0,4326.0
2023-03-01,SOM3,4408.0,4468.0,4390.0,4452.0,77,25,340878.0,4452.0
2023-03-01,SPH3,16809.0,16978.0,16793.0,16869.0,5785,3318,97674535.0,16859.0
2023-03-01,SPM3,16942.0,17135.0,16927.0,16977.0,170,83,2894757.0,16977.0
2023-03-01,SRH3,17023.0,17240.0,17005.0,17048.0,269619,66673,4609616149.0,17055.0
2023-03-01,SRM3,17145.0,17345.0,17100.0,17170.0,9738,4582,167593150.0,17171.0
2023-03-01,SRU3,16990.0,17100.0,16777.0,17046.0,170,90,2896198.0,17046.0
2023-03-01,SRZ3,17224.0,17486.0,17200.0,17201.0,93,53,1607929.0,17241.0
2023-03-01,SSH3,2637.0,2645.0,2586.0,2606.0,724,113,1890642.0,2610.0
2023-03-01,SSM3,2586.0,2740.0,2586.0,2629.0,34,17,90856.0,2631.0
2023-03-01,SVH3,21.2,21.41,21.14,21.4,66766,11226,1068030727.26,21.39
2023-03-01,SVM3,21.38,21.51,21.27,21.5,4569,1687,73461135.53,21.51
2023-03-01,SVU3,21.84,21.93,21.71,21.84,64,38,1050684.7,21.87
2023-03-01,SVZ3,22.85,22.87,22.85,22.85,17,4,291901.94,22.84
2023-03-01,SXH3,4225.8,4250.0,4213.0,4225.3,383,72,1298584.62,4225.3
2023-03-01,SiH3,74198.0,74725.0,74025.0,74631.0,1204459,267964,89669486024.0,74632.0
2023-03-01,SiH4,77633.0,77633.0,77555.0,77555.0,2,2,155188.0,77948.0
2023-03-01,SiM3,74353.0,74913.0,74279.0,74836.0,193936,24353,14476370325.0,74828.0
2023-03-01,SiM4,79042.0,79548.0,79042.0,79548.0,2,2,158590.0,79548.0
2023-03-01,SiU3,75571.0,75990.0,75525.0,75871.0,396,275,30013426.0,75871.0
2023-03-01,SiU4,81492.0,81492.0,80876.0,81087.0,6,6,486438.0,81087.0
2023-03-01,SiZ3,76555.0,78672.0,76235.0,76415.0,152,122,11657703.0,76415.0
2023-03-01,SiZ4,81382.0,81382.0,81382.0,81382.0,1,1,81382.0,81382.0
2023-03-01,TIH3,25748.0,26000.0,25402.0,25677.0,591,282,15168722.0,25677.0
2023-03-01,TIM3,25615.0,25700.0,25480.0,25634.0,27,18,690551.0,25634.0
2023-03-01,TNH3,92111.0,92519.0,92110.0,92400.0,5,5,461360.0,92400.0
2023-03-01,TTH3,32961.0,33666.0,32691.0,33585.0,4448,2297,147596553.0,33588.0
2023-03-01,TTM3,33659.0,34350.0,33395.0,34350.0,537,352,18200608.0,34350.0
2023-03-01,TTU3,34000.0,34899.0,32004.0,34351.0,52,39,1753823.0,34351.0
2023-03-01,TYM3,3.996,4.097,3.95,4.095,20,12,80253.0,4.095
2023-03-01,UCH3,6.876,6.89,6.812,6.849,8021,3939,597509791.01,6.849
2023-03-01,USDRUBF,74.91,75.35,74.69,75.11,38154,11952,2865211120.0,75.13
2023-03-01,VBH3,1649.0,1675.0,1647.0,1667.0,74439,8799,123928251.0,1668.0
2023-03-01,VBM3,1686.0,1707.0,1681.0,1700.0,4943,879,8387210.0,1701.0
2023-03-01,VBU3,1724.0,1754.0,1695.0,1744.0,87,38,150808.0,1736.0
2023-03-01,VIH3,42.55,42.65,41.55,41.55,11,11,69513.7,41.55
2023-03-01,W4F4,16070.0,16100.0,15170.0,16100.0,18,7,284010.0,16100.0
2023-03-01,W4H3,14980.0,14990.0,14920.0,14940.0,509,7,7594510.0,14940.0
2023-03-01,W4J3,15080.0,15080.0,15050.0,15070.0,3,3,45200.0,15060.0
2023-03-01,W4K3,15150.0,15200.0,15150.0,15200.0,2,2,30350.0,15190.0
2023-03-01,W4M3,15370.0,15390.0,15020.0,15390.0,12,4,184200.0,15390.0
2023-03-01,W4Z3,15850.0,15850.0,15850.0,15850.0,1,1,15850.0,15850.0
2023-03-01,YNH3,20270.0,20499.0,20211.0,20335.0,4688,2442,95480096.0,20345.0
2023-03-01,YNM3,20641.0,20835.0,20584.0,20706.0,482,308,9984269.0,20708.0
2023-03-01,YNU3,20818.0,21711.0,20818.0,21174.0,44,36,936527.0,21174.0
2023-03-02,AFH3,2835.0,2850.0,2791.0,2812.0,7502,1840,21116639.0,2812.0
2023-03-02,AFM3,2882.0,2900.0,2841.0,2859.0,587,189,1687100.0,2861.0
2023-03-02,AFU3,2977.0,2980.0,2903.0,2958.0,57,11,169134.0,2958.0
2023-03-02,AKH3,13223.0,13347.0,12950.0,13084.0,1197,366,15663738.0,13093.0
2023-03-02,AKM3,13500.0,13523.0,13080.0,13240.0,65,31,872945.0,13240.0
2023-03-02,ALH3,6145.0,6200.0,6019.0,6098.0,7316,2093,44782903.0,6097.0
2023-03-02,ALM3,6277.0,6322.0,6137.0,6218.0,1436,475,8948774.0,6218.0
2023-03-02,ALU3,6404.0,6450.0,6326.0,6326.0,162,21,1042914.0,6400.0
2023-03-02,BRF4,95.06,98.0,95.06,97.25,17,17,1246534.17,97.23
2023-03-02,BRG4,96.0,96.0,96.0,96.0,2,2,144696.96,96.0
2023-03-02,BRJ3,85.28,86.24,84.6,85.86,119149,41125,7690843980.37,85.87
2023-03-02,BRK3,85.86,86.76,85.29,86.51,3008,1674,195533138.77,86.52
2023-03-02,BRM3,86.5,87.23,86.29,87.02,461,252,30141748.21,87.0
2023-03-02,BRN3,88.38,88.94,87.76,88.72,87,69,5807834.49,88.75
2023-03-02,BRQ3,89.3,90.4,88.94,89.79,13,13,880043.89,89.79
2023-03-02,BRU3,91.3,91.6,91.0,91.0,4,4,275225.68,91.0
2023-03-02,BRV3,92.5,92.5,92.5,92.5,1,1,69710.78,92.5
2023-03-02,BRX3,94.0,94.0,94.0,94.0,1,1,70841.22,93.99
2023-03-02,BRZ3,93.68,94.72,93.68,94.72,9,9,638520.55,94.72
2023-03-02,CFH3,0.9446,0.9446,0.9446,0.9446,1,1,75689.29,0.9446
2023-03-02,CHH3,106075.0,107273.0,103505.0,105135.0,617,559,65094592.0,105234.0
2023-03-02,CHM3,106800.0,106800.0,103940.0,103940.0,13,13,1366342.0,104044.0
2023-03-02,CNYRUBF,10.91,10.95,10.84,10.86,56357,1424,614640470.0,10.87
2023-03-02,CRH3,10.91,10.968,10.861,10.881,1534827,60996,16763033868.0,10.888
2023-03-02,CRH4,11.73,11.73,11.553,11.553,9,5,104214.0,11.61
2023-03-02,CRM3,11.07,11.095,11.009,11.031,107317,7540,1187137315.0,11.034
2023-03-02,CRM4,11.977,11.977,11.977,11.977,1,1,11977.0,11.977
2023-03-02,CRU3,11.275,11.32,11.22,11.25,122,31,1374839.0,11.25
2023-03-02,CRZ3,11.515,11.539,11.4,11.431,28,28,321693.0,11.431
2023-03-02,CSH3,5619.0,5620.0,5619.0,5620.0,2,2,11239.0,5617.0
2023-03-02,CoH3,8360.5,8360.5,8360.5,8360.5,2,2,126014.48,9000.0
2023-03-02,DXH3,13003.0,13048.0,12950.0,12950.0,97,43,1002491.73,12950.0
2023-03-02,DYH3,6978.0,6984.0,6944.0,6948.0,28,16,195049.0,6948.0
2023-03-02,EDH3,1.0671,1.0687,1.0586,1.0595,124233,33504,9945319902.94,1.0595
2023-03-02,EDM3,1.0636,1.068,1.0575,1.0583,23296,4790,1863939733.52,1.0583
2023-03-02,EDU3,1.0617,1.0668,1.0582,1.0617,9,8,720553.19,1.0609
2023-03-02,EURRUBF,80.05,80.44,79.57,79.73,2207,891,176947390.0,79.72
2023-03-02,EuH3,79740.0,80283.0,79420.0,79585.0,102034,30056,8156461280.0,79578.0
2023-03-02,EuM3,79729.0,80600.0,79541.0,79614.0,26545,6808,2126375583.0,79663.0
2023-03-02,EuU3,80600.0,80900.0,80490.0,80490.0,23,21,1857365.0,80490.0
2023-03-02,EuZ3,80800.0,81176.0,80800.0,80800.0,4,4,323576.0,80800.0
2023-03-02,FNH3,7194.0,7194.0,6702.0,6702.0,2,2,13896.0,6702.0
2023-03-02,FNM3,7038.0,7038.0,7038.0,7038.0,1,1,7038.0,6682.0
2023-03-02,FSH3,8908.0,8919.0,8708.0,8763.0,70,44,617402.0,8746.0
2023-03-02,FSM3,9149.0,9149.0,8924.0,8924.0,12,11,107642.0,8924.0
2023-03-02,FVH3,14672.0,14868.0,14477.0,14709.0,1092,324,16055134.0,14731.0
2023-03-02,FVM3,15196.0,15200.0,14888.0,15027.0,97,34,1468399.0,15061.0
2023-03-02,GDH3,1854.0,1856.0,1841.8,1848.5,103408,29857,14395571740.12,1848.5
2023-03-02,GDH4,1944.1,1944.1,1944.1,1944.1,1,1,146513.21,1880.5
2023-03-02,GDM3,1857.1,1859.2,1845.9,1851.2,6315,3184,881374556.44,1851.1
2023-03-02,GDU3,1870.0,1870.7,1858.8,1863.8,47,46,6596334.98,1863.8
2023-03-02,GDZ3,1881.0,1886.0,1870.1,1870.1,42,30,5933411.88,1872.0
2023-03-02,GKH3,14727.0,14811.0,14507.0,14515.0,13286,6058,194097917.0,14527.0
2023-03-02,GKM3,14920.0,14954.0,14630.0,14680.0,386,118,5688433.0,14650.0
2023-03-02,GKU3,14899.0,14900.0,14834.0,14900.0,7,7,104209.0,14887.0
2023-03-02,GUH3,1.2001,1.2015,1.1933,1.1967,17,12,1536282.27,1.1957
2023-03-02,GZH3,16312.0,16571.0,15997.0,16150.0,200738,51055,3265306038.0,16153.0
2023-03-02,GZH4,17332.0,17620.0,17300.0,17445.0,10,9,173756.0,17445.0
2023-03-02,GZM3,16610.0,16862.0,16317.0,16458.0,8920,3443,147546037.0,16463.0
2023-03-02,GZM4,17729.0,17729.0,17433.0,17433.0,2,2,35162.0,17729.0
2023-03-02,GZU3,16421.0,16639.0,16285.0,16579.0,166,111,2741249.0,16579.0
2023-03-02,GZU4,18000.0,18000.0,17820.0,17820.0,3,3,53700.0,17820.0
2023-03-02,GZZ3,16828.0,18600.0,16819.0,17262.0,335,135,5919757.0,17262.0
2023-03-02,GZZ4,18248.0,18248.0,18242.0,18242.0,2,2,36490.0,18247.0
2023-03-02,HKM3,10.097,10.099,9.667,9.67,435,45,4228240.0,9.67
2023-03-02,HOH3,25410.0,25570.0,25410.0,25560.0,52,10,1326350.0,25560.0
2023-03-02,HOM3,25540.0,25540.0,25540.0,25540.0,1,1,25540.0,25540.0
2023-03-02,HSH3,21060.0,21319.0,20595.0,20959.0,36545,921,73777393.96,20959.0
2023-03-02,HSM3,22010.0,22759.0,21550.0,22009.0,560,176,1191300.28,22009.0
2023-03-02,HSU3,22247.0,22247.0,21992.0,21992.0,15,14,31871.94,21992.0
2023-03-02,HSZ3,22014.0,22910.0,22014.0,22023.0,63,4,138594.0,22023.0
2023-03-02,HYH3,7938.0,7940.0,7890.0,7907.0,300,100,2374859.0,7904.0
2023-03-02,HYM3,8070.0,8090.0,8000.0,8060.0,26,21,209082.0,8048.0
2023-03-02,IRH3,34449.0,34556.0,33691.0,33935.0,194,119,6624839.0,33935.0
2023-03-02,IRM3,34300.0,34301.0,33800.0,33800.0,15,12,513509.0,33800.0
2023-03-02,JPH3,136.8,138.0,136.02,137.6,44,34,3347632.03,137.6
2023-03-02,JPM3,136.5,138.5,136.5,136.61,24,12,1828915.64,136.8
2023-03-02,LKH3,40645.0,40945.0,39812.0,40311.0,15133,9447,612103554.0,40248.0
2023-03-02,LKM3,41369.0,41721.0,40576.0,41087.0,2911,1780,120069864.0,41054.0
2023-03-02,LKU3,41318.0,41449.0,40045.0,40500.0,15,15,613336.0,40500.0
2023-03-02,LKZ3,42900.0,42900.0,42900.0,42900.0,1,1,42900.0,42100.0
2023-03-02,MAH3,6881.0,6881.0,6881.0,6881.0,1,1,6881.0,6353.0
2023-03-02,MAM3,6402.0,6402.0,6402.0,6402.0,1,1,6402.0,6311.0
2023-03-02,MCH3,12675.0,12771.0,12126.0,12540.0,634,322,7938662.0,12540.0
2023-03-02,MCM3,13119.0,13131.0,12289.0,12850.0,44,23,561720.0,12850.0
2023-03-02,MEH3,11725.0,11796.0,11504.0,11610.0,6662,2211,77518493.0,11569.0
2023-03-02,MEM3,11328.0,11525.0,11115.0,11226.0,461,227,5179732.0,11190.0
2023-03-02,MEU3,11000.0,11000.0,10900.0,10900.0,2,2,21900.0,11675.0
2023-03-02,MGH3,39356.0,39882.0,38550.0,39193.0,740,464,29092573.0,39194.0
2023-03-02,MGM3,40000.0,40299.0,39333.0,39617.0,31,29,1234441.0,39617.0
2023-03-02,MLH3,4889.0,4902.0,4700.0,4794.0,5323,1002,25588434.0,4806.0
2023-03-02,MLM3,4983.0,4993.0,4801.0,4907.0,618,190,3054032.0,4907.0
2023-03-02,MMH3,2284.65,2300.0,2242.5,2261.0,62762,16394,1423003764.0,2261.0
2023-03-02,MMM3,2280.3,2290.0,2247.05,2265.7,1350,693,30598515.0,2264.7
2023-03-02,MMM4,2457.6,2457.6,2457.6,2457.6,1,1,24576.0,2456.95
2023-03-02,MMM5,2400.0,2665.3,2220.0,2220.0,16,8,384936.0,2316.6
2023-03-02,MMU3,2320.0,2320.0,2265.35,2265.35,7,6,159736.0,2265.35
2023-03-02,MMU5,2583.9,2599.95,2583.9,2599.95,3,2,77677.5,2597.85
2023-03-02,MMZ3,2344.85,2360.0,2300.4,2300.4,5,5,116676.5,2322.6
2023-03-02,MMZ4,2475.0,2475.0,2475.0,2475.0,1,1,24750.0,2475.0
2023-03-02,MNH3,4572.0,4595.0,4504.0,4544.0,8807,2253,40047927.0,4535.0
2023-03-02,MNM3,4630.0,4638.0,4555.0,4594.0,1564,520,7190537.0,4594.0
2023-03-02,MNU3,4685.0,4730.0,4685.0,4691.0,16,8,75421.0,4691.0
2023-03-02,MNZ3,4740.0,4750.0,4740.0,4750.0,2,2,9490.0,4807.0
2023-03-02,MTH3,25855.0,25993.0,25337.0,25600.0,640,309,16461765.0,25601.0
2023-03-02,MTM3,26277.0,26389.0,25752.0,25780.0,69,47,1801395.0,25780.0
2023-03-02,MTU3,25272.0,25500.0,25272.0,25500.0,2,2,50772.0,25500.0
2023-03-02,MXH3,228525.0,229675.0,224425.0,226075.0,26231,14602,5951781375.0,226050.0
2023-03-02,MXM3,227725.0,228775.0,224700.0,225925.0,837,728,189837850.0,225925.0
2023-03-02,MXU3,226025.0,226025.0,226025.0,226025.0,1,1,226025.0,226025.0
2023-03-02,MXZ3,230000.0,230000.0,230000.0,230000.0,1,1,230000.0,230000.0
2023-03-02,NAH3,11985.0,11999.0,11803.0,11860.0,81129,9488,726470276.77,11868.0
2023-03-02,NAM3,11610.0,11650.0,11500.0,11565.0,1426,284,12411614.5,11572.0
2023-03-02,NAU3,11382.0,11585.0,11382.0,11520.0,49,32,424453.46,11520.0
2023-03-02,NAZ3,11835.0,11835.0,11790.0,11800.0,61,10,543186.23,11800.0
2023-03-02,NGH3,2.804,2.896,2.771,2.837,1286727,251140,27559642054.97,2.843
2023-03-02,NGJ3,2.969,3.077,2.936,2.997,67025,30377,1520300770.5,3.008
2023-03-02,NGK3,3.212,3.336,3.206,3.288,2225,1329,54958950.57,3.281
2023-03-02,NGM3,3.425,3.51,3.411,3.46,423,246,11034017.2,3.46
2023-03-02,NGN3,3.646,3.678,3.585,3.636,71,44,1943189.82,3.636
2023-03-02,NGQ3,3.727,3.758,3.694,3.753,66,33,1853583.08,3.753
2023-03-02,NKH3,107265.0,108000.0,105230.0,106013.0,601,540,63969497.0,105892.0
2023-03-02,NKM3,107700.0,107700.0,105500.0,105500.0,47,44,4998631.0,105505.0
2023-03-02,NMH3,12843.0,12907.0,12459.0,12628.0,2960,1266,37651249.0,12628.0
2023-03-02,NMM3,12855.0,12997.0,12600.0,12674.0,57,41,728881.0,12674.0
2023-03-02,OGH3,5799.0,5800.0,5521.0,5521.0,7,7,39855.0,5525.0
2023-03-02,OZH3,16729.0,16801.0,16355.0,16536.0,658,349,10898423.0,16521.0
2023-03-02,OZM3,16911.0,17011.0,16648.0,16800.0,27,24,454539.0,16800.0
2023-03-02,PDH3,1474.99,1478.0,1447.05,1458.95,92,80,10126405.72,1462.03
2023-03-02,PDM3,1553.5,1553.5,1525.52,1540.8,11,11,1278528.77,1540.8
2023-03-02,PHH3,6895.0,6960.0,6681.0,6729.0,2370,568,16110618.0,6739.0
2023-03-02,PHM3,6826.0,6879.0,6636.0,6650.0,178,83,1198057.0,6650.0
2023-03-02,PIH3,6271.0,6317.0,6100.0,6176.0,663,195,4100685.0,6186.0
2023-03-02,PIM3,6251.0,6345.0,6230.0,6259.0,8,7,50254.0,6259.0
2023-03-02,POH3,5075.0,5159.0,4950.0,5046.0,35494,6553,178779252.0,5020.0
2023-03-02,POM3,5179.0,5250.0,5050.0,5115.0,4115,1240,21070819.0,5115.0
2023-03-02,PSH3,1640.0,1644.0,1580.0,1637.0,2004,251,3240223.0,1624.0
2023-03-02,PSM3,1670.0,1748.0,1607.0,1655.0,147,35,239614.0,1655.0
2023-03-02,PTH3,976.1,976.1,960.7,973.2,426,261,31080937.24,973.2
2023-03-02,PTM3,1002.0,1012.1,997.3,997.3,60,51,4544456.67,1004.7
2023-03-02,PZH3,90139.0,90444.0,88150.0,89111.0,1265,1048,112852298.0,89007.0
2023-03-02,PZM3,91815.0,91817.0,89881.0,90569.0,171,158,15517153.0,90569.0
2023-03-02,RBM3,12610.0,12610.0,12609.0,12609.0,2,2,25219.0,12609.0
2023-03-02,RIH3,96730.0,96970.0,93970.0,94900.0,139013,83675,19967607753.04,94930.0
2023-03-02,RIH4,95120.0,95120.0,95120.0,95120.0,1,1,143370.57,95120.0
2023-03-02,RIM3,96900.0,97300.0,94920.0,95750.0,2889,1954,418029697.84,95750.0
2023-03-02,RIU3,95710.0,95710.0,94740.0,95620.0,18,16,2585403.06,95620.0
2023-03-02,RIZ3,95900.0,95900.0,94300.0,94300.0,11,11,1565892.43,94370.0
2023-03-02,RLH3,4118.0,4156.0,4051.0,4092.0,3065,423,12569299.0,4092.0
2023-03-02,RLM3,4199.0,4250.0,4174.0,4174.0,87,20,364431.0,4174.0
2023-03-02,RMH3,966.0,969.5,940.5,950.0,24879,7830,357351513.42,950.0
2023-03-02,RMM3,972.0,974.5,950.5,959.5,995,532,14391673.01,959.0
2023-03-02,RMU3,958.5,1034.0,924.0,945.0,94,31,1384621.75,945.5
2023-03-02,RMZ3,984.0,984.0,984.0,984.0,1,1,14831.44,981.5
2023-03-02,RNH3,36234.0,36372.0,35531.0,35602.0,5287,2934,189626701.0,35641.0
2023-03-02,RNM3,36548.0,36584.0,35882.0,35882.0,42,31,1525444.0,35926.0
2023-03-02,RNM4,36800.0,36800.0,36800.0,36800.0,1,1,36800.0,36800.0
2023-03-02,RNU3,36700.0,36700.0,36082.0,36082.0,2,2,72782.0,36082.0
2023-03-02,RNZ3,36800.0,36800.0,36800.0,36800.0,2,2,73600.0,36800.0
2023-03-02,RNZ4,38983.0,38983.0,38983.0,38983.0,1,1,38983.0,38851.0
2023-03-02,RTH3,5927.0,5942.0,5809.0,5809.0,205,101,1202224.0,5829.0
2023-03-02,RTM3,5970.0,5970.0,5912.0,5923.0,39,22,231415.0,5923.0
2023-03-02,SAK3,34.45,36.09,33.56,36.05,15,13,533643.84,34.43
2023-03-02,SEH3,1505.0,1505.0,1468.0,1472.0,556,21,818259.0,1472.0
2023-03-02,SEM3,1510.0,1510.0,1510.0,1510.0,10,2,15100.0,1510.0
2023-03-02,SFH3,397.48,398.23,393.63,395.15,81650,13219,2433255870.69,395.15
2023-03-02,SFM3,394.0,394.99,390.5,392.33,5089,1888,150478104.52,392.18
2023-03-02,SFU3,392.02,392.43,391.49,391.51,89,46,2627860.96,391.51
2023-03-02,SFZ3,391.0,397.0,391.0,393.77,17,11,504569.59,393.77
2023-03-02,SGH3,28217.0,28245.0,27533.0,27737.0,258,199,7213697.0,27770.0
2023-03-02,SGM3,28620.0,28620.0,28121.0,28121.0,11,8,313717.0,28297.0
2023-03-02,SLH3,62.18,62.18,62.18,62.18,2,2,12436.0,62.9
2023-03-02,SNH3,22946.0,23050.0,22285.0,22398.0,2742,925,61969622.0,22453.0
2023-03-02,SNM3,23460.0,23513.0,22758.0,23031.0,96,75,2215468.0,22906.0
2023-03-02,SOH3,4349.0,4413.0,4199.0,4241.0,1739,251,7453785.0,4241.0
2023-03-02,SOM3,4450.0,4473.0,4322.0,4385.0,50,22,222531.0,4372.0
2023-03-02,SPH3,16865.0,16940.0,16455.0,16677.0,13435,6337,224135140.0,16657.0
2023-03-02,SPM3,17024.0,17024.0,16596.0,16780.0,166,125,2790070.0,16767.0
2023-03-02,SRH3,17041.0,17155.0,16705.0,16939.0,374995,95127,6353001652.0,16931.0
2023-03-02,SRM3,17188.0,17295.0,16900.0,17113.0,22117,9258,377750017.0,17095.0
2023-03-02,SRU3,17046.0,17335.0,16699.0,16955.0,448,196,7572614.0,16949.0
2023-03-02,SRZ3,17274.0,17318.0,16900.0,17097.0,96,51,1640620.0,17097.0
2023-03-02,SSH3,2592.0,2656.0,2513.0,2564.0,6469,781,16511530.0,2544.0
2023-03-02,SSM3,2703.0,2703.0,2602.0,2632.0,41,16,108423.0,2632.0
2023-03-02,SVH3,21.35,21.35,20.92,21.1,49575,9863,787873871.89,21.09
2023-03-02,SVM3,21.45,21.48,21.07,21.23,4188,1731,66970837.98,21.23
2023-03-02,SVU3,21.9,21.97,21.64,21.69,111,60,1821900.58,21.69
2023-03-02,SVZ3,22.59,22.59,22.24,22.54,31,14,523343.19,22.54
2023-03-02,SXH3,4225.3,4238.5,4200.1,4229.9,294,59,989248.29,4229.9
2023-03-02,SXM3,4110.1,4110.1,4100.0,4100.0,5,3,16368.8,4137.9
2023-03-02,SiH3,74665.0,75414.0,74575.0,74961.0,910112,242840,68323338960.0,74974.0
2023-03-02,SiH4,78660.0,78911.0,78525.0,78525.0,4,4,314756.0,78525.0
2023-03-02,SiM3,74805.0,75556.0,74777.0,75155.0,112031,23867,8426709764.0,75121.0
2023-03-02,SiM4,79601.0,80200.0,79601.0,79880.0,16,9,1279190.0,79880.0
2023-03-02,SiU3,75941.0,76700.0,75941.0,76145.0,562,366,42911904.0,76145.0
2023-03-02,SiU4,81601.0,81601.0,81500.0,81500.0,10,4,815602.0,81500.0
2023-03-02,SiZ3,76714.0,77294.0,76714.0,77010.0,196,150,15099574.0,77011.0
2023-03-02,TIH3,25716.0,25716.0,25005.0,25114.0,1527,663,38607055.0,25128.0
2023-03-02,TIM3,25530.0,25530.0,25066.0,25145.0,17,17,430725.0,25155.0
2023-03-02,TNH3,92500.0,92500.0,90006.0,91000.0,10,10,915406.0,91000.0
2023-03-02,TNM3,93000.0,93000.0,93000.0,93000.0,2,1,186000.0,93000.0
2023-03-02,TRH3,19.17,19.17,19.16,19.16,2,2,153205.01,19.16
2023-03-02,TTH3,33542.0,33848.0,32900.0,33186.0,4196,2322,140073855.0,33246.0
2023-03-02,TTM3,34318.0,34666.0,30286.0,33852.0,1626,759,54813396.0,33879.0
2023-03-02,TTU3,34679.0,34809.0,34630.0,34809.0,6,5,208297.0,34433.0
2023-03-02,TYH4,2.808,3.99,2.801,3.99,5,5,16396.0,3.324
2023-03-02,TYM3,4.096,4.22,4.0,4.0,34,29,139778.0,4.001
2023-03-02,TYU3,4.239,4.239,4.239,4.239,1,1,4239.0,3.7
2023-03-02,UCH3,6.849,6.901,6.846,6.896,6670,3099,499051967.48,6.895
2023-03-02,USDRUBF,75.08,75.65,75.05,75.3,26063,7282,1965671170.0,75.36
2023-03-02,VBH3,1666.0,1681.0,1628.0,1648.0,128172,12626,211694509.0,1648.0
2023-03-02,VBM3,1698.0,1712.0,1664.0,1682.0,10606,1708,17874973.0,1681.0
2023-03-02,VBU3,1744.0,1768.0,1695.0,1724.0,767,78,1340928.0,1724.0
2023-03-02,VIH3,41.55,43.0,41.55,42.45,42,24,269196.67,42.5
2023-03-02,W4H3,14910.0,14910.0,14560.0,14560.0,2552,26,37967020.0,14560.0
2023-03-02,W4J3,15310.0,15310.0,14500.0,14500.0,57,24,852110.0,14590.0
2023-03-02,W4K3,15190.0,15200.0,15190.0,15200.0,4,2,60790.0,15140.0
2023-03-02,W4M3,15400.0,15400.0,15070.0,15140.0,1507,8,22817080.0,15140.0
2023-03-02,W4N3,15090.0,15090.0,15090.0,15090.0,1,1,15090.0,15090.0
2023-03-02,YNH3,20366.0,20459.0,19694.0,19778.0,18707,7308,372003821.0,19815.0
2023-03-02,YNM3,20717.0,20807.0,20077.0,20168.0,1834,994,37074852.0,20188.0
2023-03-02,YNU3,21197.0,21285.0,20604.0,20794.0,53,31,1098779.0,20695.0
2023-03-03,AFH3,2811.0,2822.0,2796.0,2814.0,1273,627,3576915.0,2817.0
2023-03-03,AFM3,2855.0,2866.0,2844.0,2866.0,100,52,285653.0,2866.0
2023-03-03,AFU3,2905.0,2940.0,2905.0,2940.0,2,2,5845.0,2940.0
2023-03-03,AKH3,13058.0,13285.0,12977.0,13285.0,1358,241,17797057.0,13218.0
2023-03-03,AKM3,13253.0,13446.0,12919.0,13370.0,124,41,1649900.0,13370.0
2023-03-03,ALH3,6093.0,6265.0,6068.0,6240.0,22165,4914,137460373.0,6252.0
2023-03-03,ALM3,6219.0,6433.0,6206.0,6406.0,18362,3784,116972204.0,6430.0
2023-03-03,ALU3,6419.0,6587.0,6239.0,6529.0,31,27,198537.0,6529.0
2023-03-03,BRF4,97.65,97.65,97.65,97.65,1,1,73901.62,97.65
2023-03-03,BRG4,96.8,96.8,96.8,96.8,1,1,73258.34,96.7
2023-03-03,BRJ3,85.97,86.52,84.49,85.61,167753,54286,10867971370.97,85.7
2023-03-03,BRK3,86.74,87.12,85.07,86.62,6963,2382,454840259.8,86.63
2023-03-03,BRM3,87.08,87.5,85.51,87.23,305,185,19978797.27,87.21
2023-03-03,BRN3,88.98,89.19,87.22,88.73,85,57,5690553.23,88.73
2023-03-03,BRQ3,90.62,90.62,88.95,89.46,10,10,679085.12,89.95
2023-03-03,BRU3,92.49,92.49,91.35,91.35,4,4,278003.27,91.35
2023-03-03,BRX3,93.81,93.81,93.4,93.4,3,3,212676.21,93.4
2023-03-03,BRZ3,94.8,94.88,94.05,94.88,4,4,286244.83,94.88
2023-03-03,CHH3,105195.0,106700.0,104555.0,105980.0,190,173,20099994.0,105990.0
2023-03-03,CHM3,105100.0,106173.0,104600.0,106173.0,8,8,844179.0,106173.0
2023-03-03,CNYRUBF,10.87,10.94,10.83,10.93,28505,1235,310762310.0,10.92
2023-03-03,CRH3,10.88,10.954,10.846,10.942,1367904,49949,14940794193.0,10.94
2023-03-03,CRH4,11.66,11.66,11.607,11.612,3,3,34879.0,11.612
2023-03-03,CRM3,11.041,11.098,10.995,11.087,253056,8368,2800089899.0,11.091
2023-03-03,CRM4,11.977,11.977,11.977,11.977,1,1,11977.0,11.977
2023-03-03,CRU3,11.23,11.336,11.23,11.277,41,23,462818.0,11.285
2023-03-03,CRZ3,11.417,11.515,11.417,11.43,13,13,149288.0,11.43
2023-03-03,CoH3,9286.5,9286.5,9286.5,9286.5,1,1,70280.42,9000.0
2023-03-03,DXH3,12950.0,13173.0,12950.0,13142.0,25,21,262045.39,13142.0
2023-03-03,DXM3,12831.0,12831.0,12831.0,12831.0,1,1,10297.52,12831.0
2023-03-03,DYH3,6926.0,6960.0,6918.0,6918.0,17,10,117884.0,6918.0
2023-03-03,EDH3,1.0595,1.0641,1.0575,1.0617,132691,23398,10666508765.67,1.0618
2023-03-03,EDM3,1.0583,1.0621,1.0568,1.0599,64386,4567,5167309429.09,1.0598
2023-03-03,EDU3,1.0564,1.0579,1.0564,1.0579,3,3,239966.47,1.0579
2023-03-03,EURRUBF,79.66,80.34,79.48,80.34,1813,918,145119590.0,80.25
2023-03-03,EuH3,79569.0,80222.0,79303.0,80101.0,103501,27320,8272699644.0,80102.0
2023-03-03,EuM3,79655.0,80176.0,79341.0,80000.0,7407,2173,591187190.0,80000.0
2023-03-03,EuU3,80233.0,81000.0,80233.0,80999.0,10,10,808005.0,80999.0
2023-03-03,EuZ3,80500.0,80500.0,80500.0,80500.0,1,1,80500.0,80573.0
2023-03-03,FSH3,8793.0,8855.0,8758.0,8843.0,33,15,290893.0,8840.0
2023-03-03,FSM3,8989.0,9000.0,8980.0,8980.0,4,3,35958.0,8980.0
2023-03-03,FVH3,14709.0,14755.0,14592.0,14755.0,132,61,1936500.0,14755.0
2023-03-03,FVM3,15020.0,15107.0,15020.0,15049.0,20,7,301341.0,15065.0
2023-03-03,GDH3,1849.7,1861.1,1845.1,1857.2,99181,26725,13929861519.79,1857.5
2023-03-03,GDM3,1853.1,1863.5,1848.3,1860.0,6125,2797,860870467.32,1860.0
2023-03-03,GDU3,1864.9,1871.9,1861.3,1865.8,57,54,8060097.16,1867.9
2023-03-03,GDZ3,1878.4,1892.1,1872.0,1881.1,38,22,5419103.85,1881.9
2023-03-03,GKH3,14536.0,14620.0,14488.0,14608.0,9713,4228,141667757.0,14608.0
2023-03-03,GKM3,14700.0,14763.0,14650.0,14754.0,225,91,3311776.0,14754.0
2023-03-03,GKU3,14607.0,14859.0,14607.0,14859.0,2,2,29466.0,14859.0
2023-03-03,GUH3,1.1986,1.2024,1.1986,1.1999,4,4,363234.21,1.1998
2023-03-03,GUM3,1.1752,1.185,1.1752,1.185,2,2,178620.17,1.185
2023-03-03,GZH3,16150.0,16380.0,16102.0,16252.0,65270,23897,1060931510.0,16250.0
2023-03-03,GZM3,16465.0,16685.0,16426.0,16546.0,4517,1521,74820301.0,16550.0
2023-03-03,GZM4,17727.0,17993.0,17727.0,17942.0,5,5,89570.0,17942.0
2023-03-03,GZU3,16584.0,16699.0,16512.0,16600.0,47,32,781570.0,16600.0
2023-03-03,GZU4,17700.0,18048.0,17700.0,18048.0,5,5,89892.0,18048.0
2023-03-03,GZZ3,17100.0,17250.0,16930.0,17175.0,37,37,630526.0,17162.0
2023-03-03,HKM3,9.664,9.706,9.622,9.706,73,21,704749.0,9.697
2023-03-03,HOH3,25590.0,25600.0,25590.0,25600.0,8,4,204740.0,25600.0
2023-03-03,HOM3,25410.0,25410.0,25400.0,25400.0,3,3,76210.0,25600.0
2023-03-03,HSH3,21057.0,21440.0,20880.0,21053.0,4748,546,9646951.39,21053.0
2023-03-03,HSM3,22004.0,22724.0,21806.0,22097.0,287,70,607316.91,22097.0
2023-03-03,HSU3,21334.0,22249.0,21334.0,22249.0,2,2,4197.04,21461.0
2023-03-03,HSZ3,22575.0,23461.0,22575.0,23094.0,26,7,57301.42,22351.0
2023-03-03,HYH3,7897.0,7948.0,7841.0,7887.0,799,191,6307335.0,7899.0
2023-03-03,HYM3,8070.0,8070.0,7990.0,8001.0,29,14,232322.0,8005.0
2023-03-03,IRH3,34039.0,34356.0,33881.0,34299.0,63,55,2153648.0,34310.0
2023-03-03,IRM3,34355.0,34800.0,33888.0,34405.0,17,8,583158.0,34405.0
2023-03-03,JPH3,137.22,137.24,136.02,136.02,17,15,1283353.4,136.1
2023-03-03,JPM3,137.79,137.8,137.79,137.8,5,2,380604.97,137.75
2023-03-03,LKH3,40352.0,40621.0,40147.0,40500.0,6989,4841,282425827.0,40496.0
2023-03-03,LKM3,41142.0,41339.0,40923.0,41231.0,1134,647,46561271.0,41274.0
2023-03-03,LKU3,40700.0,41001.0,40440.0,40440.0,15,15,608192.0,40440.0
2023-03-03,MAH3,6768.0,6880.0,6768.0,6880.0,5,3,34288.0,6420.0
2023-03-03,MAM3,6400.0,6400.0,6400.0,6400.0,1,1,6400.0,6378.0
2023-03-03,MCH3,12383.0,12940.0,12383.0,12846.0,173,86,2191499.0,12846.0
2023-03-03,MCM3,13000.0,13037.0,12503.0,13037.0,8,6,103722.0,13037.0
2023-03-03,MEH3,11577.0,11756.0,11542.0,11721.0,3282,1411,38312845.0,11737.0
2023-03-03,MEM3,11201.0,11344.0,11182.0,11344.0,88,63,993512.0,11344.0
2023-03-03,MGH3,39105.0,39433.0,38836.0,39433.0,243,159,9502030.0,39255.0
2023-03-03,MGM3,39601.0,40023.0,39431.0,39800.0,61,43,2429329.0,39800.0
2023-03-03,MLH3,4794.0,4828.0,4767.0,4817.0,1745,351,8385075.0,4818.0
2023-03-03,MLM3,4879.0,4930.0,4872.0,4928.0,344,83,1686445.0,4924.0
2023-03-03,MMH3,2260.95,2283.05,2250.05,2282.2,28436,8089,645651049.0,2281.2
2023-03-03,MMM3,2266.8,2278.85,2255.0,2276.0,816,327,18507547.0,2274.4
2023-03-03,MMM4,2459.95,2472.0,2459.95,2472.0,3,3,73919.5,2472.0
2023-03-03,MMU3,2262.7,2287.0,2252.45,2276.35,22,12,498842.5,2276.35
2023-03-03,MMU5,2680.9,2680.9,2625.15,2625.15,2,2,53060.5,2625.15
2023-03-03,MMZ3,2322.65,2357.75,2322.65,2339.0,7,7,163667.0,2339.0
2023-03-03,MNH3,4542.0,4585.0,4524.0,4567.0,5948,1453,27081325.0,4565.0
2023-03-03,MNM3,4596.0,4630.0,4590.0,4630.0,624,381,2875400.0,4614.0
2023-03-03,MNU3,4720.0,4720.0,4659.0,4669.0,7,6,32788.0,4669.0
2023-03-03,MTH3,25588.0,26023.0,25498.0,25836.0,1303,623,33570999.0,25924.0
2023-03-03,MTM3,25628.0,26002.0,25600.0,26002.0,35,25,906050.0,26000.0
2023-03-03,MTU3,25598.0,25598.0,25201.0,25256.0,9,6,229245.0,25597.0
2023-03-03,MXH3,226025.0,228325.0,225150.0,228300.0,12428,7431,2821864300.0,228225.0
2023-03-03,MXM3,226225.0,228100.0,225225.0,228025.0,465,401,105535375.0,228000.0
2023-03-03,NAH3,11869.0,12143.0,11841.0,12127.0,90143,8586,819927671.26,12124.0
2023-03-03,NAM3,11626.0,11811.0,11578.0,11719.0,1407,271,12422964.82,11719.0
2023-03-03,NAU3,11550.0,11650.0,11550.0,11599.0,16,15,140498.39,11599.0
2023-03-03,NAZ3,11810.0,11960.0,11733.0,11733.0,18,8,161019.01,11755.0
2023-03-03,NGH3,2.835,2.88,2.777,2.863,865786,179403,18598045993.83,2.854
2023-03-03,NGJ3,2.997,3.075,2.95,3.055,45913,23287,1047384807.03,3.048
2023-03-03,NGK3,3.282,3.329,3.233,3.305,911,601,22684844.59,3.304
2023-03-03,NGM3,3.461,3.499,3.445,3.491,194,135,5101383.54,3.478
2023-03-03,NGN3,3.616,3.669,3.6,3.669,59,37,1623542.47,3.669
2023-03-03,NGQ3,3.72,3.78,3.72,3.77,34,15,965837.09,3.77
2023-03-03,NKH3,106308.0,107736.0,105601.0,107474.0,295,257,31490376.0,107200.0
2023-03-03,NKM3,106590.0,106945.0,105948.0,106923.0,19,17,2025895.0,106923.0
2023-03-03,NMH3,12670.0,12880.0,12557.0,12837.0,1251,558,15891428.0,12838.0
2023-03-03,NMM3,12695.0,12950.0,12695.0,12950.0,27,22,346179.0,12922.0
2023-03-03,OGH3,5525.0,5680.0,5525.0,5680.0,4,4,22257.0,5680.0
2023-03-03,OZH3,16503.0,16883.0,16459.0,16788.0,617,301,10322210.0,16857.0
2023-03-03,OZM3,16720.0,17182.0,16704.0,17177.0,92,48,1567552.0,17134.0
2023-03-03,PDH3,1469.94,1469.94,1452.03,1468.0,106,75,11711054.66,1467.0
2023-03-03,PDM3,1540.14,1553.29,1534.49,1538.24,10,9,1166504.27,1539.02
2023-03-03,PHH3,6749.0,7078.0,6727.0,7035.0,4598,919,32115576.0,7036.0
2023-03-03,PHM3,6681.0,6844.0,6669.0,6800.0,549,204,3726920.0,6801.0
2023-03-03,PIH3,6185.0,6238.0,5880.0,6219.0,666,194,4128316.0,6216.0
2023-03-03,POH3,5029.0,5080.0,4952.0,5069.0,14530,3142,73115295.0,5062.0
2023-03-03,POM3,5128.0,5167.0,5051.0,5163.0,808,321,4140228.0,5157.0
2023-03-03,PSH3,1614.0,1628.0,1602.0,1626.0,200,40,323457.0,1620.0
2023-03-03,PSM3,1616.0,1667.0,1570.0,1667.0,251,61,406083.0,1667.0
2023-03-03,PTH3,973.7,985.9,973.0,981.9,561,287,41577928.23,981.2
2023-03-03,PTM3,1011.2,1021.0,1010.7,1016.3,33,28,2533247.54,1016.3
2023-03-03,PZH3,88950.0,89900.0,88633.0,89602.0,695,589,62058260.0,89640.0
2023-03-03,PZM3,90594.0,91408.0,90341.0,91408.0,95,86,8626213.0,91321.0
2023-03-03,RIH3,94940.0,96060.0,94240.0,95550.0,85297,53430,12310523663.55,95550.0
2023-03-03,RIM3,95770.0,96790.0,95230.0,96150.0,932,775,135432190.4,96200.0
2023-03-03,RIU3,95840.0,96540.0,95600.0,96540.0,6,6,870077.82,96250.0
2023-03-03,RIZ3,95290.0,96320.0,95290.0,96320.0,5,4,723349.43,96320.0
2023-03-03,RLH3,4094.0,4121.0,4041.0,4120.0,1394,193,5715720.0,4121.0
2023-03-03,RLM3,4198.0,4497.0,4149.0,4185.0,547,121,2349288.0,4187.0
2023-03-03,RMH3,950.0,960.0,944.0,955.0,18479,5142,266473483.73,956.0
2023-03-03,RMM3,958.5,967.0,955.0,964.0,483,285,7033254.79,964.0
2023-03-03,RMU3,955.0,955.0,955.0,955.0,1,1,14454.9,955.0
2023-03-03,RNH3,35670.0,36017.0,35555.0,35913.0,2983,1621,106763589.0,35978.0
2023-03-03,RNM3,35883.0,36351.0,35882.0,36350.0,426,107,15471735.0,36350.0
2023-03-03,RNM4,36963.0,36963.0,36138.0,36138.0,2,2,73101.0,36221.0
2023-03-03,RNU3,35800.0,35800.0,35800.0,35800.0,3,1,107400.0,35800.0
2023-03-03,RTH3,5835.0,5880.0,5828.0,5862.0,88,42,515012.0,5868.0
2023-03-03,RTM3,5940.0,5984.0,5940.0,5966.0,8,3,47720.0,5968.0
2023-03-03,SAK3,35.74,35.74,35.05,35.18,4,3,143977.36,35.18
2023-03-03,SEH3,1432.0,1490.0,1430.0,1480.0,252,42,373503.0,1480.0
2023-03-03,SEM3,1410.0,1410.0,1410.0,1410.0,5,1,7050.0,1412.0
2023-03-03,SFH3,395.38,401.75,394.81,401.22,113571,14170,3425377516.54,401.34
2023-03-03,SFM3,392.33,398.49,391.8,398.36,5846,1815,175015188.63,398.18
2023-03-03,SFU3,390.73,394.07,390.73,394.06,90,41,2675087.49,394.06
2023-03-03,SFZ3,393.5,393.9,392.21,393.9,10,10,297884.79,393.9
2023-03-03,SGH3,27765.0,27926.0,27700.0,27875.0,105,78,2923980.0,27875.0
2023-03-03,SGM3,28489.0,28489.0,28334.0,28436.0,13,10,369221.0,28436.0
2023-03-03,SGU3,30776.0,30776.0,25024.0,25024.0,6,6,167402.0,29009.0
2023-03-03,SLJ3,63.0,63.0,63.0,63.0,1,1,6300.0,65.46
2023-03-03,SNH3,22451.0,22800.0,22376.0,22683.0,1179,357,26702916.0,22570.0
2023-03-03,SNM3,22956.0,23241.0,22866.0,23104.0,90,29,2074312.0,23102.0
2023-03-03,SOH3,4253.0,4317.0,4230.0,4292.0,963,137,4126083.0,4293.0
2023-03-03,SOM3,4377.0,4380.0,4241.0,4338.0,65,28,283518.0,4339.0
2023-03-03,SPH3,16622.0,16871.0,16601.0,16836.0,6721,3387,112621264.0,16830.0
2023-03-03,SPM3,16794.0,16993.0,16694.0,16984.0,218,116,3681063.0,16967.0
2023-03-03,SRH3,16949.0,17116.0,16792.0,17055.0,248687,63038,4227673194.0,17072.0
2023-03-03,SRH4,18917.0,18917.0,18917.0,18917.0,2,1,37834.0,17768.0
2023-03-03,SRM3,17117.0,17288.0,17000.0,17222.0,10374,4565,178214132.0,17242.0
2023-03-03,SRU3,16963.0,17057.0,16833.0,16970.0,135,78,2289620.0,16985.0
2023-03-03,SRZ3,17042.0,17211.0,16996.0,17190.0,64,41,1095795.0,17190.0
2023-03-03,SSH3,2557.0,2570.0,2521.0,2549.0,411,95,1047703.0,2549.0
2023-03-03,SSM3,2589.0,2641.0,2555.0,2641.0,40,7,102430.0,2638.0
2023-03-03,SVH3,21.1,21.32,20.96,21.2,55536,9210,889719359.45,21.19
2023-03-03,SVM3,21.24,21.42,21.13,21.34,4599,1330,74091640.72,21.32
2023-03-03,SVU3,21.84,21.93,21.72,21.82,47,28,777446.61,21.82
2023-03-03,SVZ3,22.72,22.72,22.56,22.56,6,2,102682.76,22.56
2023-03-03,SXH3,4230.0,4290.1,4225.0,4269.9,513,91,1751544.13,4255.1
2023-03-03,SXM3,4000.0,4000.0,4000.0,4000.0,1,1,3210.4,4148.9
2023-03-03,SXZ3,3958.0,3958.0,3958.0,3958.0,1,1,3176.69,3958.0
2023-03-03,SiH3,74951.0,75359.0,74614.0,75344.0,905910,235057,67929423518.0,75292.0
2023-03-03,SiH4,78520.0,78520.0,76200.0,78300.0,48,19,3692307.0,78298.0
2023-03-03,SiM3,75114.0,75470.0,74808.0,75321.0,101234,22993,7603375602.0,75290.0
2023-03-03,SiM4,79969.0,79969.0,79925.0,79925.0,4,3,319744.0,79963.0
2023-03-03,SiU3,76103.0,76500.0,75982.0,76245.0,431,297,32840858.0,76295.0
2023-03-03,SiU4,81600.0,81600.0,81600.0,81600.0,1,1,81600.0,81600.0
2023-03-03,SiZ3,77002.0,77300.0,76855.0,76999.0,382,79,29415288.0,77004.0
2023-03-03,SiZ4,82350.0,83000.0,82025.0,83000.0,11,5,909924.0,83000.0
2023-03-03,TIH3,25114.0,25600.0,25020.0,25402.0,446,234,11308990.0,25379.0
2023-03-03,TIM3,25311.0,25674.0,25246.0,25512.0,60,40,1523214.0,25512.0
2023-03-03,TNH3,86969.0,91800.0,86969.0,91484.0,11,11,994001.0,91484.0
2023-03-03,TNM3,94000.0,94597.0,94000.0,94597.0,2,2,188597.0,94499.0
2023-03-03,TRH3,19.0653,19.0653,19.0653,19.0653,25,1,1904575.75,19.0653
2023-03-03,TTH3,33165.0,33600.0,33002.0,33527.0,1321,692,44074707.0,33551.0
2023-03-03,TTM3,33857.0,34259.0,33719.0,34226.0,269,164,9150158.0,34226.0
2023-03-03,TTU3,32839.0,34500.0,32839.0,34215.0,8,7,270459.0,34215.0
2023-03-03,TYM3,4.068,4.139,4.002,4.025,41,25,166518.0,4.031
2023-03-03,TYU3,4.198,4.198,3.9,3.9,2,2,8098.0,3.92
2023-03-03,UCH3,6.893,6.905,6.857,6.904,11274,4273,847209674.37,6.902
2023-03-03,USDRUBF,75.32,75.71,75.01,75.71,23655,7070,1783386920.0,75.69
2023-03-03,VBH3,1648.0,1666.0,1643.0,1660.0,74612,6944,123697128.0,1660.0
2023-03-03,VBM3,1682.0,1698.0,1677.0,1695.0,3517,713,5942446.0,1695.0
2023-03-03,VBU3,1721.0,1732.0,1703.0,1730.0,52,24,89622.0,1730.0
2023-03-03,VIH3,42.8,42.8,41.5,41.8,67,35,425201.18,41.8
2023-03-03,W4H3,14470.0,14770.0,14470.0,14560.0,2539,23,36894310.0,14560.0
2023-03-03,W4J3,14540.0,14800.0,14540.0,14800.0,3,3,44140.0,14780.0
2023-03-03,W4K3,14940.0,15100.0,14640.0,14660.0,10,10,148810.0,14660.0
2023-03-03,W4M3,15100.0,15100.0,14800.0,14990.0,33,5,489110.0,14990.0
2023-03-03,YNH3,19848.0,19980.0,19722.0,19861.0,4428,1940,88079877.0,19903.0
2023-03-03,YNM3,20215.0,20366.0,20100.0,20272.0,597,337,12095667.0,20274.0
2023-03-03,YNU3,20732.0,20798.0,20724.0,20798.0,10,9,207443.0,20787.0
2023-03-06,AFH3,2814.0,2879.0,2805.0,2853.0,5258,1610,15002153.0,2851.0
2023-03-06,AFM3,2860.0,2916.0,2860.0,2905.0,635,195,1839056.0,2899.0
2023-03-06,AFU3,2954.0,2979.0,2906.0,2979.0,6,6,17608.0,2979.0
2023-03-06,AKH3,13286.0,13530.0,13267.0,13470.0,1670,512,22389234.0,13470.0
2023-03-06,AKM3,13515.0,13914.0,13431.0,13696.0,344,171,4711336.0,13696.0
2023-03-06,ALH3,6251.0,6311.0,6193.0,6218.0,6959,1569,43470113.0,6222.0
2023-03-06,ALM3,6402.0,6455.0,6338.0,6370.0,1966,653,12557336.0,6370.0
2023-03-06,ALU3,6550.0,6550.0,6490.0,6491.0,31,10,201665.0,6491.0
2023-03-06,AUH3,0.6775,0.6775,0.6775,0.6775,1,1,51091.09,0.6752
2023-03-06,BRF4,97.7,97.7,96.21,96.21,19,8,1381224.04,96.21
2023-03-06,BRH4,95.47,95.47,95.47,95.47,1,1,71995.07,95.47
2023-03-06,BRJ3,85.74,87.04,85.74,86.78,140153,42860,9144888611.62,86.78
2023-03-06,BRK3,86.75,87.84,86.75,87.26,6144,2750,403712517.49,87.26
2023-03-06,BRM3,87.33,88.25,87.25,88.0,294,217,19471118.91,88.0
2023-03-06,BRN3,89.04,89.7,89.04,89.47,31,24,2091431.61,89.47
2023-03-06,BRQ3,90.3,91.19,90.3,91.0,7,7,479238.17,91.0
2023-03-06,BRU3,92.06,92.86,91.47,92.5,6,6,417778.04,92.5
2023-03-06,BRV3,93.37,93.37,93.0,93.0,2,2,140543.86,93.07
2023-03-06,BRX3,94.3,94.3,94.12,94.12,2,2,142089.78,94.12
2023-03-06,BRZ3,94.45,94.52,94.45,94.52,2,2,142504.55,94.52
2023-03-06,CFH3,0.9324,0.9324,0.9324,0.9324,2,1,150654.76,0.9328
2023-03-06,CFM3,0.939,0.939,0.939,0.939,10,1,758605.9,0.929
2023-03-06,CHH3,106100.0,107476.0,105505.0,106065.0,398,321,42369535.0,105817.0
2023-03-06,CHM3,105351.0,107790.0,104738.0,105003.0,21,21,2224063.0,105003.0
2023-03-06,CNYRUBF,10.92,10.98,10.83,10.87,40502,2187,440673650.0,10.86
2023-03-06,CRH3,10.932,10.996,10.834,10.881,2109621,73838,22975288902.0,10.879
2023-03-06,CRH4,11.72,11.74,11.607,11.607,11,11,127942.0,11.607
2023-03-06,CRM3,11.094,11.14,10.983,11.038,452832,15555,4997095820.0,11.035
2023-03-06,CRU3,11.316,11.333,11.22,11.23,126,35,1420755.0,11.23
2023-03-06,CRZ3,11.515,11.75,11.42,11.48,27,24,311422.0,11.48
2023-03-06,CSH3,5451.0,5451.0,5451.0,5451.0,2,2,10902.0,5453.0
2023-03-06,CoH3,8353.5,9316.5,8353.5,8650.0,9,9,583520.55,8899.0
2023-03-06,DXH3,13289.0,13300.0,13133.0,13251.0,55,21,587497.44,13253.0
2023-03-06,DYH3,6941.0,6969.0,6911.0,6968.0,24,15,166696.0,6967.0
2023-03-06,EDH3,1.0616,1.07,1.0609,1.0697,121100,33986,9735108634.26,1.0698
2023-03-06,EDM3,1.0596,1.0679,1.0575,1.0675,39609,8164,3179802861.39,1.0678
2023-03-06,EDU3,1.0571,1.063,1.0563,1.063,24,12,1921447.29,1.063
2023-03-06,EURRUBF,80.18,80.8,79.87,80.45,2065,1169,165884400.0,80.45
2023-03-06,EuH3,80188.0,80743.0,79776.0,80487.0,244227,49548,19580537958.0,80418.0
2023-03-06,EuM3,79969.0,80866.0,79701.0,80585.0,46904,5974,3777514835.0,80671.0
2023-03-06,EuU3,81090.0,81460.0,80700.0,81241.0,22,22,1781388.0,81241.0
2023-03-06,EuZ3,80603.0,80603.0,80500.0,80500.0,5,3,402603.0,80790.0
2023-03-06,FNH3,7047.0,7098.0,7000.0,7000.0,61,42,429457.0,7000.0
2023-03-06,FSH3,8855.0,8942.0,8756.0,8915.0,124,28,1104992.0,8915.0
2023-03-06,FSM3,8999.0,8999.0,8986.0,8986.0,7,5,62940.0,8998.0
2023-03-06,FVH3,14758.0,14944.0,14685.0,14844.0,925,342,13770576.0,14856.0
2023-03-06,FVM3,15151.0,15350.0,15074.0,15207.0,65,32,993592.0,15207.0
2023-03-06,GDH3,1856.9,1868.8,1856.5,1863.7,116344,30042,16340567984.22,1864.5
2023-03-06,GDH4,1946.7,1946.7,1922.8,1922.9,12,9,1749110.01,1888.9
2023-03-06,GDM3,1859.6,1870.1,1859.1,1868.3,9630,4548,1353909095.98,1869.0
2023-03-06,GDU3,1872.1,1881.6,1868.1,1873.1,104,95,14698585.43,1876.1
2023-03-06,GDZ3,1883.4,1918.6,1883.4,1892.0,72,61,10269648.1,1892.0
2023-03-06,GKH3,14609.0,14684.0,14536.0,14550.0,8897,3770,129690299.0,14569.0
2023-03-06,GKM3,14741.0,14800.0,14667.0,14700.0,820,327,12064370.0,14679.0
2023-03-06,GKU3,14874.0,14874.0,14740.0,14874.0,10,10,148598.0,14874.0
2023-03-06,GOJ3,5147.8,5147.8,5147.8,5147.8,1,1,51478.0,4869.0
2023-03-06,GOK3,5349.8,5349.8,5349.8,5349.8,1,1,53498.0,5088.4
2023-03-06,GUH3,1.2033,1.2052,1.1957,1.1995,20,13,1811165.87,1.1995
2023-03-06,GUM3,1.185,1.185,1.185,1.185,5,1,446811.35,1.1993
2023-03-06,GZH3,16265.0,16489.0,16236.0,16386.0,68288,21418,1119381647.0,16419.0
2023-03-06,GZH4,17772.0,17772.0,17353.0,17353.0,3,3,52548.0,17353.0
2023-03-06,GZM3,16566.0,16780.0,16541.0,16661.0,7559,3109,126219439.0,16728.0
2023-03-06,GZM4,17999.0,18094.0,17696.0,17716.0,12,12,215027.0,17716.0
2023-03-06,GZU3,16629.0,16798.0,16359.0,16499.0,170,101,2818085.0,16500.0
2023-03-06,GZZ3,17079.0,17299.0,15505.0,17026.0,475,111,7883758.0,17026.0
2023-03-06,HKM3,9.695,9.737,9.64,9.65,100,23,968510.0,9.65
2023-03-06,HOH3,25600.0,25640.0,25600.0,25640.0,3,3,76840.0,25640.0
2023-03-06,HOM3,25640.0,25680.0,25640.0,25680.0,3,3,76990.0,25690.0
2023-03-06,HOU3,25390.0,25390.0,24960.0,25000.0,38,4,956690.0,25380.0
2023-03-06,HSH3,21119.0,21180.0,20937.0,21000.0,7391,343,14979187.69,21000.0
2023-03-06,HSM3,21914.0,22748.0,21803.0,22000.0,850,128,1811487.25,21999.0
2023-03-06,HSU3,22248.0,22846.0,21550.0,22788.0,97,42,210839.57,21901.0
2023-03-06,HSZ3,23088.0,23088.0,23000.0,23000.0,9,4,20003.55,22125.0
2023-03-06,HYH3,7898.0,7947.0,7892.0,7903.0,268,71,2123003.0,7903.0
2023-03-06,HYM3,8040.0,8060.0,8010.0,8010.0,9,9,72345.0,8040.0
2023-03-06,IRH3,34434.0,35006.0,34172.0,34459.0,251,177,8699622.0,34465.0
2023-03-06,IRM3,34627.0,34950.0,34233.0,34301.0,7,7,241061.0,34301.0
2023-03-06,JPH3,136.03,136.6,136.01,136.3,16,8,1212066.87,136.3
2023-03-06,JPM3,137.0,137.0,136.5,136.7,11,8,836229.8,136.7
2023-03-06,LKH3,40507.0,41396.0,40375.0,41249.0,10541,6308,432126792.0,41315.0
2023-03-06,LKM3,41249.0,42126.0,41189.0,42015.0,1076,699,44891416.0,42030.0
2023-03-06,LKU3,40600.0,41500.0,40519.0,41008.0,56,54,2282253.0,41001.0
2023-03-06,LKZ3,42099.0,42100.0,42099.0,42100.0,2,2,84199.0,42100.0
2023-03-06,MAM3,6673.0,6673.0,6673.0,6673.0,1,1,6673.0,6660.0
2023-03-06,MCH3,12886.0,13100.0,12634.0,12931.0,206,112,2666712.0,12927.0
2023-03-06,MCM3,13400.0,13400.0,13243.0,13397.0,9,7,120119.0,13243.0
2023-03-06,MEH3,11748.0,12383.0,11748.0,12348.0,9679,2654,117333849.0,12329.0
2023-03-06,MEM3,11366.0,11849.0,11366.0,11799.0,799,420,9319316.0,11801.0
2023-03-06,MEU3,13164.0,13164.0,11551.0,11858.0,18,9,214447.0,12830.0
2023-03-06,MGH3,39450.0,40090.0,39385.0,40049.0,464,320,18486062.0,40049.0
2023-03-06,MGM3,40080.0,40764.0,40077.0,40621.0,47,44,1899704.0,40621.0
2023-03-06,MGU3,45484.0,45484.0,42620.0,42620.0,2,2,88104.0,41609.0
2023-03-06,MLH3,4826.0,4900.0,4802.0,4884.0,2695,620,13117708.0,4884.0
2023-03-06,MLM3,4916.0,4998.0,4910.0,4981.0,295,115,1464125.0,4981.0
2023-03-06,MMH3,2282.1,2307.8,2280.85,2305.45,32960,9565,756894229.5,2305.25
2023-03-06,MMH4,2457.0,2457.0,2457.0,2457.0,5,5,122850.0,2357.3
2023-03-06,MMM3,2276.0,2300.95,2271.1,2300.1,1544,732,35399166.5,2300.1
2023-03-06,MMM4,2459.55,2459.55,2459.55,2459.55,3,1,73786.5,2459.55
2023-03-06,MMU3,2300.7,2315.55,2279.05,2279.05,4,4,92053.0,2279.05
2023-03-06,MMU5,2561.05,2561.05,2561.05,2561.05,2,1,51221.0,2580.0
2023-03-06,MMZ3,2342.15,2365.95,2342.15,2352.0,10,10,235675.0,2352.0
2023-03-06,MMZ4,2491.0,2491.0,2491.0,2491.0,1,1,24910.0,2490.7
2023-03-06,MNH3,4566.0,4588.0,4551.0,4569.0,4349,1248,19878994.0,4571.0
2023-03-06,MNM3,4612.0,4630.0,4600.0,4630.0,625,205,2887005.0,4623.0
2023-03-06,MNU3,4729.0,4729.0,4689.0,4689.0,45,5,212021.0,4728.0
2023-03-06,MTH3,26007.0,26119.0,25840.0,25874.0,550,291,14268524.0,25860.0
2023-03-06,MTM3,25847.0,26085.0,25791.0,25890.0,17,14,439941.0,25890.0
2023-03-06,MTU3,25200.0,25222.0,25200.0,25222.0,3,3,75622.0,25222.0
2023-03-06,MXH3,228300.0,230825.0,228175.0,230550.0,14405,8625,3309616950.0,230525.0
2023-03-06,MXM3,228050.0,230450.0,227250.0,230200.0,598,447,137196100.0,230250.0
2023-03-06,NAH3,12110.0,12383.0,12079.0,12364.0,84301,6963,777552298.21,12369.0
2023-03-06,NAM3,11719.0,11876.0,11620.0,11821.0,2794,404,24697515.68,11821.0
2023-03-06,NAU3,11680.0,11750.0,11590.0,11750.0,25,17,220648.04,11739.0
2023-03-06,NAZ3,11806.0,12180.0,11806.0,12180.0,14,10,126651.28,11938.0
2023-03-06,NGH3,2.863,2.999,2.712,2.719,1457650,269700,31146325219.23,2.721
2023-03-06,NGJ3,3.06,3.187,2.907,2.923,85029,38339,1940052393.46,2.928
2023-03-06,NGK3,3.319,3.405,3.177,3.21,3518,1899,87309180.72,3.21
2023-03-06,NGM3,3.493,3.58,3.402,3.449,1924,909,50580109.21,3.449
2023-03-06,NGN3,3.68,3.748,3.556,3.567,222,136,6124090.7,3.605
2023-03-06,NGQ3,3.786,3.799,3.636,3.69,110,92,3098442.59,3.693
2023-03-06,NKH3,107736.0,108351.0,107366.0,108267.0,299,233,32260024.0,108204.0
2023-03-06,NKM3,107005.0,108000.0,107005.0,108000.0,14,14,1508498.0,108000.0
2023-03-06,NMH3,12852.0,12963.0,12682.0,12747.0,2272,1187,29038341.0,12712.0
2023-03-06,NMM3,13000.0,13100.0,12829.0,12860.0,51,35,661669.0,12829.0
2023-03-06,NMU3,13200.0,14281.0,12851.0,13248.0,8,7,106827.0,13248.0
2023-03-06,OGH3,5525.0,5789.0,5525.0,5789.0,4,4,22821.0,5719.0
2023-03-06,OGM3,5865.0,5904.0,5606.0,5899.0,6,6,34943.0,5682.0
2023-03-06,OZH3,16872.0,17125.0,16797.0,16908.0,975,436,16571846.0,17104.0
2023-03-06,OZM3,17178.0,17441.0,17126.0,17126.0,170,101,2944005.0,17384.0
2023-03-06,PDH3,1457.53,1481.0,1437.73,1446.47,373,216,40988678.54,1443.02
2023-03-06,PDM3,1547.17,1595.88,1520.58,1542.39,407,131,47335662.71,1540.0
2023-03-06,PDU3,1652.08,1652.08,1551.8,1551.8,4,4,483335.48,1601.56
2023-03-06,PHH3,7044.0,7184.0,7036.0,7148.0,2646,602,18854710.0,7160.0
2023-03-06,PHM3,6835.0,6950.0,6780.0,6910.0,402,129,2775883.0,6925.0
2023-03-06,PIH3,6230.0,6249.0,6185.0,6226.0,442,100,2753649.0,6223.0
2023-03-06,POH3,5069.0,5158.0,5065.0,5145.0,12173,2885,62361697.0,5140.0
2023-03-06,POM3,5160.0,5247.0,5159.0,5239.0,950,341,4961669.0,5238.0
2023-03-06,POU3,5971.0,5971.0,5971.0,5971.0,1,1,5971.0,5353.0
2023-03-06,PSH3,1624.0,1720.0,1624.0,1680.0,8073,462,13574902.0,1680.0
2023-03-06,PSM3,1668.0,1742.0,1649.0,1689.0,343,121,582866.0,1691.0
2023-03-06,PTH3,980.2,991.1,975.2,986.9,553,273,41052386.43,986.9
2023-03-06,PTM3,1018.0,1025.2,1010.5,1022.0,56,45,4296990.55,1022.0
2023-03-06,PTU3,1075.5,1075.5,1075.5,1075.5,1,1,81104.75,1046.4
2023-03-06,PZH3,89600.0,90855.0,89600.0,90490.0,670,598,60566230.0,90585.0
2023-03-06,PZM3,91408.0,92446.0,91320.0,92224.0,183,170,16841071.0,92224.0
2023-03-06,RIH3,95490.0,97230.0,95420.0,96910.0,88492,55992,12877281157.93,96920.0
2023-03-06,RIH4,95620.0,95620.0,95620.0,95620.0,1,1,144216.0,95620.0
2023-03-06,RIM3,96250.0,97850.0,96220.0,97540.0,1440,1175,211138267.18,97490.0
2023-03-06,RIU3,96600.0,97750.0,96600.0,97750.0,6,6,881071.96,97730.0
2023-03-06,RIZ3,96880.0,97110.0,96500.0,96500.0,3,3,438122.82,96530.0
2023-03-06,RLH3,4120.0,4168.0,4109.0,4145.0,555,99,2297636.0,4145.0
2023-03-06,RLM3,4274.0,4299.0,4200.0,4248.0,28,18,118574.0,4248.0
2023-03-06,RMH3,956.0,972.0,955.0,968.5,15424,4918,224289263.11,969.0
2023-03-06,RMM3,964.5,980.0,963.0,974.0,695,342,10203806.36,974.5
2023-03-06,RMU3,967.0,985.5,967.0,970.5,6,6,88125.52,970.5
2023-03-06,RNH3,35930.0,36742.0,35901.0,36710.0,3114,1685,113311529.0,36661.0
2023-03-06,RNM3,36367.0,37200.0,36364.0,36802.0,145,76,5330734.0,36844.0
2023-03-06,RNU3,36400.0,37015.0,36400.0,37015.0,2,2,73415.0,36701.0
2023-03-06,RNU5,39947.0,39948.0,39947.0,39948.0,2,2,79895.0,39942.0
2023-03-06,RNZ3,37300.0,37300.0,37300.0,37300.0,1,1,37300.0,37203.0
2023-03-06,RTH3,5888.0,5980.0,5883.0,5959.0,306,131,1814253.0,5965.0
2023-03-06,RTM3,5989.0,6024.0,5989.0,6018.0,34,18,203679.0,6018.0
2023-03-06,SAK3,35.62,35.62,35.62,35.62,1,1,36189.92,35.42
2023-03-06,SEH3,1476.0,1514.0,1430.0,1509.0,293,37,431914.0,1507.0
2023-03-06,SEM3,1490.0,1510.0,1450.0,1510.0,20,6,29970.0,1510.0
2023-03-06,SFH3,401.02,406.02,400.84,405.56,87920,12080,2675208668.44,405.75
2023-03-06,SFM3,397.98,402.55,397.6,402.09,9254,2155,279368949.23,402.43
2023-03-06,SFU3,394.06,396.3,394.06,395.1,149,60,4443561.46,396.0
2023-03-06,SFZ3,392.59,395.49,392.59,394.91,9,9,267722.63,394.91
2023-03-06,SGH3,27876.0,28044.0,27818.0,27948.0,93,71,2594871.0,27937.0
2023-03-06,SGM3,28510.0,28510.0,28451.0,28506.0,27,12,768767.0,28506.0
2023-03-06,SLH3,63.64,63.64,63.64,63.64,2,2,12728.0,64.81
2023-03-06,SLK3,71.94,71.94,71.94,71.94,1,1,7194.0,68.49
2023-03-06,SLM3,68.52,68.52,68.52,68.52,1,1,6852.0,70.05
2023-03-06,SNH3,22593.0,22850.0,22555.0,22833.0,1421,606,32218087.0,22827.0
2023-03-06,SNM3,23125.0,23326.0,23078.0,23326.0,124,66,2875337.0,23316.0
2023-03-06,SOH3,4319.0,4393.0,4267.0,4356.0,659,162,2864851.0,4356.0
2023-03-06,SOM3,4340.0,4459.0,4250.0,4455.0,90,54,397210.0,4455.0
2023-03-06,SPH3,16840.0,17120.0,16840.0,17056.0,8945,3967,152248353.0,17068.0
2023-03-06,SPM3,17012.0,17274.0,16949.0,17192.0,294,172,5048201.0,17224.0
2023-03-06,SPU3,19226.0,19226.0,16953.0,16953.0,3,3,53556.0,17555.0
2023-03-06,SRH3,17070.0,17355.0,17041.0,17242.0,354217,79925,6105985791.0,17252.0
2023-03-06,SRH4,17617.0,17617.0,17617.0,17617.0,2,2,35234.0,17617.0
2023-03-06,SRM3,17216.0,17535.0,17216.0,17432.0,20682,8493,360276049.0,17429.0
2023-03-06,SRU3,16987.0,17289.0,16987.0,17200.0,1244,179,21344690.0,17200.0
2023-03-06,SRZ3,17247.0,17458.0,17247.0,17369.0,91,64,1581452.0,17369.0
2023-03-06,SSH3,2552.0,2600.0,2546.0,2572.0,1089,156,2795141.0,2573.0
2023-03-06,SSM3,2635.0,2640.0,2558.0,2626.0,75,15,197106.0,2626.0
2023-03-06,SVH3,21.19,21.46,21.16,21.4,53640,8736,863544089.92,21.37
2023-03-06,SVM3,21.31,21.59,21.31,21.45,5734,1819,92851477.83,21.45
2023-03-06,SVU3,21.88,22.14,21.88,22.0,139,58,2307658.25,22.0
2023-03-06,SVZ3,22.8,22.88,22.7,22.7,27,9,463861.77,22.7
2023-03-06,SXH3,4269.7,4400.0,4269.7,4354.9,527,99,1836116.68,4350.0
2023-03-06,SXM3,4000.1,4000.1,4000.1,4000.1,3,1,9654.24,4146.9
2023-03-06,SXU3,4150.0,4150.0,4150.0,4150.0,1,1,3338.68,4148.9
2023-03-06,SXZ3,3958.0,3958.0,3958.0,3958.0,3,1,9552.63,4174.9
2023-03-06,SiH3,75300.0,75635.0,74731.0,75056.0,1057543,275840,79430151297.0,75092.0
2023-03-06,SiH4,78299.0,78590.0,78000.0,78200.0,10,10,782265.0,78200.0
2023-03-06,SiM3,75350.0,75550.0,74755.0,75142.0,118916,33406,8930056961.0,75180.0
2023-03-06,SiM4,79901.0,80230.0,79840.0,80031.0,18,11,1438276.0,80031.0
2023-03-06,SiU3,76250.0,76472.0,75831.0,76007.0,1176,458,89505946.0,76007.0
2023-03-06,SiU4,81591.0,81600.0,81351.0,81351.0,4,4,325997.0,81351.0
2023-03-06,SiZ3,77279.0,77500.0,76789.0,77150.0,61,45,4705499.0,77149.0
2023-03-06,SiZ4,81643.0,83137.0,81501.0,83137.0,4,4,327924.0,83137.0
2023-03-06,TIH3,25382.0,25750.0,25378.0,25434.0,444,207,11327833.0,25419.0
2023-03-06,TIM3,25230.0,25794.0,25230.0,25583.0,34,26,871686.0,25582.0
2023-03-06,TNH3,93097.0,93100.0,91300.0,92800.0,10,10,926291.0,92800.0
2023-03-06,TNM3,93000.0,94735.0,93000.0,94735.0,2,2,187735.0,93859.0
2023-03-06,TTH3,33527.0,34066.0,33436.0,33700.0,1729,970,58387460.0,33852.0
2023-03-06,TTM3,34237.0,34703.0,34085.0,34400.0,411,201,14150966.0,34500.0
2023-03-06,TTU3,34540.0,34900.0,34538.0,34800.0,4,4,138778.0,34800.0
2023-03-06,TYH4,3.999,3.999,3.999,3.999,1,1,3999.0,3.332
2023-03-06,TYM3,4.031,4.068,4.002,4.005,7,6,28156.0,4.005
2023-03-06,TYU3,4.149,4.149,4.12,4.12,2,2,8269.0,4.12
2023-03-06,UCH3,6.905,6.931,6.887,6.916,9459,3403,709988420.76,6.916
2023-03-06,USDRUBF,75.66,75.84,75.15,75.37,24550,6919,1851682700.0,75.41
2023-03-06,VBH3,1660.0,1688.0,1659.0,1685.0,90891,8521,152539810.0,1684.0
2023-03-06,VBM3,1695.0,1722.0,1693.0,1717.0,8063,1288,13784639.0,1717.0
2023-03-06,VBU3,1733.0,1764.0,1729.0,1757.0,61,45,106660.0,1757.0
2023-03-06,VBZ3,1650.0,1869.0,1650.0,1869.0,2,2,3519.0,1782.0
2023-03-06,VIH3,41.6,41.85,39.0,39.0,137,51,838813.98,39.0
2023-03-06,W4H3,14560.0,14790.0,14480.0,14600.0,30,18,439020.0,14600.0
2023-03-06,W4J3,14880.0,14880.0,14880.0,14880.0,1,1,14880.0,14880.0
2023-03-06,W4K3,15060.0,15060.0,15040.0,15040.0,22,3,331120.0,15040.0
2023-03-06,W4M3,15100.0,15100.0,15100.0,15100.0,1,1,15100.0,15090.0
2023-03-06,YNH3,19861.0,20154.0,19689.0,19807.0,8374,3638,166340912.0,19811.0
2023-03-06,YNM3,20229.0,20527.0,20041.0,20179.0,1317,765,26658800.0,20182.0
2023-03-06,YNU3,20673.0,21044.0,20582.0,20632.0,27,22,559591.0,20624.0
2023-03-07,AFH3,2856.0,2864.0,2830.0,2841.0,2125,468,6045233.0,2843.0
2023-03-07,AFM3,2904.0,2909.0,2880.0,2904.0,1726,250,4992282.0,2895.0
2023-03-07,AFU3,2978.0,2979.0,2978.0,2979.0,2,2,5957.0,2979.0
2023-03-07,AKH3,13436.0,13464.0,13300.0,13371.0,431,155,5768661.0,13395.0
2023-03-07,AKM3,13729.0,13730.0,13550.0,13669.0,58,44,790322.0,13663.0
2023-03-07,ALH3,6219.0,6219.0,6146.0,6190.0,4642,1274,28713523.0,6208.0
2023-03-07,ALM3,6359.0,6363.0,6290.0,6320.0,2985,679,18943222.0,6350.0
2023-03-07,ALU3,6515.0,6515.0,6430.0,6473.0,4,4,25872.0,6473.0
2023-03-07,AUH3,0.6656,0.6656,0.6656,0.6656,1,1,50593.79,0.669
2023-03-07,AUM3,0.6878,0.6878,0.6878,0.6878,2,1,104562.52,0.6701
2023-03-07,BRF4,96.33,96.33,96.33,96.33,1,1,73222.65,96.33
2023-03-07,BRJ3,86.75,87.68,86.3,86.56,128181,40069,8487345944.9,86.38
2023-03-07,BRK3,87.26,88.3,87.07,87.26,2988,1823,199131734.51,87.13
2023-03-07,BRM3,88.25,89.23,87.5,87.68,366,231,24617746.21,87.84
2023-03-07,BRN3,90.09,90.47,89.28,89.28,19,13,1297583.17,89.28
2023-03-07,BRQ3,91.34,91.34,91.34,91.34,3,1,208288.89,91.02
2023-03-07,BRV3,93.24,93.24,93.22,93.22,2,2,141732.54,93.22
2023-03-07,BRZ3,95.0,95.0,94.62,94.62,3,3,216346.22,94.62
2023-03-07,CFH3,0.934,0.9367,0.934,0.9367,2,2,151360.4,0.9367
2023-03-07,CHH3,106065.0,106277.0,104810.0,106064.0,155,131,16384549.0,106009.0
2023-03-07,CHM3,104700.0,105950.0,104700.0,105900.0,5,5,526071.0,105890.0
2023-03-07,CNYRUBF,10.87,10.88,10.83,10.87,16540,787,179745260.0,10.87
2023-03-07,CRH3,10.875,10.917,10.839,10.891,1151623,39648,12528373146.0,10.889
2023-03-07,CRM3,11.039,11.07,10.975,11.039,320674,7717,3537852564.0,11.039
2023-03-07,CRU3,11.25,11.267,11.23,11.23,94,6,1055744.0,11.24
2023-03-07,CSH3,5599.0,5599.0,5599.0,5599.0,1,1,5599.0,5599.0
2023-03-07,CoH3,8556.5,8880.0,8556.5,8650.5,4,4,265784.96,8899.0
2023-03-07,DXH3,13255.0,13301.0,13066.0,13113.0,46,36,489308.56,13113.0
2023-03-07,DXM3,12360.0,12360.0,12360.0,12360.0,1,1,9960.68,12916.0
2023-03-07,DYH3,6962.0,6962.0,6954.0,6955.0,13,5,90421.0,6958.0
2023-03-07,EDH3,1.0697,1.0707,1.061,1.0614,165430,27889,13415833317.51,1.062
2023-03-07,EDM3,1.0675,1.0689,1.0595,1.0608,63070,5322,5111251680.9,1.0609
2023-03-07,EDU3,1.0677,1.0677,1.0601,1.0619,7,7,565417.5,1.0619
2023-03-07,EURRUBF,80.4,80.65,80.32,80.59,755,488,60759950.0,80.59
2023-03-07,EuH3,80464.0,80623.0,80122.0,80486.0,125507,28907,10096585400.0,80488.0
2023-03-07,EuH4,83683.0,84472.0,83683.0,84472.0,3,3,251921.0,84472.0
2023-03-07,EuM3,80600.0,80755.0,80250.0,80454.0,46392,5858,3736256300.0,80453.0
2023-03-07,EuU3,80875.0,81200.0,80875.0,81100.0,7,7,566842.0,81100.0
2023-03-07,EuZ3,80906.0,81590.0,80906.0,81590.0,15,10,1216114.0,81590.0
2023-03-07,FNH3,7547.0,7547.0,6855.0,7207.0,10,9,71833.0,7206.0
2023-03-07,FSH3,8929.0,8981.0,8741.0,8917.0,61,27,542403.0,8955.0
2023-03-07,FSM3,8911.0,8999.0,8911.0,8999.0,7,6,62735.0,9000.0
2023-03-07,FSU3,7800.0,8700.0,7800.0,8700.0,2,2,16500.0,9341.0
2023-03-07,FVH3,14862.0,15215.0,14862.0,15126.0,1289,418,19442207.0,15160.0
2023-03-07,FVM3,15280.0,15561.0,15280.0,15401.0,49,35,758501.0,15463.0
2023-03-07,GDH3,1863.5,1864.1,1837.1,1838.8,144682,38154,20358070707.22,1839.2
2023-03-07,GDH4,1922.6,1924.9,1913.8,1924.9,7,5,1021202.46,1863.3
2023-03-07,GDM3,1868.0,1868.8,1843.0,1845.3,10003,6241,1411431063.5,1845.8
2023-03-07,GDU3,1876.2,1876.2,1855.2,1855.2,103,92,14598185.02,1856.0
2023-03-07,GDZ3,1888.0,1890.9,1870.0,1870.1,55,43,7856030.89,1870.1
2023-03-07,GKH3,14560.0,14843.0,14560.0,14773.0,21047,6570,309884245.0,14801.0
2023-03-07,GKM3,14717.0,14967.0,14698.0,14960.0,971,312,14395755.0,14921.0
2023-03-07,GKU3,14920.0,14920.0,14920.0,14920.0,1,1,14920.0,14920.0
2023-03-07,GUH3,1.2079,1.2099,1.1886,1.1886,41,21,3730425.26,1.1886
2023-03-07,GUM3,1.214,1.214,1.1981,1.1981,4,4,365489.95,1.1981
2023-03-07,GZH3,16398.0,16444.0,16240.0,16330.0,46563,16260,760643138.0,16322.0
2023-03-07,GZH5,18501.0,18501.0,18501.0,18501.0,2,2,37002.0,18501.0
2023-03-07,GZM3,16685.0,16754.0,16544.0,16631.0,3398,1414,56539211.0,16630.0
2023-03-07,GZM4,17702.0,18092.0,17702.0,18092.0,10,9,179184.0,18079.0
2023-03-07,GZU3,16499.0,16580.0,16400.0,16443.0,23,17,378479.0,16443.0
2023-03-07,GZU4,17896.0,18098.0,17865.0,18098.0,3,3,53859.0,18098.0
2023-03-07,GZZ3,17114.0,17895.0,16942.0,16942.0,24,10,414116.0,16942.0
2023-03-07,HKM3,9.65,9.712,9.65,9.712,113,21,1093716.0,9.712
2023-03-07,HOH3,25510.0,25550.0,25510.0,25550.0,5,3,127590.0,25550.0
2023-03-07,HSH3,21002.0,21163.0,20701.0,20780.0,8257,365,16574478.09,20780.0
2023-03-07,HSM3,22000.0,22213.0,21771.0,21960.0,315,71,666624.21,21960.0
2023-03-07,HSU3,21950.0,22785.0,21950.0,22650.0,5,5,10797.17,22561.0
2023-03-07,HYH3,7911.0,7927.0,7887.0,7887.0,288,75,2273164.0,7887.0
2023-03-07,HYM3,8010.0,8010.0,8010.0,8010.0,2,2,16020.0,8010.0
2023-03-07,IRH3,34448.0,34514.0,33980.0,34187.0,68,46,2325647.0,34186.0
2023-03-07,IRM3,34600.0,34600.0,34567.0,34567.0,2,2,69167.0,34567.0
2023-03-07,JPH3,135.68,137.65,135.58,137.09,24,23,1817375.24,137.09
2023-03-07,JPM3,136.65,137.0,136.65,137.0,30,10,2278217.46,137.0
2023-03-07,LKH3,41248.0,41467.0,41019.0,41367.0,6184,4267,255108380.0,41452.0
2023-03-07,LKM3,41987.0,42207.0,41770.0,42201.0,460,318,19345805.0,42207.0
2023-03-07,LKU3,41095.0,41426.0,40653.0,40656.0,21,16,863316.0,40658.0
2023-03-07,MAH3,6880.0,6885.0,6870.0,6885.0,9,3,61875.0,6704.0
2023-03-07,MCH3,12974.0,13382.0,12880.0,13326.0,287,139,3763533.0,13260.0
2023-03-07,MCM3,13397.0,13800.0,12900.0,13592.0,74,52,989209.0,13483.0
2023-03-07,MEH3,12348.0,12482.0,12252.0,12305.0,9092,2945,112171807.0,12317.0
2023-03-07,MEM3,11801.0,11914.0,11630.0,11733.0,780,300,9204621.0,11722.0
2023-03-07,MGH3,40000.0,40905.0,39644.0,40601.0,619,393,24968262.0,40628.0
2023-03-07,MGM3,40603.0,41397.0,40370.0,41307.0,53,51,2166961.0,41217.0
2023-03-07,MLH3,4889.0,4958.0,4846.0,4846.0,1928,507,9431221.0,4872.0
2023-03-07,MLM3,4990.0,5024.0,4935.0,4967.0,309,126,1538437.0,4970.0
2023-03-07,MLU3,6852.0,6852.0,6852.0,6852.0,5,3,34260.0,5058.0
2023-03-07,MMH3,2305.0,2306.95,2289.55,2301.3,23792,7716,547109460.5,2300.95
2023-03-07,MMH5,2579.95,2579.95,2579.95,2579.95,1,1,25799.5,2578.0
2023-03-07,MMM3,2300.7,2312.5,2282.5,2302.0,1743,605,40027698.0,2299.0
2023-03-07,MMM4,2470.0,2470.0,2470.0,2470.0,1,1,24700.0,2470.0
2023-03-07,MMU3,2299.55,2299.55,2297.6,2297.6,3,2,68947.5,2297.6
2023-03-07,MMZ3,2380.0,2399.05,2354.95,2368.0,5,5,118700.0,2368.0
2023-03-07,MMZ4,2487.5,2500.6,2487.5,2500.6,15,6,374893.0,2500.6
2023-03-07,MNH3,4568.0,4577.0,4531.0,4572.0,4204,1599,19165727.0,4570.0
2023-03-07,MNM3,4629.0,4636.0,4590.0,4632.0,1108,524,5114582.0,4627.0
2023-03-07,MNU3,4720.0,4749.0,4680.0,4749.0,21,6,98987.0,4729.0
2023-03-07,MTH3,25870.0,25944.0,25707.0,25794.0,277,162,7146072.0,25840.0
2023-03-07,MTM3,25800.0,26000.0,25800.0,26000.0,17,12,440410.0,26000.0
2023-03-07,MXH3,230525.0,230800.0,229050.0,230175.0,11063,7286,2544705950.0,230150.0
2023-03-07,MXM3,230325.0,230975.0,229125.0,230675.0,1055,817,242953650.0,230675.0
2023-03-07,MXU3,229550.0,233625.0,229525.0,233625.0,4,4,926300.0,233625.0
2023-03-07,MXZ3,234600.0,235000.0,234600.0,235000.0,6,6,1409300.0,235000.0
2023-03-07,NAH3,12364.0,12389.0,12110.0,12201.0,81680,7844,759938132.05,12210.0
2023-03-07,NAM3,11850.0,11867.0,11650.0,11670.0,1545,338,13791745.04,11670.0
2023-03-07,NAU3,11739.0,11896.0,11383.0,11565.0,76,40,674608.08,11565.0
2023-03-07,NAZ3,12196.0,12200.0,11536.0,11755.0,22,18,200207.98,11755.0
2023-03-07,NGH3,2.719,2.769,2.651,2.738,1170754,239027,24164910437.02,2.734
2023-03-07,NGJ3,2.926,2.986,2.887,2.95,77348,30600,1726036706.55,2.951
2023-03-07,NGK3,3.211,3.26,3.16,3.235,6382,1436,156329149.66,3.235
2023-03-07,NGM3,3.441,3.532,3.396,3.465,706,369,18572602.22,3.465
2023-03-07,NGN3,3.612,3.677,3.583,3.641,98,65,2710545.32,3.641
2023-03-07,NGQ3,3.697,3.75,3.69,3.707,77,46,2174962.73,3.715
2023-03-07,NKH3,108129.0,108324.0,106765.0,107900.0,371,306,39954767.0,107900.0
2023-03-07,NKM3,108399.0,108400.0,107500.0,108180.0,21,15,2268235.0,108180.0
2023-03-07,NMH3,12718.0,12790.0,12603.0,12640.0,1610,896,20417228.0,12643.0
2023-03-07,NMM3,12890.0,13100.0,12754.0,12794.0,206,136,2644555.0,12794.0
2023-03-07,OGH3,5849.0,5849.0,5651.0,5651.0,2,2,11500.0,5652.0
2023-03-07,OGM3,5650.0,5890.0,5650.0,5888.0,6,6,34589.0,5880.0
2023-03-07,OZH3,16920.0,17151.0,16803.0,16812.0,907,407,15351741.0,16817.0
2023-03-07,OZM3,17332.0,17382.0,17127.0,17127.0,133,62,2301811.0,17127.0
2023-03-07,PDH3,1448.99,1471.14,1412.01,1427.0,459,213,50293085.78,1426.8
2023-03-07,PDM3,1555.09,1560.49,1500.0,1517.74,218,80,25352118.12,1517.74
2023-03-07,PHH3,7144.0,7239.0,7117.0,7131.0,709,222,5071768.0,7122.0
2023-03-07,PHM3,6939.0,6943.0,6790.0,6901.0,118,46,811800.0,6900.0
2023-03-07,PIH3,6229.0,6245.0,5968.0,6240.0,271,83,1670227.0,6211.0
2023-03-07,PIM3,6319.0,6319.0,6234.0,6234.0,6,5,37663.0,6251.0
2023-03-07,POH3,5139.0,5149.0,5040.0,5059.0,10387,3342,52882323.0,5061.0
2023-03-07,POM3,5235.0,5235.0,5137.0,5140.0,584,272,3031247.0,5156.0
2023-03-07,POU3,5345.0,5345.0,5345.0,5345.0,1,1,5345.0,5294.0
2023-03-07,PSH3,1679.0,1707.0,1655.0,1679.0,1750,193,2937563.0,1678.0
2023-03-07,PSM3,1694.0,1749.0,1693.0,1710.0,667,124,1146095.0,1710.0
2023-03-07,PTH3,979.2,988.5,949.0,952.5,1219,415,89742820.36,952.4
2023-03-07,PTM3,1020.0,1021.0,987.1,994.3,159,98,12099729.17,987.7
2023-03-07,PZH3,90411.0,90750.0,89142.0,89447.0,565,499,50739756.0,89448.0
2023-03-07,PZM3,92263.0,92263.0,90704.0,90776.0,110,104,10055701.0,90965.0
2023-03-07,RIH3,96980.0,97360.0,95680.0,95730.0,69937,45628,10253152739.68,95770.0
2023-03-07,RIH4,97590.0,97590.0,97590.0,97590.0,1,1,148361.2,97590.0
2023-03-07,RIM3,97560.0,98540.0,96540.0,96780.0,4350,3360,644640187.68,96740.0
2023-03-07,RIM4,97460.0,108240.0,97460.0,100190.0,15,15,2325739.28,100190.0
2023-03-07,RIU3,97750.0,98430.0,96960.0,96960.0,19,19,2817555.35,96960.0
2023-03-07,RIU4,98160.0,98160.0,98160.0,98160.0,1,1,149227.74,96420.0
2023-03-07,RIZ3,97200.0,97500.0,97200.0,97500.0,4,4,592623.87,97140.0
2023-03-07,RLH3,4146.0,4163.0,4112.0,4136.0,419,108,1731800.0,4136.0
2023-03-07,RLM3,4249.0,4275.0,4223.0,4250.0,33,12,139829.0,4249.0
2023-03-07,RMH3,968.5,974.0,957.5,958.0,13630,4875,199975247.44,958.5
2023-03-07,RMM3,978.0,989.0,967.5,970.5,2627,1015,38989390.84,970.5
2023-03-07,RMU3,954.5,982.0,954.5,967.0,8,8,117948.3,967.0
2023-03-07,RNH3,36657.0,36752.0,36381.0,36508.0,2747,1468,100309125.0,36566.0
2023-03-07,RNM3,36953.0,37040.0,36508.0,36795.0,65,48,2394161.0,36812.0
2023-03-07,RNM4,36471.0,37448.0,36471.0,37448.0,2,2,73919.0,37448.0
2023-03-07,RNZ3,36299.0,36299.0,36299.0,36299.0,1,1,36299.0,36332.0
2023-03-07,RTH3,5958.0,6000.0,5950.0,5957.0,113,58,674117.0,5957.0
2023-03-07,RTM3,6089.0,6111.0,6050.0,6050.0,17,13,103456.0,6050.0
2023-03-07,SEH3,1507.0,1585.0,1487.0,1570.0,1725,159,2677837.0,1559.0
2023-03-07,SEM3,1550.0,2260.0,1503.0,1625.0,89,22,148373.0,1610.0
2023-03-07,SFH3,405.85,405.95,400.52,401.99,77766,10651,2383318372.84,401.79
2023-03-07,SFM3,402.03,402.39,397.2,398.52,7754,2111,235585193.54,398.61
2023-03-07,SFU3,396.4,396.5,392.22,394.23,87,41,2614336.3,394.23
2023-03-07,SFZ3,393.5,395.0,393.01,393.01,10,6,299602.82,393.01
2023-03-07,SGH3,27990.0,28019.0,27794.0,27845.0,40,31,1115867.0,27840.0
2023-03-07,SGM3,28600.0,28620.0,28390.0,28390.0,31,20,884540.0,28390.0
2023-03-07,SLH3,65.0,65.0,65.0,65.0,5,5,32500.0,63.93
2023-03-07,SNH3,22832.0,22928.0,22666.0,22679.0,1403,583,31919122.0,22708.0
2023-03-07,SNM3,23355.0,23412.0,23169.0,23239.0,76,36,1768748.0,23205.0
2023-03-07,SOH3,4369.0,4445.0,4321.0,4392.0,984,234,4325628.0,4392.0
2023-03-07,SOM3,4435.0,4578.0,4435.0,4467.0,36,23,160831.0,4467.0
2023-03-07,SPH3,17059.0,17262.0,16996.0,17215.0,6134,3081,104997089.0,17225.0
2023-03-07,SPM3,17230.0,17399.0,17180.0,17365.0,357,194,6175423.0,17358.0
2023-03-07,SRH3,17243.0,17470.0,17140.0,17440.0,266503,60805,4612531241.0,17441.0
2023-03-07,SRM3,17437.0,17573.0,17310.0,17565.0,18669,7420,325810235.0,17568.0
2023-03-07,SRU3,17200.0,17497.0,17130.0,17432.0,802,158,13845630.0,17432.0
2023-03-07,SRZ3,17421.0,17734.0,17392.0,17601.0,86,51,1505743.0,17621.0
2023-03-07,SSH3,2568.0,2576.0,2544.0,2576.0,2369,328,6073852.0,2568.0
2023-03-07,SSM3,2627.0,2640.0,2555.0,2639.0,107,15,277327.0,2634.0
2023-03-07,SVH3,21.36,21.42,20.58,20.6,79656,13823,1271580657.1,20.64
2023-03-07,SVM3,21.43,21.53,20.77,20.8,11776,3615,189161500.75,20.84
2023-03-07,SVU3,22.05,22.22,21.46,21.46,252,122,4182896.01,21.46
2023-03-07,SVZ3,22.86,22.86,22.24,22.25,24,11,410132.01,22.25
2023-03-07,SXH3,4350.0,4353.8,4318.0,4319.6,157,50,549080.28,4319.6
2023-03-07,SiH3,75055.0,75817.0,74808.0,75781.0,838965,194570,63191265671.0,75787.0
2023-03-07,SiH4,78200.0,79175.0,78000.0,79175.0,63,37,4966219.0,79175.0
2023-03-07,SiM3,75150.0,75650.0,74850.0,75648.0,101555,25132,7642235176.0,75645.0
2023-03-07,SiM4,79603.0,80698.0,79603.0,80698.0,11,9,880823.0,80698.0
2023-03-07,SiU3,75904.0,76608.0,75435.0,76585.0,974,410,74083742.0,76585.0
2023-03-07,SiU4,81700.0,82005.0,81413.0,82005.0,9,8,735664.0,82005.0
2023-03-07,SiZ3,77099.0,77961.0,77000.0,77961.0,31,24,2396115.0,77786.0
2023-03-07,SiZ4,83000.0,83300.0,82000.0,83229.0,5,4,414829.0,83229.0
2023-03-07,TIH3,25439.0,25600.0,25355.0,25406.0,214,125,5446923.0,25430.0
2023-03-07,TIM3,25472.0,25600.0,25405.0,25565.0,11,11,280337.0,25565.0
2023-03-07,TNH3,91600.0,91650.0,91600.0,91650.0,6,5,549700.0,91650.0
2023-03-07,TRM3,19.5,19.5,19.5,19.5,1,1,77865.45,19.5
2023-03-07,TTH3,33842.0,33905.0,33563.0,33818.0,919,603,31025579.0,33754.0
2023-03-07,TTM3,34462.0,34601.0,34300.0,34439.0,115,69,3960397.0,34430.0
2023-03-07,TTU3,34800.0,34800.0,34800.0,34800.0,1,1,34800.0,34800.0
2023-03-07,TYH4,3.997,3.997,3.997,3.997,1,1,3997.0,3.33
2023-03-07,TYM3,4.048,4.048,4.01,4.02,5,5,20098.0,4.02
2023-03-07,TYU3,4.05,4.05,4.0,4.0,2,2,8050.0,4.0
2023-03-07,UCH3,6.916,6.965,6.911,6.96,10587,3536,798550527.23,6.959
2023-03-07,USDRUBF,75.37,75.95,75.11,75.92,19882,4667,1500833130.0,76.01
2023-03-07,VBH3,1684.0,1690.0,1671.0,1682.0,61717,7237,103835225.0,1682.0
2023-03-07,VBM3,1716.0,1722.0,1708.0,1715.0,6864,936,11791976.0,1714.0
2023-03-07,VBU3,1757.0,1782.0,1756.0,1764.0,39,35,68759.0,1764.0
2023-03-07,VIH3,39.0,39.5,37.3,38.5,85,37,500419.45,38.5
2023-03-07,W4H3,14600.0,14600.0,14420.0,14430.0,32,23,462950.0,14430.0
2023-03-07,W4J3,14880.0,14880.0,14630.0,14630.0,4,3,58770.0,14630.0
2023-03-07,W4K3,15040.0,15040.0,15040.0,15040.0,1,1,15040.0,15040.0
2023-03-07,W4M3,15100.0,15100.0,14890.0,14890.0,2,2,29990.0,14910.0
2023-03-07,YNH3,19799.0,19846.0,19618.0,19660.0,4415,1797,87023069.0,19688.0
2023-03-07,YNM3,20194.0,20224.0,19992.0,20066.0,601,329,12080145.0,20068.0
2023-03-07,YNU3,20669.0,20725.0,20459.0,20527.0,21,10,433027.0,20526.0
2023-03-09,AFH3,2843.0,2873.0,2840.0,2853.0,1531,398,4367764.0,2853.0
2023-03-09,AFM3,2894.0,2923.0,2891.0,2900.0,545,129,1582683.0,2902.0
2023-03-09,AFU3,2870.0,3020.0,2870.0,2979.0,99,20,292225.0,2974.0
2023-03-09,AKH3,13368.0,13501.0,13244.0,13356.0,1291,354,17233865.0,13347.0
2023-03-09,AKM3,13583.0,13870.0,13524.0,13654.0,260,117,3554774.0,13632.0
2023-03-09,ALH3,6196.0,6233.0,6149.0,6178.0,3291,1208,20371744.0,6179.0
2023-03-09,ALM3,6334.0,6380.0,6298.0,6320.0,869,319,5499266.0,6320.0
2023-03-09,ALU3,6446.0,6470.0,6446.0,6455.0,4,4,25826.0,6453.0
2023-03-09,AUH3,0.6626,0.6626,0.6626,0.6626,1,1,50281.73,0.6626
2023-03-09,BRF4,96.85,96.85,95.18,95.18,4,4,292030.17,95.18
2023-03-09,BRH4,93.46,93.46,93.46,93.46,1,1,70922.59,93.77
2023-03-09,BRJ3,86.48,86.54,84.43,85.34,184599,56896,11950396020.57,85.39
2023-03-09,BRK3,87.25,87.25,84.75,85.77,10533,6949,683342120.22,85.78
2023-03-09,BRM3,87.67,87.81,86.16,86.91,475,273,31324373.23,87.0
2023-03-09,BRN3,88.97,89.09,87.55,88.44,49,43,3276834.57,88.44
2023-03-09,BRQ3,90.59,90.59,89.0,90.02,11,11,749088.55,90.02
2023-03-09,BRU3,92.1,92.1,91.11,91.11,3,3,208176.7,91.11
2023-03-09,BRV3,91.88,91.88,91.88,91.88,1,1,69723.6,91.88
2023-03-09,BRZ3,93.99,93.99,93.04,93.04,2,2,141928.65,93.17
2023-03-09,CFH3,0.9414,0.9414,0.9414,0.9414,1,1,76218.57,0.9414
2023-03-09,CHH3,105970.0,106278.0,105010.0,105428.0,122,108,12888538.0,105428.0
2023-03-09,CHM3,106100.0,106100.0,105000.0,105010.0,17,17,1789154.0,105010.0
2023-03-09,CNYRUBF,10.88,10.9,10.8,10.87,28546,1300,309906250.0,10.86
2023-03-09,CRH3,10.886,10.911,10.841,10.876,1497076,48712,16280166211.0,10.877
2023-03-09,CRH4,11.606,11.606,11.606,11.606,1,1,11606.0,11.606
2023-03-09,CRM3,11.036,11.062,10.994,11.025,226290,8322,2494242849.0,11.027
2023-03-09,CRM4,11.961,11.961,11.86,11.86,31,25,368760.0,11.86
2023-03-09,CRU3,11.268,11.277,11.218,11.218,134,21,1504043.0,11.22
2023-03-09,CRZ3,11.42,11.42,11.4,11.4,20,4,228254.0,11.41
2023-03-09,DXH3,13017.0,13063.0,13002.0,13027.0,45,16,470271.1,13027.0
2023-03-09,DYH3,6956.0,6956.0,6936.0,6936.0,95,15,659350.0,6936.0
2023-03-09,EDH3,1.0614,1.0614,1.0557,1.0592,106022,34589,8514546237.52,1.0594
2023-03-09,EDM3,1.0603,1.0613,1.0547,1.0575,30015,9607,2406838221.11,1.0573
2023-03-09,EDU3,1.058,1.0601,1.056,1.0566,17,5,1363821.81,1.057
2023-03-09,EURRUBF,80.5,80.64,79.9,80.24,1351,721,108371430.0,80.26
2023-03-09,EuH3,80430.0,80595.0,79709.0,80181.0,241357,47850,19312402989.0,80202.0
2023-03-09,EuM3,80374.0,80690.0,79691.0,80030.0,61254,9227,4900244149.0,80109.0
2023-03-09,EuU3,81200.0,81247.0,80100.0,80110.0,46,34,3698877.0,80251.0
2023-03-09,EuZ3,81938.0,81949.0,80880.0,80880.0,14,9,1143206.0,80880.0
2023-03-09,FNH3,6511.0,7150.0,6504.0,7100.0,22,18,151409.0,7100.0
2023-03-09,FSH3,8968.0,9287.0,8896.0,9245.0,370,111,3366862.0,9245.0
2023-03-09,FSM3,9000.0,9353.0,8927.0,9299.0,178,56,1630953.0,9278.0
2023-03-09,FSU3,9450.0,9450.0,9450.0,9450.0,7,1,66150.0,9629.0
2023-03-09,FVH3,15066.0,15241.0,15042.0,15057.0,607,227,9185858.0,15057.0
2023-03-09,FVM3,15492.0,15558.0,15398.0,15475.0,28,16,433119.0,15438.0
2023-03-09,GDH3,1838.2,1844.6,1827.9,1840.9,145536,38515,20265980647.25,1840.6
2023-03-09,GDH4,1914.5,1916.4,1906.4,1914.0,39,35,5654175.46,1885.1
2023-03-09,GDM3,1844.8,1848.7,1834.6,1845.0,16512,9696,2307002146.6,1845.1
2023-03-09,GDU3,1853.3,1860.0,1850.0,1856.0,189,148,26601532.96,1856.2
2023-03-09,GDZ3,1870.0,1878.5,1866.8,1876.9,82,48,11644493.5,1876.9
2023-03-09,GKH3,14795.0,14796.0,14526.0,14673.0,28107,9869,411397596.0,14673.0
2023-03-09,GKM3,14885.0,14914.0,14656.0,14793.0,3185,829,47032498.0,14793.0
2023-03-09,GKU3,14992.0,14992.0,14939.0,14940.0,3,3,44871.0,14940.0
2023-03-09,GUH3,1.194,1.194,1.1854,1.19,16,13,1442492.32,1.1909
2023-03-09,GUM3,1.1981,1.1981,1.1939,1.194,3,3,272125.41,1.194
2023-03-09,GZH3,16313.0,16349.0,16136.0,16198.0,57784,18611,938168857.0,16176.0
2023-03-09,GZH4,17427.0,19091.0,17151.0,17151.0,54,13,1021856.0,17248.0
2023-03-09,GZM3,16616.0,16646.0,16454.0,16506.0,6565,2334,108737067.0,16491.0
2023-03-09,GZM4,17712.0,17849.0,17706.0,17706.0,4,4,70978.0,17706.0
2023-03-09,GZU3,16506.0,16506.0,16350.0,16436.0,27,17,443387.0,16436.0
2023-03-09,HKM3,9.72,9.72,9.667,9.69,25,9,241967.0,9.695
2023-03-09,HOH3,25550.0,25550.0,25500.0,25500.0,13,4,331970.0,25500.0
2023-03-09,HSH3,20780.0,20780.0,19920.0,20186.0,24089,1011,47269295.25,20214.0
2023-03-09,HSM3,21823.0,21823.0,21315.0,21400.0,832,161,1731712.18,21400.0
2023-03-09,HSU3,22333.0,22333.0,22000.0,22000.0,10,10,21475.12,21771.0
2023-03-09,HSZ3,23000.0,23194.0,22001.0,23194.0,52,15,115853.23,22147.0
2023-03-09,HYH3,7871.0,7900.0,7853.0,7860.0,220,71,1731617.0,7860.0
2023-03-09,HYM3,8007.0,8008.0,7995.0,8000.0,50,22,400140.0,8000.0
2023-03-09,IRH3,34158.0,34200.0,33901.0,34045.0,62,48,2114520.0,34045.0
2023-03-09,IRM3,34456.0,34550.0,34300.0,34300.0,12,6,412318.0,34250.0
2023-03-09,JPH3,136.95,137.49,136.14,136.19,37,30,2808000.2,136.21
2023-03-09,JPM3,138.0,138.0,136.12,136.25,23,15,1741557.88,136.25
2023-03-09,LKH3,41379.0,41442.0,41064.0,41288.0,5363,3743,221028557.0,41296.0
2023-03-09,LKM3,42128.0,42198.0,41807.0,42003.0,739,521,31011976.0,42013.0
2023-03-09,LKZ3,39512.0,42298.0,39512.0,42298.0,2,2,81810.0,42270.0
2023-03-09,MAH3,6885.0,6885.0,6792.0,6884.0,8,8,54793.0,6882.0
2023-03-09,MAM3,6937.0,6937.0,6868.0,6868.0,2,2,13805.0,6863.0
2023-03-09,MCH3,13094.0,13895.0,12905.0,13632.0,670,300,8956319.0,13631.0
2023-03-09,MCM3,13730.0,13950.0,12915.0,13937.0,142,55,1947437.0,13900.0
2023-03-09,MEH3,12298.0,12459.0,12173.0,12258.0,6669,1916,82086964.0,12238.0
2023-03-09,MEM3,11703.0,11789.0,11500.0,11589.0,394,183,4584647.0,11592.0
2023-03-09,MGH3,40603.0,41289.0,40550.0,41230.0,592,378,24239806.0,41234.0
2023-03-09,MGM3,41325.0,42200.0,41157.0,41800.0,83,64,3449980.0,41800.0
2023-03-09,MLH3,4859.0,4927.0,4804.0,4893.0,3414,854,16564646.0,4892.0
2023-03-09,MLM3,4962.0,5038.0,4910.0,4999.0,619,205,3069885.0,4999.0
2023-03-09,MMH3,2300.9,2310.0,2281.05,2291.1,35739,10230,819860490.5,2291.1
2023-03-09,MMH4,2441.65,2630.0,2441.65,2630.0,16,8,405087.5,2488.4
2023-03-09,MMM3,2300.0,2305.0,2281.25,2287.9,1578,648,36195144.0,2289.4
2023-03-09,MMM4,2450.1,2450.1,2450.05,2450.05,3,2,73502.0,2450.05
2023-03-09,MMU3,2291.35,2309.45,2291.0,2299.75,14,13,321712.0,2299.75
2023-03-09,MMZ3,2362.95,2494.9,2310.0,2364.5,80,41,1906783.0,2364.5
2023-03-09,MMZ5,2522.45,2522.45,2522.45,2522.45,1,1,25224.5,2522.45
2023-03-09,MNH3,4564.0,4591.0,4550.0,4569.0,6212,1545,28401917.0,4572.0
2023-03-09,MNM3,4624.0,4655.0,4597.0,4625.0,1128,418,5224736.0,4630.0
2023-03-09,MNU3,4740.0,4741.0,4710.0,4710.0,4,3,18932.0,4710.0
2023-03-09,MTH3,25847.0,25872.0,25662.0,25775.0,339,167,8725706.0,25755.0
2023-03-09,MTM3,26001.0,26085.0,25981.0,26049.0,55,18,1430481.0,26049.0
2023-03-09,MXH3,230150.0,231125.0,228225.0,229300.0,16155,10367,3707759850.0,229325.0
2023-03-09,MXM3,230800.0,230950.0,228250.0,229275.0,1562,1029,358677650.0,229300.0
2023-03-09,MXU3,230025.0,230025.0,230000.0,230000.0,3,3,690025.0,230000.0
2023-03-09,MXZ3,240675.0,240675.0,237500.0,237500.0,2,2,478175.0,237500.0
2023-03-09,NAH3,12200.0,12317.0,12095.0,12274.0,100617,7177,929530340.88,12272.0
2023-03-09,NAM3,11680.0,11802.0,11646.0,11790.0,3094,504,27558073.42,11790.0
2023-03-09,NAU3,11609.0,11691.0,11510.0,11610.0,70,33,616302.91,11630.0
2023-03-09,NAZ3,11751.0,11800.0,11628.0,11628.0,187,23,1659426.13,11632.0
2023-03-09,NGH3,2.73,2.778,2.657,2.661,960524,201591,19789743984.97,2.666
2023-03-09,NGJ3,2.945,3.005,2.886,2.888,63719,27572,1423268464.4,2.893
2023-03-09,NGK3,3.23,3.257,3.18,3.183,1843,1029,45001566.28,3.184
2023-03-09,NGM3,3.475,3.527,3.425,3.44,521,255,13731769.48,3.447
2023-03-09,NGN3,3.664,3.668,3.613,3.613,74,32,2045941.29,3.613
2023-03-09,NGQ3,3.745,3.756,3.673,3.717,38,25,1070410.48,3.717
2023-03-09,NKH3,107701.0,107821.0,106980.0,107721.0,198,170,21263733.0,107711.0
2023-03-09,NKM3,108100.0,108100.0,107004.0,107609.0,13,13,1397153.0,107609.0
2023-03-09,NMH3,12667.0,12739.0,12538.0,12706.0,1655,841,20906145.0,12705.0
2023-03-09,NMM3,12819.0,12899.0,12688.0,12848.0,225,115,2873691.0,12849.0
2023-03-09,OGH3,5941.0,6100.0,5871.0,6100.0,11,9,65557.0,6100.0
2023-03-09,OZH3,16828.0,17045.0,16589.0,16700.0,1100,558,18523595.0,16672.0
2023-03-09,OZM3,17193.0,17650.0,16923.0,17015.0,333,188,5708704.0,17013.0
2023-03-09,PDH3,1417.53,1427.55,1389.0,1399.44,843,346,89868350.22,1395.0
2023-03-09,PDM3,1528.54,1528.54,1481.42,1490.0,195,129,22138839.02,1490.0
2023-03-09,PDU3,1504.0,1599.0,1504.0,1532.0,7,7,822920.67,1548.26
2023-03-09,PHH3,7130.0,7146.0,7014.0,7090.0,630,172,4464203.0,7090.0
2023-03-09,PHM3,6851.0,6948.0,6747.0,6855.0,117,63,800276.0,6855.0
2023-03-09,PIH3,6217.0,6280.0,6166.0,6257.0,215,95,1338837.0,6258.0
2023-03-09,PIM3,6300.0,6340.0,6251.0,6281.0,27,15,170231.0,6295.0
2023-03-09,POH3,5050.0,5123.0,4990.0,5107.0,15176,4066,76863623.0,5102.0
2023-03-09,POM3,5123.0,5235.0,5098.0,5200.0,2555,869,13219280.0,5205.0
2023-03-09,POU3,5250.0,5250.0,5205.0,5205.0,2,2,10455.0,5205.0
2023-03-09,PSH3,1673.0,1699.0,1667.0,1688.0,2610,181,4386001.0,1686.0
2023-03-09,PSM3,1715.0,1741.0,1667.0,1726.0,760,148,1304561.0,1726.0
2023-03-09,PSU3,1800.0,1800.0,1800.0,1800.0,1,1,1800.0,1753.0
2023-03-09,PTH3,952.1,968.9,945.7,963.5,875,484,63383022.35,963.5
2023-03-09,PTM3,994.9,997.3,980.0,993.1,169,127,12687698.9,993.1
2023-03-09,PTU3,1031.9,1031.9,1030.5,1030.5,2,2,156506.26,1021.6
2023-03-09,PZH3,89332.0,90379.0,88528.0,89128.0,885,731,78961808.0,89416.0
2023-03-09,PZM3,91048.0,91890.0,90200.0,90768.0,155,143,14065042.0,91001.0
2023-03-09,RIH3,95720.0,96300.0,95000.0,95450.0,93626,63572,13580006328.17,95490.0
2023-03-09,RIH4,96710.0,96710.0,92240.0,94870.0,32,32,4551339.11,94800.0
2023-03-09,RIM3,96770.0,96960.0,95710.0,96200.0,4022,3075,587888261.33,96170.0
2023-03-09,RIM4,98160.0,98160.0,95750.0,98070.0,7,7,1035685.29,98000.0
2023-03-09,RIU3,97260.0,97260.0,95400.0,96320.0,59,59,8614992.51,96180.0
2023-03-09,RIZ3,96790.0,96890.0,94630.0,95500.0,19,19,2763992.75,95500.0
2023-03-09,RLH3,4138.0,4149.0,4082.0,4147.0,900,162,3711776.0,4151.0
2023-03-09,RLM3,4249.0,4312.0,4110.0,4228.0,255,67,1072641.0,4228.0
2023-03-09,RMH3,958.0,963.5,950.5,955.0,13584,4525,197163983.4,954.5
2023-03-09,RMM3,967.5,970.5,957.5,963.5,2640,1141,38595871.92,963.0
2023-03-09,RMU3,985.5,985.5,955.0,955.0,3,3,43998.41,956.0
2023-03-09,RNH3,36555.0,36713.0,36323.0,36656.0,2199,1432,80304060.0,36650.0
2023-03-09,RNM3,36859.0,37121.0,36772.0,36955.0,125,69,4613407.0,36999.0
2023-03-09,RNU3,36800.0,36800.0,36800.0,36800.0,2,2,73600.0,36800.0
2023-03-09,RTH3,5947.0,5970.0,5892.0,5967.0,154,57,914749.0,5927.0
2023-03-09,RTM3,6000.0,6059.0,6000.0,6032.0,26,11,156955.0,6032.0
2023-03-09,SAK3,35.1,35.5,35.08,35.08,10,9,358952.8,35.08
2023-03-09,SEH3,1575.0,1639.0,1539.0,1583.0,773,160,1233919.0,1546.0
2023-03-09,SEM3,1610.0,1610.0,1536.0,1600.0,6,5,9566.0,1600.0
2023-03-09,SFH3,401.01,402.46,398.2,401.21,84963,12598,2579920456.33,401.38
2023-03-09,SFM3,398.15,399.4,395.8,398.07,11324,3150,341436897.51,398.09
2023-03-09,SFU3,394.23,395.98,393.54,395.59,177,71,5295989.6,395.59
2023-03-09,SFZ3,393.01,394.49,391.8,392.01,9,8,268310.12,392.13
2023-03-09,SGH3,27828.0,27936.0,27691.0,27852.0,134,111,3718277.0,27737.0
2023-03-09,SGM3,28384.0,28493.0,28362.0,28493.0,11,10,312414.0,28367.0
2023-03-09,SNH3,22691.0,22735.0,22455.0,22556.0,1180,417,26670088.0,22530.0
2023-03-09,SNM3,23170.0,23265.0,22993.0,23040.0,106,52,2452248.0,23048.0
2023-03-09,SOH3,4390.0,4493.0,4378.0,4403.0,524,107,2309746.0,4405.0
2023-03-09,SOM3,4487.0,4499.0,4402.0,4499.0,26,16,116619.0,4499.0
2023-03-09,SPH3,17212.0,17449.0,17125.0,17227.0,11542,5729,199155842.0,17227.0
2023-03-09,SPM3,17368.0,17550.0,17300.0,17343.0,1087,597,18931661.0,17343.0
2023-03-09,SPU3,17703.0,17740.0,17703.0,17740.0,2,2,35443.0,17500.0
2023-03-09,SRH3,17440.0,17555.0,17256.0,17346.0,423576,92631,7368344838.0,17356.0
2023-03-09,SRH4,17941.0,19999.0,17941.0,19999.0,27,8,526174.0,17959.0
2023-03-09,SRM3,17550.0,17680.0,17435.0,17488.0,28969,10888,508076726.0,17499.0
2023-03-09,SRU3,17424.0,17533.0,17300.0,17344.0,3000,390,52270712.0,17344.0
2023-03-09,SRZ3,17613.0,17800.0,17416.0,17580.0,221,86,3893558.0,17560.0
2023-03-09,SSH3,2567.0,2579.0,2548.0,2554.0,440,77,1127609.0,2553.0
2023-03-09,SSM3,2581.0,2649.0,2580.0,2580.0,13,13,33894.0,2581.0
2023-03-09,SVH3,20.6,20.63,20.26,20.48,116498,14890,1807059533.2,20.48
2023-03-09,SVH4,21.07,23.34,21.07,23.29,24,10,405949.45,23.29
2023-03-09,SVM3,20.8,21.15,20.52,20.75,26992,6720,425794473.53,20.77
2023-03-09,SVU3,21.47,21.9,21.2,21.36,695,334,11302856.67,21.36
2023-03-09,SVZ3,22.22,22.67,22.19,22.34,166,75,2811459.29,22.34
2023-03-09,SXH3,4310.2,4340.1,4310.0,4313.0,630,59,2184699.42,4319.6
2023-03-09,SXM3,4051.2,4122.0,4051.2,4075.1,30,11,98488.39,4075.1
2023-03-09,SXU3,3980.0,4150.0,3980.0,4150.0,21,3,69809.99,4141.0
2023-03-09,SXZ3,4000.0,4100.0,3980.1,3980.1,8,4,25908.01,4140.9
2023-03-09,SiH3,75799.0,75990.0,75451.0,75710.0,841063,236460,63661219678.0,75725.0
2023-03-09,SiH4,79523.0,79762.0,79015.0,79015.0,27,22,2147399.0,79017.0
2023-03-09,SiM3,75650.0,75832.0,75283.0,75567.0,117960,34480,8910639323.0,75574.0
2023-03-09,SiM4,80969.0,81147.0,80479.0,80479.0,25,17,2020773.0,80479.0
2023-03-09,SiU3,76581.0,76720.0,76197.0,76450.0,723,352,55278606.0,76449.0
2023-03-09,SiU4,82590.0,82890.0,82194.0,82599.0,10,10,826310.0,82578.0
2023-03-09,SiZ3,77785.0,77898.0,76200.0,77535.0,127,78,9848446.0,77535.0
2023-03-09,SiZ4,83796.0,83796.0,83796.0,83796.0,2,2,167592.0,83699.0
2023-03-09,TIH3,25460.0,25551.0,25314.0,25348.0,193,123,4907420.0,25352.0
2023-03-09,TIM3,25565.0,25654.0,25279.0,25320.0,25,15,636465.0,25320.0
2023-03-09,TNH3,91650.0,92950.0,91455.0,91455.0,4,4,367711.0,91656.0
2023-03-09,TRM3,19.0,19.0,19.0,19.0,1,1,76180.5,19.0
2023-03-09,TTH3,33738.0,33835.0,33426.0,33663.0,1074,630,36107853.0,33699.0
2023-03-09,TTM3,34380.0,34523.0,34120.0,34283.0,210,111,7193175.0,34384.0
2023-03-09,TTU3,34600.0,34600.0,33353.0,34222.0,3,3,102175.0,34223.0
2023-03-09,TYH4,2.675,3.979,2.675,3.227,3,3,9881.0,3.347
2023-03-09,TYM3,4.019,4.037,4.019,4.02,140,41,563645.0,4.02
2023-03-09,TYU3,4.001,4.001,4.0,4.0,3,3,12001.0,4.0
2023-03-09,UCH3,6.964,6.97,6.952,6.963,5873,2839,444141099.82,6.963
2023-03-09,UCM3,6.896,6.896,6.85,6.86,606,278,45163128.75,6.86
2023-03-09,USDRUBF,75.94,76.15,75.63,75.91,23787,6485,1804314210.0,75.89
2023-03-09,VBH3,1684.0,1686.0,1667.0,1676.0,53343,7096,89395421.0,1677.0
2023-03-09,VBM3,1715.0,1718.0,1703.0,1711.0,5633,1030,9634247.0,1711.0
2023-03-09,VBU3,1764.0,1764.0,1754.0,1754.0,129,16,226433.0,1754.0
2023-03-09,VBZ3,1820.0,1820.0,1800.0,1810.0,29,4,52349.0,1810.0
2023-03-09,VIH3,38.5,38.5,37.55,37.75,66,20,379420.0,37.7
2023-03-09,W4F4,15300.0,15300.0,15300.0,15300.0,3,1,45900.0,15300.0
2023-03-09,W4H3,14500.0,14770.0,14400.0,14400.0,63,31,909390.0,14400.0
2023-03-09,W4K3,14710.0,14710.0,14700.0,14700.0,23,4,338140.0,14700.0
2023-03-09,W4M3,15130.0,15130.0,14780.0,14780.0,1520,12,22519540.0,14780.0
2023-03-09,YNH3,19653.0,19744.0,19380.0,19465.0,5168,2322,100885897.0,19401.0
2023-03-09,YNM3,20050.0,20170.0,19763.0,19786.0,1425,723,28315192.0,19773.0
2023-03-09,YNU3,20553.0,20707.0,20081.0,20100.0,71,46,1441372.0,20100.0
2023-03-10,AFH3,2855.0,2865.0,2830.0,2832.0,3227,513,9172604.0,2843.0
2023-03-10,AFM3,2899.0,2901.0,2872.0,2890.0,1695,208,4892922.0,2895.0
2023-03-10,AFU3,2970.0,2970.0,2970.0,2970.0,1,1,2970.0,2954.0
2023-03-10,AKH3,13400.0,13417.0,13263.0,13319.0,285,94,3792638.0,13299.0
2023-03-10,AKM3,13614.0,13659.0,13540.0,13610.0,100,26,1361256.0,13542.0
2023-03-10,ALH3,6180.0,6192.0,6079.0,6167.0,4632,1464,28482681.0,6144.0
2023-03-10,ALM3,6323.0,6331.0,6242.0,6320.0,5336,1303,33664809.0,6257.0
2023-03-10,ALU3,6450.0,6461.0,6372.0,6460.0,25,14,160940.0,6384.0
2023-03-10,AUM3,0.6612,0.6612,0.6612,0.6612,1,1,50294.64,0.6614
2023-03-10,BRF4,95.05,95.05,94.5,94.5,2,2,144182.54,94.5
2023-03-10,BRH4,93.23,94.0,92.79,94.0,4,4,284006.5,92.99
2023-03-10,BRJ3,85.3,85.44,82.74,83.4,233906,73370,14873682700.18,83.26
2023-03-10,BRK3,85.38,85.8,83.02,83.79,10771,6827,686772398.87,83.71
2023-03-10,BRM3,87.05,87.05,84.85,85.47,702,491,45648296.38,85.55
2023-03-10,BRN3,88.19,88.19,86.37,87.53,93,78,6160561.07,87.01
2023-03-10,BRQ3,89.33,89.33,87.72,88.7,35,29,2356812.06,88.13
2023-03-10,BRU3,90.04,90.63,89.3,89.33,8,8,547414.42,89.3
2023-03-10,BRV3,90.26,92.0,90.26,92.0,7,7,484842.77,90.26
2023-03-10,BRX3,90.99,93.18,90.99,93.18,7,6,486926.96,91.1
2023-03-10,BRZ3,93.1,93.1,92.35,92.9,5,5,352435.21,92.35
2023-03-10,CAM3,1.38,1.38,1.38,1.38,3,1,227986.89,1.3807
2023-03-10,CFH3,0.9201,0.931,0.9201,0.9241,8,3,604405.99,0.9297
2023-03-10,CFM3,0.938,0.938,0.9106,0.9106,92,13,6907991.67,0.9259
2023-03-10,CHH3,105569.0,106040.0,104604.0,105220.0,198,188,20880239.0,105765.0
2023-03-10,CHM3,105500.0,106166.0,104284.0,104900.0,27,25,2842548.0,107699.0
2023-03-10,CNYRUBF,10.85,10.96,10.85,10.95,35793,1560,390356590.0,10.92
2023-03-10,CRH3,10.87,10.977,10.864,10.97,1911042,53772,20861794461.0,10.927
2023-03-10,CRH4,11.65,11.789,11.65,11.69,28,16,327951.0,12.544
2023-03-10,CRM3,11.016,11.12,11.015,11.113,304650,10247,3371042373.0,11.769
2023-03-10,CRM4,11.856,12.231,11.856,11.9,19,16,227313.0,12.741
2023-03-10,CRU3,11.231,11.307,11.21,11.283,1430,77,16055182.0,12.107
2023-03-10,CRZ3,11.401,11.58,11.4,11.58,156,96,1798880.0,12.414
2023-03-10,CSH3,5649.0,6099.0,5146.0,5579.0,25,23,138575.0,5693.0
2023-03-10,DXH3,13002.0,13088.0,12907.0,12951.0,39,18,411484.62,12951.0
2023-03-10,DYH3,6939.0,6950.0,6910.0,6912.0,412,38,2852616.0,6915.0
2023-03-10,EDH3,1.0592,1.069,1.0584,1.068,119799,26983,9680153701.19,1.06
2023-03-10,EDM3,1.0572,1.067,1.0562,1.0657,21844,6042,1759904664.57,1.0599
2023-03-10,EDU3,1.0607,1.0652,1.0588,1.0652,21,14,1695040.4,1.0583
2023-03-10,EURRUBF,80.3,81.23,80.17,81.23,1669,538,134560800.0,80.43
2023-03-10,EuH3,80136.0,81149.0,80081.0,81111.0,85225,27177,6862084105.0,80359.0
2023-03-10,EuH4,84428.0,84428.0,83492.0,83549.0,3,3,251469.0,83218.0
2023-03-10,EuM3,80010.0,80980.0,80008.0,80975.0,25179,6536,2023592574.0,80132.0
2023-03-10,EuU3,80390.0,81096.0,80390.0,81096.0,13,12,1050190.0,80534.0
2023-03-10,EuZ3,80937.0,80937.0,80880.0,80880.0,4,3,323691.0,81184.0
2023-03-10,FNH3,6954.0,6954.0,6954.0,6954.0,1,1,6954.0,7100.0
2023-03-10,FSH3,9272.0,9277.0,9098.0,9209.0,315,92,2891249.0,9202.0
2023-03-10,FSM3,9300.0,9310.0,9250.0,9250.0,50,17,462915.0,9370.0
2023-03-10,FVH3,15096.0,15127.0,14925.0,15000.0,431,125,6462585.0,14961.0
2023-03-10,FVM3,15395.0,15395.0,15249.0,15300.0,20,11,306423.0,15234.0
2023-03-10,GDH3,1840.3,1868.4,1835.5,1867.1,186272,50370,26209218000.25,1842.5
2023-03-10,GDM3,1841.8,1867.0,1840.0,1865.0,29962,12477,4219784078.98,1841.9
2023-03-10,GDU3,1856.5,1878.5,1852.1,1877.5,152,121,21552295.63,1852.9
2023-03-10,GDZ3,1875.0,1904.3,1872.0,1904.3,92,47,13178199.95,1860.8
2023-03-10,GKH3,14678.0,14725.0,14512.0,14600.0,14156,5659,206683094.0,14566.0
2023-03-10,GKM3,14802.0,14829.0,14579.0,14712.0,1074,457,15780627.0,14832.0
2023-03-10,GKU3,14710.0,14918.0,14710.0,14918.0,2,2,29628.0,15135.0
2023-03-10,GUH3,1.1914,1.21,1.1895,1.21,24,23,2191627.79,1.1965
2023-03-10,GUM3,1.2051,1.2051,1.2051,1.2051,1,1,91666.78,1.1963
2023-03-10,GZH3,16156.0,16214.0,15900.0,16063.0,54264,18085,871980469.0,16072.0
2023-03-10,GZH4,17618.0,18670.0,17304.0,17304.0,55,43,993790.0,17377.0
2023-03-10,GZM3,16507.0,16524.0,16250.0,16370.0,6477,2510,106035653.0,16366.0
2023-03-10,GZM6,24560.0,24560.0,24560.0,24560.0,1,1,24560.0,21377.0
2023-03-10,GZU3,16514.0,16514.0,16201.0,16339.0,82,38,1337124.0,16700.0
2023-03-10,GZU5,19022.0,19022.0,19021.0,19021.0,8,8,152175.0,19896.0
2023-03-10,GZZ3,16975.0,16990.0,16840.0,16860.0,30,21,508143.0,17029.0
2023-03-10,HKM3,9.73,9.764,9.711,9.764,122,21,1188689.0,9.857
2023-03-10,HOH3,25410.0,25550.0,25410.0,25550.0,6,2,152880.0,25550.0
2023-03-10,HOM3,25400.0,25400.0,25400.0,25400.0,1,1,25400.0,26020.0
2023-03-10,HSH3,20153.0,20203.0,19100.0,19561.0,10953,958,20949605.35,19632.0
2023-03-10,HSM3,21400.0,21525.0,20705.0,21070.0,867,146,1774967.69,19406.0
2023-03-10,HSU3,22000.0,22759.0,21653.0,21653.0,46,27,97522.12,19314.0
2023-03-10,HSZ3,22161.0,23541.0,22153.0,22899.0,38,19,83636.3,19653.0
2023-03-10,HYH3,7861.0,7861.0,7765.0,7841.0,617,159,4817328.0,7795.0
2023-03-10,HYM3,7995.0,7995.0,7914.0,7970.0,122,59,970069.0,7937.0
2023-03-10,IRH3,34114.0,34114.0,33550.0,33768.0,52,38,1754930.0,33781.0
2023-03-10,IRM3,34100.0,34100.0,31501.0,33320.0,28,22,939147.0,34399.0
2023-03-10,JPH3,136.56,136.7,134.15,134.22,45,30,3399970.78,136.7
2023-03-10,JPM3,137.34,137.34,135.5,135.95,30,17,2286496.24,136.34
2023-03-10,LKH3,41286.0,41392.0,40510.0,40913.0,8487,5251,347175019.0,40956.0
2023-03-10,LKM3,42025.0,42052.0,41256.0,41589.0,890,576,37063053.0,41705.0
2023-03-10,LKU3,41383.0,41385.0,40005.0,40721.0,9,8,364706.0,42556.0
2023-03-10,LKZ3,42199.0,45500.0,37400.0,37400.0,16,16,669460.0,43394.0
2023-03-10,MAM3,6526.0,6526.0,6526.0,6526.0,1,1,6526.0,7004.0
2023-03-10,MCH3,13664.0,14196.0,12911.0,14068.0,899,422,12314136.0,13724.0
2023-03-10,MCM3,13945.0,14376.0,13800.0,14365.0,290,82,4092939.0,13975.0
2023-03-10,MEH3,12257.0,12379.0,11655.0,11757.0,19713,5361,237103853.0,12325.0
2023-03-10,MEM3,11600.0,11823.0,11326.0,11506.0,2117,674,24620796.0,12550.0
2023-03-10,MEU3,11975.0,13440.0,11771.0,12050.0,100,61,1255609.0,12806.0
2023-03-10,MGH3,41335.0,42367.0,40905.0,41900.0,1081,651,45014890.0,41907.0
2023-03-10,MGM3,41928.0,43167.0,41591.0,42568.0,235,175,9900817.0,42674.0
2023-03-10,MLH3,4896.0,4899.0,4833.0,4861.0,1694,421,8238559.0,4855.0
2023-03-10,MLM3,5003.0,5005.0,4945.0,4983.0,198,87,985814.0,4943.0
2023-03-10,MMH3,2290.55,2298.6,2266.75,2282.1,30609,9193,697337819.5,2276.8
2023-03-10,MMH4,2436.5,2650.05,2436.5,2650.05,8,8,204753.5,2461.15
2023-03-10,MMH5,2555.9,2905.0,2520.1,2520.1,20,9,537707.5,2685.7
2023-03-10,MMM3,2289.95,2294.55,2268.3,2278.9,2019,688,45978135.0,2318.35
2023-03-10,MMU3,2310.5,2310.5,2291.0,2291.0,10,8,229685.5,2365.55
2023-03-10,MMU4,2440.0,2440.0,2440.0,2440.0,1,1,24400.0,2567.5
2023-03-10,MMZ3,2359.8,2369.65,2346.9,2346.9,7,7,165127.5,2411.95
2023-03-10,MNH3,4569.0,4569.0,4498.0,4527.0,9320,2652,42230781.0,4523.0
2023-03-10,MNM3,4625.0,4628.0,4563.0,4590.0,2218,935,10187462.0,4606.0
2023-03-10,MNU3,4699.0,4710.0,4665.0,4665.0,6,6,28151.0,4700.0
2023-03-10,MTH3,25753.0,25872.0,25590.0,25845.0,575,282,14791819.0,25720.0
2023-03-10,MTM3,26099.0,26099.0,25500.0,26000.0,39,25,1007753.0,26191.0
2023-03-10,MTU3,24773.0,24778.0,24773.0,24778.0,2,2,49551.0,26725.0
2023-03-10,MXH3,229200.0,229750.0,226825.0,228225.0,12689,8458,2891982175.0,227825.0
2023-03-10,MXM3,229375.0,229950.0,227000.0,228300.0,2105,1255,480049600.0,231975.0
2023-03-10,MXU3,230000.0,230000.0,230000.0,230000.0,3,3,690000.0,236700.0
2023-03-10,NAH3,12270.0,12270.0,11852.0,11936.0,200503,14653,1832710664.63,11993.0
2023-03-10,NAM3,11784.0,11855.0,11583.0,11684.0,7028,1231,62626678.08,11951.0
2023-03-10,NAU3,11649.0,11800.0,11470.0,11578.0,62,34,546681.84,11852.0
2023-03-10,NAZ3,11799.0,11799.0,11551.0,11551.0,73,43,648978.46,11783.0
2023-03-10,NGH3,2.657,2.679,2.552,2.571,1241738,224339,24604973269.79,2.588
2023-03-10,NGJ3,2.885,2.909,2.795,2.795,89082,33137,1928470627.3,2.834
2023-03-10,NGK3,3.18,3.199,3.1,3.112,3318,1899,79278698.7,3.132
2023-03-10,NGM3,3.431,3.464,3.327,3.371,703,412,18136953.23,3.396
2023-03-10,NGN3,3.62,3.62,3.542,3.554,85,54,2306753.22,3.571
2023-03-10,NGQ3,3.719,3.72,3.65,3.668,113,66,3169239.31,3.67
2023-03-10,NKH3,107899.0,108776.0,105629.0,107100.0,709,591,76071251.0,107117.0
2023-03-10,NKM3,107001.0,107800.0,105640.0,106701.0,50,47,5343481.0,109076.0
2023-03-10,NMH3,12693.0,12731.0,12520.0,12694.0,1389,782,17597385.0,12681.0
2023-03-10,NMM3,12848.0,12919.0,12640.0,12800.0,290,135,3709764.0,12913.0
2023-03-10,NMU3,13200.0,13200.0,12734.0,12734.0,2,2,25934.0,13177.0
2023-03-10,OGH3,6156.0,6156.0,5561.0,5686.0,9,9,52452.0,5977.0
2023-03-10,OGM3,5555.0,5875.0,5409.0,5875.0,7,7,39816.0,6086.0
2023-03-10,OZH3,16718.0,16764.0,16500.0,16634.0,528,293,8777323.0,16633.0
2023-03-10,OZM3,17042.0,17042.0,16800.0,16978.0,104,79,1764297.0,16937.0
2023-03-10,PDH3,1399.5,1434.99,1393.0,1424.0,787,355,84632275.15,1394.0
2023-03-10,PDM3,1496.85,1514.69,1477.0,1500.0,120,99,13674378.71,1450.61
2023-03-10,PDU3,1550.0,1550.0,1550.0,1550.0,1,1,117902.3,1547.15
2023-03-10,PHH3,7080.0,7132.0,7033.0,7067.0,719,212,5086375.0,7079.0
2023-03-10,PHM3,6877.0,6879.0,6744.0,6829.0,174,54,1188515.0,7208.0
2023-03-10,PIH3,6261.0,6294.0,6148.0,6213.0,294,100,1829873.0,6225.0
2023-03-10,PIM3,6345.0,6346.0,6246.0,6272.0,38,13,239868.0,6338.0
2023-03-10,POH3,5104.0,5129.0,5030.0,5127.0,13088,3686,66485779.0,5077.0
2023-03-10,POM3,5199.0,5232.0,5125.0,5219.0,2652,1110,13736311.0,5170.0
2023-03-10,POU3,5332.0,5890.0,5001.0,5001.0,42,14,231624.0,5275.0
2023-03-10,PSH3,1690.0,1692.0,1645.0,1686.0,569,74,953965.0,1688.0
2023-03-10,PSM3,1726.0,1738.0,1690.0,1711.0,423,92,724434.0,1719.0
2023-03-10,PTH3,960.5,976.8,944.1,971.7,768,398,55977638.67,948.0
2023-03-10,PTM3,989.5,1006.7,972.9,1002.0,159,132,11943227.67,982.6
2023-03-10,PZH3,89309.0,90404.0,88600.0,90325.0,870,757,77727392.0,89250.0
2023-03-10,PZM3,91000.0,92055.0,90181.0,92055.0,312,273,28446926.0,90882.0
2023-03-10,RBM3,12651.0,12651.0,12651.0,12651.0,2,2,25302.0,12652.0
2023-03-10,RIH3,95460.0,95800.0,94200.0,94750.0,74237,48554,10697444933.26,94580.0
2023-03-10,RIH4,94090.0,96130.0,94010.0,94010.0,3,3,432401.94,102240.0
2023-03-10,RIM3,96180.0,96510.0,95050.0,95550.0,5683,4204,826497678.25,96310.0
2023-03-10,RIU3,95530.0,95630.0,95080.0,95520.0,16,16,2319921.68,98270.0
2023-03-10,RIZ3,95260.0,97040.0,95260.0,95260.0,9,9,1307003.05,100190.0
2023-03-10,RLH3,4169.0,4170.0,4063.0,4149.0,1459,231,6008969.0,4124.0
2023-03-10,RLM3,4241.0,4241.0,4178.0,4216.0,89,24,374111.0,4199.0
2023-03-10,RMH3,955.0,958.0,942.5,946.5,17949,6644,258358094.06,945.5
2023-03-10,RMM3,964.5,967.0,950.5,956.0,2265,986,32969803.51,962.5
2023-03-10,RMU3,964.0,964.0,964.0,964.0,1,1,14665.47,982.5
2023-03-10,RNH3,36591.0,36736.0,36061.0,36684.0,4227,2610,153508099.0,36195.0
2023-03-10,RNH4,40248.0,40800.0,40102.0,40800.0,4,4,161950.0,33929.0
2023-03-10,RNM3,36836.0,37195.0,36325.0,37160.0,1051,304,38707147.0,34543.0
2023-03-10,RNU3,36801.0,36801.0,34731.0,36461.0,14,14,504004.0,35248.0
2023-03-10,RNU4,36855.0,38497.0,32010.0,37665.0,25,23,895590.0,32682.0
2023-03-10,RNZ3,35622.0,39000.0,30500.0,37000.0,25,25,882569.0,33249.0
2023-03-10,RNZ4,38356.0,39000.0,36200.0,39000.0,11,11,419004.0,30719.0
2023-03-10,RTH3,5941.0,5944.0,5896.0,5906.0,345,67,2040050.0,5903.0
2023-03-10,RTM3,6033.0,6033.0,5900.0,5900.0,284,47,1694719.0,6011.0
2023-03-10,SAK3,35.08,35.08,34.94,34.94,2,2,71140.32,35.08
2023-03-10,SEH3,1545.0,1545.0,1488.0,1491.0,174,26,263309.0,1504.0
2023-03-10,SEM3,1530.0,1530.0,1530.0,1530.0,1,1,1530.0,1532.0
2023-03-10,SFH3,400.63,400.95,389.05,390.41,204060,28549,6111096388.67,392.33
2023-03-10,SFM3,397.5,397.5,387.31,389.44,24399,7514,726045335.23,390.94
2023-03-10,SFU3,394.0,395.86,388.0,390.05,434,208,12905250.98,387.72
2023-03-10,SFZ3,392.05,393.12,389.23,389.67,68,44,2020923.07,385.47
2023-03-10,SGH3,27774.0,27774.0,27407.0,27739.0,152,120,4194936.0,27716.0
2023-03-10,SGM3,28183.0,28325.0,28176.0,28325.0,21,15,593078.0,28222.0
2023-03-10,SGU3,26580.0,26580.0,26580.0,26580.0,2,1,53160.0,28798.0
2023-03-10,SNH3,22564.0,22574.0,22299.0,22403.0,431,236,9656763.0,22406.0
2023-03-10,SNM3,23068.0,23068.0,22817.0,22852.0,58,38,1329413.0,22815.0
2023-03-10,SOH3,4405.0,4451.0,4041.0,4428.0,1815,377,7933642.0,4398.0
2023-03-10,SOM3,4444.0,4483.0,4413.0,4480.0,46,23,205022.0,4478.0
2023-03-10,SPH3,17234.0,17256.0,16961.0,17202.0,7738,3811,132310503.0,17139.0
2023-03-10,SPM3,17370.0,17375.0,17000.0,17271.0,1251,539,21491379.0,17452.0
2023-03-10,SRH3,17345.0,17392.0,17065.0,17276.0,276150,70475,4752428021.0,17208.0
2023-03-10,SRH4,17985.0,18900.0,17799.0,17962.0,65,27,1191008.0,18605.0
2023-03-10,SRM3,17504.0,17540.0,17183.0,17419.0,35925,12775,622911245.0,17522.0
2023-03-10,SRU3,17290.0,17535.0,17280.0,17440.0,938,308,16301582.0,17880.0
2023-03-10,SRZ3,17560.0,18777.0,17470.0,17744.0,422,178,7472353.0,18232.0
2023-03-10,SSH3,2562.0,2563.0,2500.0,2532.0,768,112,1936716.0,2533.0
2023-03-10,SSM3,2584.0,2586.0,2555.0,2572.0,27,12,69431.0,2580.0
2023-03-10,SVH3,20.47,20.85,20.15,20.79,121465,16364,1889726266.28,20.25
2023-03-10,SVM3,20.75,21.0,20.5,20.95,14447,5183,227982774.33,20.48
2023-03-10,SVU3,21.4,21.59,21.15,21.5,405,179,6565238.18,21.01
2023-03-10,SVZ3,22.22,22.56,22.01,22.45,91,35,1534716.75,21.46
2023-03-10,SXH3,4313.2,4339.0,4248.7,4284.4,500,83,1744271.27,4271.8
2023-03-10,SXM3,4100.0,4184.6,3950.0,4065.0,179,34,597843.08,4222.7
2023-03-10,SXU3,4050.2,4141.0,3950.0,3957.0,14,11,45774.72,4202.7
2023-03-10,SXZ3,4140.9,4140.9,4100.0,4100.0,4,4,13378.28,4168.6
2023-03-10,SiH3,75701.0,76098.0,75626.0,75990.0,779370,192415,59144682259.0,75896.0
2023-03-10,SiH4,79570.0,79570.0,79024.0,79200.0,4,4,316914.0,79162.0
2023-03-10,SiM3,75595.0,75770.0,75483.0,75680.0,93204,26299,7049920811.0,75584.0
2023-03-10,SiM4,80599.0,80642.0,80093.0,80093.0,13,9,1045394.0,80146.0
2023-03-10,SiU3,76505.0,76552.0,76350.0,76540.0,357,233,27301431.0,76382.0
2023-03-10,SiU4,82200.0,82415.0,82187.0,82187.0,4,4,329002.0,81220.0
2023-03-10,SiZ3,77512.0,77660.0,77315.0,77633.0,14,9,1085082.0,77583.0
2023-03-10,TIH3,25393.0,25402.0,25062.0,25188.0,290,159,7308593.0,25119.0
2023-03-10,TIM3,25350.0,25357.0,25253.0,25357.0,7,7,177156.0,25579.0
2023-03-10,TNH3,91500.0,92111.0,91500.0,92111.0,3,3,275111.0,92327.0
2023-03-10,TRM3,19.0,19.0,19.0,19.0,1,1,76155.8,20.534
2023-03-10,TTH3,33690.0,33699.0,33253.0,33500.0,1307,791,43644619.0,33416.0
2023-03-10,TTM3,34329.0,34365.0,33924.0,34053.0,386,177,13157068.0,34027.0
2023-03-10,TTU3,34450.0,34450.0,34450.0,34450.0,1,1,34450.0,34721.0
2023-03-10,TYH4,3.946,3.947,3.946,3.947,10,2,39469.0,3.349
2023-03-10,TYM3,4.002,4.021,4.001,4.02,88,15,353381.0,3.873
2023-03-10,TYZ3,4.039,4.039,4.039,4.039,2,1,8078.0,3.514
2023-03-10,UCH3,6.964,6.975,6.92,6.922,7500,2737,571148896.0,6.949
2023-03-10,UCM3,6.86,6.86,6.8,6.8,246,207,18407981.1,6.872
2023-03-10,USDRUBF,75.87,76.16,75.8,76.08,14576,3585,1107692730.0,75.98
2023-03-10,VBH3,1676.0,1680.0,1649.0,1655.0,98299,8189,163041913.0,1656.0
2023-03-10,VBM3,1712.0,1715.0,1685.0,1692.0,12224,1611,20739405.0,1687.0
2023-03-10,VBU3,1759.0,1789.0,1720.0,1744.0,312,153,544062.0,1721.0
2023-03-10,VBZ3,1804.0,1804.0,1804.0,1804.0,1,1,1804.0,1755.0
2023-03-10,VIH3,37.65,37.85,37.1,37.55,43,22,245144.45,37.7
2023-03-10,W4H3,14410.0,14470.0,14190.0,14290.0,2057,30,29494980.0,14280.0
2023-03-10,W4J3,14550.0,14550.0,14400.0,14400.0,45,5,654320.0,14520.0
2023-03-10,W4K3,14980.0,14980.0,14520.0,14600.0,8,7,116970.0,14600.0
2023-03-10,W4M3,14630.0,14830.0,14570.0,14660.0,115,7,1676550.0,14750.0
2023-03-10,YNH3,19464.0,19466.0,19159.0,19271.0,5736,2365,110641939.0,19312.0
2023-03-10,YNM3,19785.0,19843.0,19552.0,19671.0,1800,892,35397701.0,19666.0
2023-03-10,YNU3,20175.0,20175.0,20000.0,20110.0,16,10,321025.0,20067.0
2023-03-13,AFH3,2830.0,2846.0,2803.0,2812.0,3379,665,9549411.0,2815.0
2023-03-13,AFM3,2878.0,2895.0,2847.0,2861.0,1981,242,5696609.0,2861.0
2023-03-13,AFU3,2962.0,2962.0,2700.0,2929.0,460,40,1304442.0,2929.0
2023-03-13,AKH3,13317.0,13398.0,13141.0,13304.0,1085,276,14403993.0,13286.0
2023-03-13,AKM3,13604.0,13674.0,13406.0,13550.0,644,225,8685586.0,13533.0
2023-03-13,ALH3,6163.0,6219.0,6067.0,6123.0,7994,1895,48960488.0,6126.0
2023-03-13,ALM3,6310.0,6368.0,6200.0,6260.0,4281,1162,26866427.0,6264.0
2023-03-13,ALU3,6461.0,6481.0,6360.0,6360.0,53,27,340296.0,6360.0
2023-03-13,AUH3,0.6638,0.6683,0.6601,0.6601,52,3,2586577.39,0.6612
2023-03-13,AUM3,0.6706,0.6706,0.6701,0.6701,50,2,2511576.75,0.6623
2023-03-13,BRF4,95.6,95.6,94.5,94.51,6,6,426452.91,94.51
2023-03-13,BRG4,94.3,94.3,92.99,92.99,2,2,140342.58,92.99
2023-03-13,BRH4,92.99,94.2,91.5,94.2,12,12,834509.71,94.2
2023-03-13,BRJ3,83.47,84.63,80.59,82.87,395362,112359,24475753699.82,82.89
2023-03-13,BRK3,83.88,85.14,81.25,83.88,16767,10284,1041453861.9,83.89
2023-03-13,BRM3,85.68,86.57,83.05,85.65,1448,904,92041778.66,85.65
2023-03-13,BRN3,87.4,88.05,84.81,87.08,223,182,14437511.09,87.14
2023-03-13,BRQ3,89.11,89.46,86.6,89.1,55,44,3622657.8,89.02
2023-03-13,BRU3,90.78,91.89,88.79,90.4,13,12,877026.84,90.4
2023-03-13,BRV3,91.16,91.89,90.25,91.89,9,7,612279.99,91.89
2023-03-13,BRX3,93.07,93.07,90.9,91.49,9,9,619863.25,91.5
2023-03-13,BRZ3,94.4,94.4,92.15,93.94,12,11,842407.66,93.94
2023-03-13,CAH3,1.363,1.363,1.363,1.363,3,1,223480.62,1.363
2023-03-13,CFH3,0.925,0.925,0.905,0.9144,300,10,22728482.42,0.9144
2023-03-13,CFM3,0.9105,0.9112,0.9058,0.9058,349,13,26253412.83,0.9058
2023-03-13,CHH3,105241.0,105997.0,103597.0,104000.0,273,243,28538479.0,104101.0
2023-03-13,CHM3,105650.0,106468.0,103752.0,104035.0,73,56,7633041.0,104242.0
2023-03-13,CNYRUBF,10.96,10.99,10.86,10.92,49617,2819,542442900.0,10.92
2023-03-13,CRH3,10.967,11.004,10.87,10.924,2197418,70395,24040488513.0,10.922
2023-03-13,CRH4,11.79,11.79,11.655,11.655,11,4,128684.0,11.655
2023-03-13,CRM3,11.158,11.169,11.018,11.062,487609,20632,5403936720.0,11.062
2023-03-13,CRM4,12.078,12.401,11.876,11.888,23,14,277677.0,11.909
2023-03-13,CRU3,11.359,11.367,11.164,11.2,4064,364,45644338.0,11.2
2023-03-13,CRZ3,11.722,11.722,11.217,11.548,176,34,2023563.0,11.52
2023-03-13,CSM3,5739.0,5739.0,5739.0,5739.0,1,1,5739.0,5697.0
2023-03-13,CoH3,8972.5,8972.5,8604.0,8941.0,3,3,198704.64,8899.0
2023-03-13,DXH3,12951.0,13017.0,12634.0,12634.0,56,28,579215.33,12528.0
2023-03-13,DXM3,12741.0,13450.0,12150.0,12163.0,65,38,649662.74,12484.0
2023-03-13,DXU3,12301.0,12301.0,12301.0,12301.0,1,1,9886.19,12301.0
2023-03-13,DXZ3,12500.0,12756.0,12103.0,12399.0,8,8,79472.09,12309.0
2023-03-13,DYH3,6911.0,6943.0,6855.0,6856.0,170,27,1173256.0,6852.0
2023-03-13,EDH3,1.0678,1.0734,1.0635,1.0718,274968,62731,22018700521.15,1.0717
2023-03-13,EDM3,1.0658,1.0721,1.062,1.0704,140193,31726,11214485700.96,1.0701
2023-03-13,EDU3,1.0687,1.0724,1.0653,1.0724,23,20,1841036.22,1.072
2023-03-13,EURRUBF,81.12,81.35,80.0,80.4,3578,1258,288447890.0,80.34
2023-03-13,EuH3,81078.0,81285.0,79786.0,80200.0,299416,65844,24097803490.0,80208.0
2023-03-13,EuM3,80933.0,81111.0,79865.0,80234.0,143287,26261,11536907752.0,80218.0
2023-03-13,EuU3,81379.0,81800.0,80100.0,80695.0,127,76,10255545.0,80691.0
2023-03-13,EuZ3,80657.0,80900.0,80657.0,80670.0,5,4,403555.0,80702.0
2023-03-13,FNH3,7001.0,7001.0,7001.0,7001.0,1,1,7001.0,7001.0
2023-03-13,FSH3,9259.0,9472.0,9156.0,9241.0,425,114,3941754.0,9272.0
2023-03-13,FSM3,9322.0,9598.0,9321.0,9436.0,164,44,1557789.0,9438.0
2023-03-13,FVH3,15044.0,15154.0,14882.0,15014.0,1667,411,25057430.0,15032.0
2023-03-13,FVM3,15352.0,15594.0,15231.0,15315.0,581,179,8975947.0,15345.0
2023-03-13,GDH3,1867.0,1915.8,1857.5,1907.6,268145,77847,37974291856.2,1907.8
2023-03-13,GDH4,1936.5,1955.0,1922.6,1955.0,13,9,1892358.06,1950.0
2023-03-13,GDM3,1863.0,1914.0,1856.3,1904.7,87455,33696,12364921328.87,1905.0
2023-03-13,GDU3,1866.7,1922.0,1842.9,1911.7,1197,751,170169912.83,1912.4
2023-03-13,GDZ3,1897.0,1941.0,1890.7,1936.3,174,134,25010997.21,1936.2
2023-03-13,GKH3,14600.0,14733.0,14522.0,14604.0,16377,6683,239443323.0,14603.0
2023-03-13,GKM3,14712.0,14845.0,14656.0,14796.0,1819,526,26865447.0,14749.0
2023-03-13,GKU3,15051.0,15053.0,15051.0,15053.0,2,2,30104.0,14897.0
2023-03-13,GUH3,1.2084,1.2276,1.1944,1.2169,313,56,28646356.03,1.2169
2023-03-13,GUM3,1.2051,1.23,1.2051,1.2243,35,19,3188539.32,1.2243
2023-03-13,GZH3,16055.0,16185.0,15842.0,15944.0,77256,26964,1236811842.0,15912.0
2023-03-13,GZH4,18011.0,18601.0,17600.0,17600.0,27,12,492977.0,17446.0
2023-03-13,GZH5,18632.0,18649.0,18632.0,18649.0,5,3,93223.0,18649.0
2023-03-13,GZM3,16362.0,16496.0,16167.0,16260.0,14730,5749,240287383.0,16234.0
2023-03-13,GZM4,17621.0,17621.0,17158.0,17256.0,13,13,225070.0,17569.0
2023-03-13,GZU3,16339.0,16499.0,16009.0,16159.0,177,85,2874577.0,16159.0
2023-03-13,GZU4,17950.0,18318.0,16741.0,18318.0,10,10,177369.0,17949.0
2023-03-13,GZZ3,16860.0,16929.0,16470.0,16470.0,29,15,487610.0,16585.0
2023-03-13,GZZ4,18497.0,20500.0,18497.0,18513.0,50,23,997230.0,18908.0
2023-03-13,HKM3,9.703,9.704,9.62,9.645,280,35,2701937.0,9.645
2023-03-13,HKU3,10.899,10.899,10.899,10.899,1,1,10899.0,9.691
2023-03-13,HOM3,25690.0,25690.0,25690.0,25690.0,1,1,25690.0,25690.0
2023-03-13,HSH3,19632.0,20080.0,19236.0,19857.0,10854,781,20694406.09,19857.0
2023-03-13,HSM3,20714.0,21686.0,20555.0,20999.0,1742,279,3505631.22,20999.0
2023-03-13,HSU3,20656.0,21990.0,20656.0,21888.0,6,6,12356.81,21888.0
2023-03-13,HSZ3,20862.0,22697.0,20862.0,21211.0,36,11,74488.43,21218.0
2023-03-13,HYH3,7820.0,7887.0,7771.0,7819.0,602,148,4704201.0,7816.0
2023-03-13,HYM3,7950.0,8010.0,7920.0,7945.0,79,34,627880.0,7949.0
2023-03-13,IRH3,33799.0,34034.0,33539.0,33595.0,90,66,3039101.0,33575.0
2023-03-13,IRM3,33300.0,33570.0,32101.0,33110.0,90,56,2995128.0,33110.0
2023-03-13,JPH3,135.46,135.46,132.7,132.7,71,52,5355892.94,133.0
2023-03-13,JPM3,135.97,136.3,133.86,133.86,57,47,4319715.3,133.86
2023-03-13,LKH3,40919.0,41271.0,40426.0,40795.0,8816,6214,360297468.0,40765.0
2023-03-13,LKM3,41637.0,42038.0,41205.0,41560.0,1873,1209,78003113.0,41553.0
2023-03-13,LKU3,41118.0,41120.0,40400.0,40400.0,7,6,286255.0,40400.0
2023-03-13,LKZ3,41665.0,43400.0,37009.0,38049.0,74,53,2908900.0,39333.0
2023-03-13,MAH3,6718.0,6718.0,6717.0,6717.0,3,2,20153.0,6873.0
2023-03-13,MCH3,14070.0,14454.0,13686.0,13940.0,1305,577,18340511.0,13838.0
2023-03-13,MCM3,14365.0,14800.0,13970.0,14161.0,734,232,10510196.0,14161.0
2023-03-13,MEH3,11699.0,11810.0,11244.0,11319.0,14066,3457,162531394.0,11323.0
2023-03-13,MEM3,11476.0,11599.0,11104.0,11173.0,4509,1033,50988939.0,11200.0
2023-03-13,MEU3,11681.0,11717.0,11416.0,11481.0,29,19,336546.0,11458.0
2023-03-13,MGH3,42060.0,42715.0,41035.0,41369.0,991,609,41451904.0,41205.0
2023-03-13,MGM3,42646.0,42647.0,40747.0,40910.0,424,277,17647392.0,40892.0
2023-03-13,MGU3,42575.0,42575.0,42575.0,42575.0,1,1,42575.0,41710.0
2023-03-13,MLH3,4869.0,5029.0,4847.0,4993.0,4849,1322,24045819.0,4993.0
2023-03-13,MLM3,4964.0,5144.0,4953.0,5100.0,2024,646,10276232.0,5100.0
2023-03-13,MMH3,2281.95,2302.5,2254.1,2277.9,50460,13420,1149044462.0,2277.9
2023-03-13,MMH4,2412.1,2412.1,2412.1,2412.1,1,1,24121.0,2412.1
2023-03-13,MMM3,2279.5,2298.6,2241.15,2267.0,17966,3703,407109190.0,2267.7
2023-03-13,MMU3,2303.25,2307.35,2296.4,2298.0,16,13,368339.5,2296.0
2023-03-13,MMU5,2596.95,2596.95,2572.6,2596.95,4,4,103634.0,2596.95
2023-03-13,MMZ3,2365.0,2365.0,2324.0,2324.0,8,5,186910.5,2335.6
2023-03-13,MMZ5,2598.9,2598.9,2598.9,2598.9,1,1,25989.0,2598.9
2023-03-13,MNH3,4532.0,4553.0,4497.0,4525.0,10198,2675,46118731.0,4521.0
2023-03-13,MNM3,4594.0,4618.0,4558.0,4598.0,4697,1372,21561779.0,4583.0
2023-03-13,MNU3,4678.0,5114.0,4661.0,4661.0,68,17,318400.0,4661.0
2023-03-13,MTH3,25834.0,25899.0,25452.0,25583.0,975,479,25022236.0,25544.0
2023-03-13,MTM3,26040.0,26149.0,25696.0,25753.0,133,70,3452605.0,25800.0
2023-03-13,MTU3,25428.0,25428.0,24700.0,24700.0,2,2,50128.0,24700.0
2023-03-13,MXH3,228200.0,229850.0,225350.0,227700.0,21405,13882,4874343875.0,227625.0
2023-03-13,MXM3,228475.0,230000.0,225225.0,227575.0,7578,4712,1722041300.0,227575.0
2023-03-13,MXU3,230325.0,231075.0,229500.0,229500.0,21,19,4841350.0,229500.0
2023-03-13,NAH3,11954.0,12095.0,11732.0,12049.0,215439,18610,1924377923.3,12034.0
2023-03-13,NAM3,11688.0,11800.0,11475.0,11723.0,17534,2835,153500856.8,11726.0
2023-03-13,NAU3,11584.0,11845.0,11383.0,11696.0,791,234,6920565.99,11696.0
2023-03-13,NAZ3,11610.0,12199.0,11553.0,11733.0,147,58,1297500.44,11744.0
2023-03-13,NGH3,2.572,2.668,2.489,2.657,1300472,235425,25049267476.94,2.654
2023-03-13,NGJ3,2.797,2.865,2.7,2.857,111172,43240,2317683315.85,2.855
2023-03-13,NGK3,3.113,3.17,3.02,3.168,3914,2051,90991634.66,3.168
2023-03-13,NGM3,3.387,3.457,3.3,3.453,1551,668,39399556.11,3.452
2023-03-13,NGN3,3.533,3.621,3.507,3.59,186,99,4944983.17,3.592
2023-03-13,NGQ3,3.649,3.699,3.6,3.67,184,98,5035997.12,3.67
2023-03-13,NKH3,106882.0,107398.0,104950.0,106100.0,594,512,63154109.0,105982.0
2023-03-13,NKM3,106550.0,106869.0,103887.0,104822.0,296,205,31210057.0,104500.0
2023-03-13,NMH3,12705.0,12758.0,12407.0,12511.0,2193,1120,27551100.0,12511.0
2023-03-13,NMM3,12717.0,12800.0,12314.0,12640.0,753,230,9490978.0,12638.0
2023-03-13,NMU3,12878.0,12878.0,12878.0,12878.0,1,1,12878.0,12878.0
2023-03-13,OGH3,5857.0,5903.0,5701.0,5701.0,15,14,87779.0,5703.0
2023-03-13,OGM3,5897.0,5897.0,5897.0,5897.0,1,1,5897.0,5809.0
2023-03-13,OZH3,16631.0,17096.0,16394.0,16594.0,1371,746,22938394.0,16578.0
2023-03-13,OZM3,16936.0,17426.0,16689.0,17035.0,749,375,12789351.0,16897.0
2023-03-13,PDH3,1417.61,1489.86,1396.39,1471.01,1164,429,126087204.97,1471.01
2023-03-13,PDM3,1506.15,1572.32,1471.03,1558.03,518,308,58708524.82,1558.03
2023-03-13,PDU3,1532.0,1599.0,1532.0,1599.0,4,2,469230.46,1599.0
2023-03-13,PHH3,7068.0,7099.0,6974.0,6985.0,627,175,4401101.0,6992.0
2023-03-13,PHM3,6798.0,6930.0,6629.0,6798.0,882,249,5984448.0,6798.0
2023-03-13,PIH3,6216.0,6244.0,6163.0,6180.0,176,66,1091756.0,6180.0
2023-03-13,PIM3,6283.0,6287.0,6042.0,6202.0,143,45,890002.0,6202.0
2023-03-13,POH3,5115.0,5384.0,5082.0,5342.0,30931,7822,161352418.0,5357.0
2023-03-13,POM3,5206.0,5491.0,5182.0,5450.0,12326,3048,65682701.0,5459.0
2023-03-13,POU3,5315.0,5408.0,5315.0,5408.0,11,5,59287.0,5412.0
2023-03-13,PSH3,1680.0,1717.0,1670.0,1704.0,1061,207,1805105.0,1704.0
2023-03-13,PSM3,1711.0,1750.0,1710.0,1736.0,347,98,600444.0,1736.0
2023-03-13,PSU3,1820.0,1820.0,1820.0,1820.0,1,1,1820.0,1772.0
2023-03-13,PTH3,971.7,1005.1,963.4,996.6,1741,616,128583767.07,997.8
2023-03-13,PTM3,1000.0,1031.0,988.7,1026.0,405,260,30711637.92,1026.0
2023-03-13,PZH3,90154.0,93696.0,89694.0,93277.0,3272,2496,300332644.0,93280.0
2023-03-13,PZM3,91952.0,94409.0,91202.0,94300.0,1469,1130,136081418.0,94135.0
2023-03-13,RIH3,94770.0,96430.0,94490.0,95740.0,108145,67431,15472614584.97,95670.0
2023-03-13,RIH4,95790.0,96180.0,94830.0,96090.0,7,7,1005352.8,96090.0
2023-03-13,RIM3,95590.0,97200.0,95150.0,96550.0,12603,8836,1815415435.19,96490.0
2023-03-13,RIU3,95290.0,97200.0,95070.0,96380.0,46,46,6626174.54,96380.0
2023-03-13,RIZ3,96290.0,96290.0,95980.0,95980.0,3,3,432456.21,95980.0
2023-03-13,RLH3,4138.0,4188.0,4052.0,4098.0,3549,526,14653289.0,4095.0
2023-03-13,RLM3,4240.0,4310.0,4143.0,4185.0,585,115,2465518.0,4181.0
2023-03-13,RMH3,946.5,965.0,945.0,957.0,25427,8083,364641845.37,956.5
2023-03-13,RMM3,957.5,973.0,953.0,962.0,6055,2198,87309996.34,962.5
2023-03-13,RMU3,973.5,973.5,963.5,972.0,21,18,304266.64,972.0
2023-03-13,RNH3,36716.0,36870.0,36063.0,36459.0,4987,2956,182303552.0,36424.0
2023-03-13,RNH5,37620.0,37657.0,37614.0,37657.0,6,6,225819.0,37662.0
2023-03-13,RNM3,37011.0,37158.0,36037.0,36406.0,2294,649,83888460.0,36420.0
2023-03-13,RNM4,37144.0,37144.0,37144.0,37144.0,1,1,37144.0,37145.0
2023-03-13,RNU3,36551.0,36555.0,36550.0,36555.0,3,3,109656.0,36555.0
2023-03-13,RNU4,37693.0,38700.0,36631.0,37011.0,19,13,714310.0,37012.0
2023-03-13,RNZ3,36999.0,36999.0,36999.0,36999.0,2,2,73998.0,36871.0
2023-03-13,RNZ4,37183.0,37183.0,36000.0,36728.0,25,24,915921.0,36731.0
2023-03-13,RTH3,5906.0,5979.0,5833.0,5873.0,392,138,2314345.0,5873.0
2023-03-13,RTM3,5920.0,6005.0,5694.0,5797.0,511,157,2961762.0,5797.0
2023-03-13,SAK3,34.95,35.54,34.95,35.54,3,3,107127.04,35.41
2023-03-13,SEH3,1505.0,1515.0,1472.0,1484.0,66,22,98869.0,1484.0
2023-03-13,SEM3,1510.0,1522.0,1500.0,1514.0,214,14,322802.0,1514.0
2023-03-13,SFH3,390.78,394.9,383.16,390.88,357362,46478,10407389429.19,390.41
2023-03-13,SFM3,389.45,396.7,384.78,391.0,75126,20432,2191963849.19,390.66
2023-03-13,SFU3,391.0,393.98,383.2,387.56,1332,586,38673887.84,387.56
2023-03-13,SFZ3,391.97,394.5,386.61,390.0,95,63,2780891.08,390.0
2023-03-13,SGH3,27754.0,27877.0,27537.0,27657.0,155,95,4291254.0,27663.0
2023-03-13,SGM3,28486.0,28486.0,28150.0,28150.0,50,35,1414651.0,28250.0
2023-03-13,SLH3,70.02,70.02,59.61,65.0,3,3,19463.0,67.89
2023-03-13,SNH3,22368.0,22489.0,22085.0,22278.0,1195,475,26630916.0,22191.0
2023-03-13,SNM3,22850.0,22980.0,22578.0,22679.0,725,313,16544255.0,22720.0
2023-03-13,SNU3,23721.0,23721.0,23721.0,23721.0,1,1,23721.0,23042.0
2023-03-13,SOH3,4418.0,4505.0,4371.0,4427.0,528,75,2338331.0,4397.0
2023-03-13,SOM3,4482.0,4547.0,4432.0,4478.0,56,32,252336.0,4478.0
2023-03-13,SPH3,17214.0,17287.0,16831.0,17101.0,9180,4984,156826578.0,17080.0
2023-03-13,SPM3,17256.0,17349.0,16924.0,17143.0,3823,1537,65687057.0,17166.0
2023-03-13,SPU3,17261.0,17341.0,16768.0,16768.0,6,6,102665.0,17103.0
2023-03-13,SRH3,17285.0,17420.0,16925.0,17202.0,412634,88165,7089677174.0,17197.0
2023-03-13,SRH4,17963.0,18767.0,17963.0,18002.0,9,8,163374.0,18002.0
2023-03-13,SRM3,17437.0,17579.0,17123.0,17427.0,94108,27041,1636098393.0,17420.0
2023-03-13,SRU3,17475.0,17534.0,17270.0,17325.0,735,337,12775949.0,17353.0
2023-03-13,SRZ3,17692.0,17810.0,17593.0,17721.0,396,137,7013435.0,17734.0
2023-03-13,SSH3,2536.0,2571.0,2500.0,2509.0,1049,160,2661153.0,2509.0
2023-03-13,SSM3,2626.0,2634.0,2556.0,2583.0,357,56,925307.0,2575.0
2023-03-13,SVH3,20.79,22.0,20.51,21.87,214791,27431,3425818775.37,21.92
2023-03-13,SVH4,23.95,23.95,23.01,23.02,6,5,104876.66,23.27
2023-03-13,SVM3,20.93,22.12,20.68,21.93,52142,14170,841130181.88,21.95
2023-03-13,SVU3,21.41,22.55,21.31,22.42,1028,501,16907051.08,22.43
2023-03-13,SVZ3,22.33,23.5,22.25,23.42,203,124,3488070.36,23.42
2023-03-13,SXH3,4271.5,4390.0,4161.6,4174.7,3033,304,10306228.91,4174.7
2023-03-13,SXM3,4050.0,4222.4,3975.0,4000.0,911,110,2985646.12,4000.0
2023-03-13,SXU3,4000.0,4080.0,3980.0,3980.0,10,6,32349.02,4099.9
2023-03-13,SXZ3,3961.1,4098.9,3900.0,4066.0,82,17,262237.01,4065.9
2023-03-13,SiH3,75997.0,76047.0,74839.0,74901.0,1496366,335274,112756335310.0,74916.0
2023-03-13,SiH4,78989.0,79000.0,78789.0,78789.0,14,6,1103557.0,78552.0
2023-03-13,SiM3,75654.0,75750.0,74673.0,74789.0,379201,97380,28466900697.0,74791.0
2023-03-13,SiM4,80223.0,80353.0,79649.0,79649.0,30,22,2394934.0,79649.0
2023-03-13,SiU3,76479.0,76544.0,75245.0,75330.0,1997,1244,151138627.0,75330.0
2023-03-13,SiU4,82164.0,82598.0,81030.0,81030.0,18,14,1478958.0,81100.0
2023-03-13,SiZ3,77679.0,77679.0,76500.0,76718.0,233,153,17959209.0,76718.0
2023-03-13,SiZ4,82231.0,82231.0,82231.0,82231.0,1,1,82231.0,82231.0
2023-03-13,TIH3,25225.0,25499.0,25123.0,25200.0,651,352,16499668.0,25200.0
2023-03-13,TIM3,25342.0,25625.0,25161.0,25358.0,153,116,3885063.0,25358.0
2023-03-13,TNH3,92450.0,92880.0,91250.0,91250.0,17,17,1567250.0,92160.0
2023-03-13,TNM3,94250.0,94250.0,93800.0,93800.0,8,6,751300.0,93800.0
2023-03-13,TTH3,33481.0,33596.0,32854.0,33565.0,2237,1372,74454036.0,33568.0
2023-03-13,TTM3,34138.0,34280.0,33579.0,34245.0,1074,543,36375528.0,34245.0
2023-03-13,TTU3,34816.0,34817.0,34003.0,34564.0,13,13,447337.0,34564.0
2023-03-13,TYH4,3.95,3.95,3.95,3.95,1,1,3950.0,3.432
2023-03-13,TYM3,4.028,4.031,3.901,3.901,316,20,1266907.0,3.977
2023-03-13,TYU3,4.0,4.0,4.0,4.0,1,1,4000.0,4.0
2023-03-13,TYZ3,4.027,4.027,4.027,4.027,1,1,4027.0,3.628
2023-03-13,UCH3,6.926,6.938,6.852,6.859,11214,3513,844274355.61,6.859
2023-03-13,UCM3,6.8,6.83,6.7,6.762,899,548,66695136.38,6.764
2023-03-13,USDRUBF,76.07,76.12,74.9,75.0,44458,9697,3351799710.0,74.93
2023-03-13,VBH3,1655.0,1669.0,1635.0,1649.0,119189,9132,196660801.0,1650.0
2023-03-13,VBM3,1693.0,1706.0,1670.0,1686.0,29411,3045,49654980.0,1685.0
2023-03-13,VBU3,1751.0,1751.0,1599.0,1690.0,3138,609,5265312.0,1693.0
2023-03-13,VBZ3,1778.0,1778.0,1778.0,1778.0,32,10,56896.0,1773.0
2023-03-13,VIH3,37.75,37.95,35.5,36.05,148,58,802940.22,36.05
2023-03-13,W4F4,15200.0,15200.0,14580.0,14580.0,6,2,89340.0,14580.0
2023-03-13,W4H3,14240.0,14240.0,13970.0,14180.0,48,19,680340.0,14180.0
2023-03-13,W4J3,13960.0,14580.0,13960.0,14390.0,105,29,1511380.0,14380.0
2023-03-13,W4K3,14010.0,14620.0,14010.0,14440.0,7,7,100120.0,14430.0
2023-03-13,W4M3,14550.0,14600.0,14170.0,14490.0,11,7,159510.0,14490.0
2023-03-13,YNH3,19265.0,19430.0,18820.0,19088.0,8916,4068,171110858.0,19006.0
2023-03-13,YNM3,19648.0,19811.0,19221.0,19444.0,3654,1693,71547514.0,19416.0
2023-03-13,YNU3,20002.0,20128.0,19678.0,19850.0,218,152,4332018.0,19850.0
2023-03-14,AFH3,2814.0,2840.0,2797.0,2829.0,6953,788,19551940.0,2829.0
2023-03-14,AFM3,2863.0,2889.0,2849.0,2882.0,5174,421,14813887.0,2880.0
2023-03-14,AFU3,2923.0,2934.0,2919.0,2922.0,12,9,35054.0,2934.0
2023-03-14,AKH3,13333.0,13390.0,13273.0,13390.0,218,97,2903693.0,13401.0
2023-03-14,AKM3,13603.0,13689.0,13545.0,13686.0,344,117,4684442.0,13686.0
2023-03-14,ALH3,6124.0,6170.0,6084.0,6150.0,3423,992,20987329.0,6142.0
2023-03-14,ALM3,6268.0,6310.0,6228.0,6280.0,2771,871,17383736.0,6291.0
2023-03-14,ALU3,6360.0,6425.0,6360.0,6424.0,10,8,63932.0,6424.0
2023-03-14,AUH3,0.6683,0.6684,0.6683,0.6684,51,2,2567444.44,0.6684
2023-03-14,AUM3,0.6691,0.6691,0.6691,0.6691,4,1,201608.68,0.6695
2023-03-14,BRF4,93.39,94.99,91.76,93.7,12,12,844437.78,93.7
2023-03-14,BRG4,92.6,94.39,83.54,93.0,24,19,1658751.76,93.0
2023-03-14,BRH4,93.7,93.7,91.45,91.45,4,4,278948.23,91.99
2023-03-14,BRJ3,82.79,82.9,80.44,81.32,278411,81969,17041303525.37,81.33
2023-03-14,BRK3,83.85,83.85,81.08,82.24,7538,4779,465880813.96,82.24
2023-03-14,BRM3,85.76,85.76,83.1,84.29,737,522,46632428.33,84.29
2023-03-14,BRN3,86.62,86.62,85.0,86.06,63,60,4073837.28,86.05
2023-03-14,BRQ3,88.6,88.6,86.99,87.82,19,19,1255880.96,87.82
2023-03-14,BRU3,90.0,90.69,88.91,88.91,9,9,608140.43,88.91
2023-03-14,BRV3,91.5,91.5,91.5,91.5,1,1,68925.39,91.0
2023-03-14,BRX3,91.99,91.99,90.92,90.92,4,4,275196.87,91.0
2023-03-14,BRZ3,94.0,94.0,94.0,94.0,1,1,70808.6,93.49
2023-03-14,CFH3,0.9129,0.917,0.9129,0.917,12,2,904275.4,0.917
2023-03-14,CFM3,0.9083,0.92,0.9082,0.909,165,9,12365988.47,0.9092
2023-03-14,CHH3,104541.0,104541.0,103606.0,103800.0,217,184,22531237.0,103739.0
2023-03-14,CHM3,104370.0,104615.0,102703.0,103299.0,80,65,8266446.0,103202.0
2023-03-14,CNYRUBF,10.91,10.95,10.9,10.93,20677,1494,225995030.0,10.94
2023-03-14,CRH3,10.925,10.954,10.905,10.936,1319590,39115,14425623751.0,10.939
2023-03-14,CRM3,11.062,11.098,11.046,11.078,647455,19899,7172039376.0,11.078
2023-03-14,CRM4,12.1,12.319,11.877,12.07,17,11,204835.0,12.06
2023-03-14,CRU3,11.198,11.26,11.193,11.239,4884,423,54803602.0,11.239
2023-03-14,CRZ3,11.54,11.54,11.441,11.451,21,12,240953.0,11.451
2023-03-14,CSM3,5695.0,5695.0,5501.0,5501.0,2,2,11196.0,5511.0
2023-03-14,CoH3,8899.5,8899.5,8673.0,8673.0,59,10,3912563.91,8651.0
2023-03-14,CoJ3,9333.0,9333.0,9333.0,9333.0,1,1,70304.0,8662.0
2023-03-14,DXH3,12764.0,12995.0,12160.0,12602.0,89,39,907652.3,12603.0
2023-03-14,DXM3,12200.0,12547.0,12200.0,12207.0,18,11,177630.41,12250.0
2023-03-14,DXU3,12301.0,12352.0,12127.0,12352.0,3,3,29681.46,12329.0
2023-03-14,DXZ3,12104.0,12389.0,11702.0,12389.0,20,14,194086.74,12389.0
2023-03-14,DYH3,6850.0,6884.0,6831.0,6852.0,307,36,2103852.0,6852.0
2023-03-14,EDH3,1.0719,1.0746,1.0682,1.0717,148545,32641,11977701045.26,1.0716
2023-03-14,EDM3,1.0709,1.0727,1.0664,1.0707,122954,17103,9902717251.93,1.0706
2023-03-14,EDU3,1.0722,1.0722,1.0685,1.0689,20,15,1612108.47,1.0689
2023-03-14,EURRUBF,80.31,80.85,80.23,80.67,1301,554,104692270.0,80.7
2023-03-14,EuH3,80239.0,80767.0,80044.0,80589.0,124274,31297,10000760610.0,80597.0
2023-03-14,EuM3,80246.0,80644.0,80070.0,80505.0,75679,15174,6084477475.0,80510.0
2023-03-14,EuU3,80681.0,80899.0,80370.0,80771.0,18,18,1450469.0,80771.0
2023-03-14,FNM3,7037.0,7037.0,6978.0,6978.0,2,2,14015.0,6978.0
2023-03-14,FSH3,9263.0,9277.0,9176.0,9225.0,184,55,1698771.0,9225.0
2023-03-14,FSM3,9466.0,9480.0,9272.0,9278.0,325,73,3038192.0,9278.0
2023-03-14,FVH3,15011.0,15035.0,14931.0,15024.0,576,158,8625613.0,14970.0
2023-03-14,FVM3,15339.0,15415.0,15260.0,15319.0,129,73,1974588.0,15289.0
2023-03-14,GDH3,1907.6,1917.0,1896.8,1905.5,199044,56628,28622175714.7,1906.1
2023-03-14,GDH4,1963.5,1968.5,1949.2,1967.5,18,17,2657951.53,1966.9
2023-03-14,GDM3,1905.8,1919.2,1902.9,1913.3,83069,28923,11968839703.2,1913.3
2023-03-14,GDU3,1912.9,1924.1,1911.5,1920.7,479,408,69247822.27,1920.3
2023-03-14,GDZ3,1941.5,1941.5,1921.6,1930.4,101,78,14686607.93,1930.4
2023-03-14,GKH3,14625.0,14630.0,14520.0,14581.0,27410,8892,399257384.0,14580.0
2023-03-14,GKM3,14771.0,14901.0,14694.0,14891.0,14920,3380,221450717.0,14880.0
2023-03-14,GKU3,14802.0,14945.0,14751.0,14894.0,12,12,178501.0,14836.0
2023-03-14,GUH3,1.2137,1.2236,1.2137,1.2199,125,25,11489057.06,1.2199
2023-03-14,GUM3,1.22,1.2358,1.2132,1.225,46,13,4236124.67,1.225
2023-03-14,GZH3,15941.0,16150.0,15842.0,16122.0,57097,20858,915261331.0,16118.0
2023-03-14,GZH4,17476.0,17476.0,17119.0,17119.0,3,3,52005.0,17141.0
2023-03-14,GZM3,16260.0,16480.0,16165.0,16447.0,18456,7556,301636602.0,16445.0
2023-03-14,GZM4,18106.0,18521.0,17398.0,17998.0,17,13,302887.0,17850.0
2023-03-14,GZU3,16200.0,16476.0,16200.0,16440.0,127,80,2073166.0,16430.0
2023-03-14,GZU4,18198.0,18199.0,17004.0,18199.0,13,7,229416.0,18099.0
2023-03-14,GZZ3,16866.0,16887.0,16552.0,16700.0,29,15,484252.0,16701.0
2023-03-14,GZZ4,18900.0,18900.0,18539.0,18622.0,29,23,542396.0,18592.0
2023-03-14,HKM3,9.647,9.675,9.645,9.661,16,8,154431.0,9.661
2023-03-14,HKU3,9.646,9.646,9.646,9.646,1,1,9646.0,9.646
2023-03-14,HOH3,25500.0,25500.0,25500.0,25500.0,1,1,25500.0,25550.0
2023-03-14,HOU3,24650.0,25590.0,24650.0,25590.0,3,2,74890.0,25600.0
2023-03-14,HSH3,19761.0,19856.0,19104.0,19721.0,11383,445,21525448.2,19722.0
2023-03-14,HSM3,21047.0,21990.0,20550.0,20600.0,3888,349,7799177.11,20600.0
2023-03-14,HSU3,21420.0,21420.0,21212.0,21212.0,4,4,8168.06,21221.0
2023-03-14,HSZ3,21998.0,22712.0,21220.0,22712.0,15,7,32280.85,21292.0
2023-03-14,HYH3,7819.0,7843.0,7773.0,7776.0,275,96,2142802.0,7777.0
2023-03-14,HYM3,7949.0,7992.0,7900.0,7911.0,127,53,1008243.0,7911.0
2023-03-14,IRH3,33600.0,33779.0,33477.0,33697.0,93,64,3122915.0,33697.0
2023-03-14,IRM3,33200.0,33419.0,32300.0,32370.0,164,93,5350604.0,32370.0
2023-03-14,JPH3,133.03,134.93,133.03,134.93,23,17,1744838.49,134.9
2023-03-14,JPM3,135.04,135.5,135.04,135.3,7,6,535366.62,135.3
2023-03-14,LKH3,40793.0,40957.0,40445.0,40946.0,7879,5195,320195778.0,40945.0
2023-03-14,LKM3,41564.0,41804.0,41225.0,41789.0,2983,1589,123760959.0,41789.0
2023-03-14,LKU3,40600.0,41557.0,40336.0,40518.0,19,18,772197.0,40518.0
2023-03-14,LKZ3,39333.0,40000.0,37360.0,40000.0,7,7,271567.0,40000.0
2023-03-14,MAH3,6874.0,6874.0,6501.0,6501.0,2,2,13375.0,6647.0
2023-03-14,MAM3,6777.0,6800.0,6547.0,6547.0,18,13,120094.0,6599.0
2023-03-14,MCH3,13926.0,14163.0,13772.0,13893.0,201,94,2800688.0,13893.0
2023-03-14,MCM3,14234.0,14586.0,14020.0,14188.0,402,128,5720600.0,14188.0
2023-03-14,MEH3,11374.0,11468.0,11264.0,11420.0,4914,1561,55930666.0,11376.0
2023-03-14,MEM3,11193.0,11348.0,11100.0,11282.0,2904,707,32706790.0,11280.0
2023-03-14,MEU3,11465.0,11535.0,11392.0,11392.0,27,14,309990.0,11432.0
2023-03-14,MGH3,41350.0,41522.0,40822.0,41201.0,667,400,27482872.0,41300.0
2023-03-14,MGM3,40823.0,41398.0,38571.0,40687.0,708,427,28642571.0,40700.0
2023-03-14,MLH3,4988.0,5135.0,4970.0,5036.0,5665,1516,28647178.0,5056.0
2023-03-14,MLM3,5100.0,5246.0,5067.0,5171.0,3680,1011,19103411.0,5177.0
2023-03-14,MMH3,2277.0,2295.85,2265.05,2294.4,28465,7717,649613146.5,2295.0
2023-03-14,MMH4,2457.8,2670.0,2419.4,2649.3,66,41,1672864.5,2470.9
2023-03-14,MMM3,2266.9,2285.15,2254.0,2281.9,11798,3035,268176809.5,2282.5
2023-03-14,MMM4,2476.7,2689.1,2461.25,2484.15,43,30,1095754.5,2491.05
2023-03-14,MMU3,2280.25,2290.85,2270.0,2282.05,74,28,1690942.0,2282.9
2023-03-14,MMZ3,2353.5,2390.85,2353.5,2363.0,11,11,260431.0,2363.0
2023-03-14,MMZ4,2530.0,2530.0,2528.2,2528.25,3,3,75864.5,2528.25
2023-03-14,MNH3,4521.0,4549.0,4508.0,4541.0,13243,5629,60001749.0,4538.0
2023-03-14,MNM3,4589.0,4619.0,4575.0,4619.0,3780,2181,17393500.0,4609.0
2023-03-14,MNU3,4687.0,4694.0,4656.0,4663.0,37,17,173198.0,4678.0
2023-03-14,MTH3,25642.0,25741.0,25525.0,25644.0,571,234,14630314.0,25652.0
2023-03-14,MTM3,25714.0,25869.0,23017.0,25869.0,455,94,11673436.0,25858.0
2023-03-14,MTU3,24700.0,24700.0,24700.0,24700.0,2,2,49400.0,25196.0
2023-03-14,MXH3,227600.0,229475.0,226400.0,229300.0,13022,9085,2970305300.0,229400.0
2023-03-14,MXM3,227550.0,229225.0,226025.0,228825.0,4295,3062,978947275.0,229175.0
2023-03-14,MXU3,229100.0,229600.0,228125.0,229275.0,34,29,7785850.0,229275.0
2023-03-14,NAH3,12050.0,12240.0,11920.0,12188.0,113962,10093,1034089779.01,12178.0
2023-03-14,NAM3,11726.0,12167.0,11704.0,12150.0,31883,3620,287822769.67,12156.0
2023-03-14,NAU3,11718.0,11950.0,11713.0,11922.0,598,142,5339776.62,11922.0
2023-03-14,NAZ3,11754.0,12094.0,11753.0,12024.0,63,38,564780.74,12024.0
2023-03-14,NGH3,2.657,2.717,2.606,2.645,1154763,211955,23193612779.15,2.642
2023-03-14,NGJ3,2.85,2.913,2.796,2.851,86653,31900,1867693066.57,2.848
2023-03-14,NGK3,3.167,3.219,3.11,3.165,2362,1401,56449860.84,3.163
2023-03-14,NGM3,3.439,3.5,3.416,3.45,643,323,16745466.22,3.448
2023-03-14,NGN3,3.576,3.63,3.574,3.591,105,65,2856998.91,3.591
2023-03-14,NGQ3,3.67,3.747,3.61,3.661,131,67,3622161.34,3.667
2023-03-14,NKH3,106295.0,106648.0,105665.0,106073.0,218,185,23128673.0,106072.0
2023-03-14,NKM3,105200.0,105200.0,104150.0,104443.0,96,77,10046097.0,104250.0
2023-03-14,NMH3,12515.0,12648.0,12419.0,12648.0,1539,729,19286034.0,12618.0
2023-03-14,NMM3,12607.0,12820.0,12455.0,12723.0,629,164,7956012.0,12723.0
2023-03-14,NlH3,22980.0,22980.0,22565.0,22565.0,4,4,687504.43,22625.0
2023-03-14,OGM3,5849.0,5880.0,5849.0,5880.0,5,5,29337.0,5810.0
2023-03-14,OZH3,16600.0,17140.0,16587.0,17099.0,743,395,12539486.0,17056.0
2023-03-14,OZM3,16951.0,17477.0,16913.0,17370.0,435,235,7491110.0,17415.0
2023-03-14,PDH3,1465.85,1540.0,1464.0,1535.29,559,303,62855618.67,1535.55
2023-03-14,PDM3,1554.1,1598.99,1528.0,1597.86,793,375,93160800.04,1598.98
2023-03-14,PDU3,1601.2,1650.89,1597.82,1650.89,6,6,729431.15,1650.89
2023-03-14,PHH3,7029.0,7029.0,6965.0,6986.0,491,99,3436340.0,6986.0
2023-03-14,PHM3,6753.0,6868.0,6740.0,6868.0,275,62,1863596.0,6752.0
2023-03-14,PIH3,6177.0,6244.0,6176.0,6244.0,114,53,705179.0,6180.0
2023-03-14,PIM3,6202.0,6300.0,6186.0,6300.0,236,25,1473057.0,6279.0
2023-03-14,POH3,5354.0,5635.0,5354.0,5506.0,53938,12041,296431541.0,5520.0
2023-03-14,POM3,5485.0,5736.0,5456.0,5602.0,27461,7142,153997968.0,5625.0
2023-03-14,POU3,5796.0,5839.0,5480.0,5601.0,31,16,176008.0,5624.0
2023-03-14,PSH3,1703.0,1752.0,1702.0,1731.0,3894,202,6713728.0,1732.0
2023-03-14,PSM3,1735.0,1777.0,1711.0,1727.0,2008,251,3483139.0,1736.0
2023-03-14,PTH3,1004.3,1006.9,985.0,994.1,1270,364,95374501.34,994.1
2023-03-14,PTM3,1026.0,1034.9,1010.1,1027.2,271,203,20911121.03,1027.2
2023-03-14,PTU3,1057.0,1057.0,1044.6,1044.6,3,3,237269.07,1045.3
2023-03-14,PZH3,93350.0,94875.0,92046.0,93099.0,1461,1201,136500297.0,92836.0
2023-03-14,PZM3,94195.0,95776.0,92877.0,93795.0,1105,763,104092111.0,93795.0
2023-03-14,RBM3,12670.0,12670.0,12670.0,12670.0,20,5,253400.0,12670.0
2023-03-14,RIH3,95530.0,96180.0,95010.0,96140.0,70938,48123,10215134836.92,96150.0
2023-03-14,RIH4,96210.0,96670.0,96210.0,96670.0,2,2,290587.22,96670.0
2023-03-14,RIM3,96650.0,97130.0,95650.0,96950.0,11246,8449,1632839128.36,96950.0
2023-03-14,RIU3,96480.0,96970.0,95380.0,96970.0,25,25,3619715.22,96810.0
2023-03-14,RIZ3,96100.0,96200.0,95800.0,96200.0,7,5,1013770.94,96200.0
2023-03-14,RLH3,4110.0,4135.0,4051.0,4135.0,499,104,2047925.0,4122.0
2023-03-14,RLM3,4181.0,4294.0,4151.0,4215.0,702,87,2935963.0,4212.0
2023-03-14,RMH3,957.0,961.5,950.0,960.5,10388,3100,149584867.61,960.5
2023-03-14,RMM3,962.0,970.5,956.5,970.5,4325,1589,62738508.01,970.0
2023-03-14,RMU3,965.0,987.5,965.0,986.5,51,32,747610.81,986.5
2023-03-14,RMZ3,987.5,993.0,953.5,953.5,6,5,87870.47,960.0
2023-03-14,RNH3,36424.0,36737.0,36251.0,36700.0,3738,2390,136786796.0,36731.0
2023-03-14,RNH4,39444.0,39444.0,39444.0,39444.0,1,1,39444.0,36511.0
2023-03-14,RNM3,36413.0,36961.0,36315.0,36898.0,1747,586,64265824.0,36894.0
2023-03-14,RNM4,35649.0,37392.0,35649.0,37392.0,4,4,147656.0,37389.0
2023-03-14,RNU3,36755.0,36755.0,36754.0,36754.0,3,2,110264.0,36753.0
2023-03-14,RNU4,37482.0,37482.0,37482.0,37482.0,1,1,37482.0,37478.0
2023-03-14,RNZ3,36949.0,36949.0,36949.0,36949.0,1,1,36949.0,36947.0
2023-03-14,RNZ4,37472.0,37472.0,37472.0,37472.0,1,1,37472.0,37467.0
2023-03-14,RTH3,5872.0,6099.0,5867.0,6053.0,1077,250,6445572.0,6052.0
2023-03-14,RTM3,5800.0,6042.0,5785.0,6013.0,1254,193,7448796.0,6011.0
2023-03-14,SAK3,34.93,34.93,34.93,34.93,1,1,35488.88,34.95
2023-03-14,SEH3,1500.0,1511.0,1437.0,1495.0,768,112,1141281.0,1495.0
2023-03-14,SEM3,1515.0,1569.0,1490.0,1490.0,105,9,159141.0,1490.0
2023-03-14,SFH3,390.51,394.0,386.44,393.6,146354,22441,4298294910.03,393.33
2023-03-14,SFH4,385.0,385.0,385.0,385.0,1,1,29001.28,389.11
2023-03-14,SFM3,390.8,394.23,388.01,392.87,52789,14085,1557047030.69,393.47
2023-03-14,SFU3,388.0,391.98,385.01,390.58,826,286,24169424.8,390.58
2023-03-14,SFZ3,388.01,393.26,387.19,390.3,40,31,1176220.39,390.3
2023-03-14,SGH3,27625.0,27734.0,27612.0,27734.0,114,52,3156676.0,27705.0
2023-03-14,SGM3,28219.0,28317.0,28219.0,28285.0,26,17,735514.0,28296.0
2023-03-14,SNH3,22233.0,22447.0,22057.0,22447.0,723,315,16109267.0,22387.0
2023-03-14,SNM3,22732.0,22863.0,22561.0,22836.0,766,186,17418033.0,22836.0
2023-03-14,SOH3,4402.0,4431.0,4333.0,4427.0,348,66,1524448.0,4428.0
2023-03-14,SOM3,4441.0,4475.0,4396.0,4475.0,77,30,341390.0,4475.0
2023-03-14,SPH3,17104.0,17491.0,16964.0,17491.0,9030,4175,155580322.0,17474.0
2023-03-14,SPM3,17169.0,17655.0,17073.0,17635.0,3480,1687,60596932.0,17646.0
2023-03-14,SPU3,17262.0,17288.0,17262.0,17288.0,5,4,86382.0,17464.0
2023-03-14,SRH3,17212.0,17679.0,17119.0,17679.0,333720,76122,5817078028.0,17661.0
2023-03-14,SRH4,18050.0,18050.0,18050.0,18050.0,9,2,162450.0,18309.0
2023-03-14,SRM3,17434.0,17950.0,17346.0,17939.0,131779,32256,2333900826.0,17945.0
2023-03-14,SRU3,17330.0,17664.0,17255.0,17650.0,1660,547,28993183.0,17650.0
2023-03-14,SRZ3,17701.0,18641.0,17634.0,18103.0,303,148,5463652.0,18098.0
2023-03-14,SSH3,2514.0,2530.0,2500.0,2510.0,485,73,1216815.0,2510.0
2023-03-14,SSM3,2588.0,2619.0,2550.0,2566.0,197,53,506719.0,2566.0
2023-03-14,SVH3,21.89,22.03,21.57,21.94,99294,15486,1632639935.15,21.95
2023-03-14,SVH4,23.94,24.37,23.94,24.37,12,4,217043.48,23.24
2023-03-14,SVM3,21.94,22.41,21.83,22.26,43112,12856,716434292.91,22.28
2023-03-14,SVU3,22.4,22.72,22.3,22.61,661,373,11208753.29,22.61
2023-03-14,SVZ3,23.43,23.73,22.86,23.44,98,52,1720792.11,23.44
2023-03-14,SXH3,4169.9,4286.8,4109.0,4205.1,1351,166,4556966.22,4206.0
2023-03-14,SXM3,3962.1,4089.6,3962.1,4028.1,426,32,1378049.41,4030.0
2023-03-14,SXU3,3980.0,3980.0,3980.0,3980.0,4,1,12847.44,4100.0
2023-03-14,SXZ3,3950.1,4065.8,3880.0,3950.0,53,13,168413.47,3950.0
2023-03-14,SiH3,74971.0,75421.0,74772.0,75290.0,901090,190187,67750740820.0,75300.0
2023-03-14,SiH4,78244.0,78546.0,77655.0,78138.0,12,11,937233.0,78138.0
2023-03-14,SiM3,74857.0,75219.0,74713.0,74957.0,228590,63594,17140711568.0,74967.0
2023-03-14,SiM4,79432.0,79626.0,79351.0,79447.0,19,17,1509715.0,79447.0
2023-03-14,SiU3,75339.0,75700.0,75277.0,75502.0,742,613,56029675.0,75517.0
2023-03-14,SiU4,81056.0,81500.0,80763.0,81057.0,10,9,811773.0,81057.0
2023-03-14,SiZ3,76809.0,77150.0,76503.0,76736.0,92,69,7068597.0,76736.0
2023-03-14,SiZ4,83290.0,83290.0,80816.0,82990.0,18,17,1472452.0,82782.0
2023-03-14,TIH3,25258.0,25924.0,25186.0,25324.0,1032,480,26312249.0,25322.0
2023-03-14,TIM3,25400.0,26163.0,25350.0,25620.0,594,454,15294262.0,25618.0
2023-03-14,TNH3,92500.0,94412.0,92500.0,93000.0,8,8,745015.0,93000.0
2023-03-14,TTH3,33517.0,34143.0,33290.0,34089.0,1236,676,41720978.0,34064.0
2023-03-14,TTM3,34251.0,34845.0,34000.0,34792.0,863,382,29806384.0,34792.0
2023-03-14,TTU3,34231.0,34889.0,34222.0,34889.0,7,7,241743.0,34889.0
2023-03-14,TYM3,3.995,3.999,3.97,3.999,106,10,421720.0,3.999
2023-03-14,UCH3,6.865,6.889,6.856,6.879,32354,6295,2432126771.97,6.879
2023-03-14,UCH4,6.1,6.1,6.1,6.1,1,1,66727.9,6.629
2023-03-14,UCM3,6.776,6.81,6.769,6.78,1318,1080,97714072.71,6.78
2023-03-14,USDRUBF,75.0,75.47,74.86,75.35,29826,5279,2243604290.0,75.33
2023-03-14,VBH3,1650.0,1665.0,1640.0,1658.0,65803,6116,108840309.0,1660.0
2023-03-14,VBM3,1689.0,1703.0,1677.0,1697.0,47300,3577,80007384.0,1697.0
2023-03-14,VBU3,1709.0,1711.0,1678.0,1699.0,510,167,861124.0,1699.0
2023-03-14,VBZ3,1765.0,1772.0,1765.0,1767.0,20,5,35363.0,1766.0
2023-03-14,VIH3,36.0,36.5,34.9,35.6,139,54,745275.52,35.55
2023-03-14,W4H3,14030.0,14210.0,14030.0,14210.0,2018,7,28614750.0,14120.0
2023-03-14,W4J3,14390.0,14390.0,14270.0,14290.0,27,10,387090.0,14290.0
2023-03-14,W4K3,14240.0,14430.0,14240.0,14430.0,3,3,42910.0,14390.0
2023-03-14,W4M3,14470.0,14470.0,14470.0,14470.0,1,1,14470.0,14470.0
2023-03-14,YNH3,19097.0,19115.0,18892.0,19070.0,5464,2376,103890905.0,19069.0
2023-03-14,YNM3,19478.0,19532.0,19315.0,19479.0,2810,1305,54612064.0,19501.0
2023-03-14,YNU3,19862.0,19929.0,19800.0,19891.0,44,18,871935.0,19891.0
2023-03-15,AFH3,2830.0,2870.0,2810.0,2824.0,11491,1770,32598485.0,2823.0
2023-03-15,AFM3,2883.0,2918.0,2859.0,2873.0,6413,923,18571450.0,2873.0
2023-03-15,AFU3,2924.0,2951.0,2924.0,2928.0,7,6,20538.0,2928.0
2023-03-15,AKH3,13397.0,13489.0,13198.0,13269.0,1241,308,16552398.0,13269.0
2023-03-15,AKM3,13685.0,13785.0,13452.0,13560.0,551,169,7523227.0,13560.0
2023-03-15,ALH3,6143.0,6167.0,6044.0,6074.0,4738,908,28961975.0,6075.0
2023-03-15,ALM3,6287.0,6311.0,6187.0,6217.0,5722,2027,35722622.0,6217.0
2023-03-15,ALU3,6420.0,6420.0,6308.0,6314.0,17,16,108160.0,6314.0
2023-03-15,AUH3,0.6676,0.6676,0.665,0.665,250,5,12671091.0,0.6676
2023-03-15,AUM3,0.6686,0.6712,0.6686,0.6712,2,2,101913.36,0.6687
2023-03-15,BRF4,93.02,93.02,91.3,91.3,10,10,701184.91,91.38
2023-03-15,BRG4,92.19,93.6,92.01,92.01,4,4,281391.33,91.88
2023-03-15,BRH4,91.08,91.2,91.08,91.2,2,2,138653.28,91.2
2023-03-15,BRJ3,81.31,81.31,74.84,74.91,619823,184036,36721899165.98,74.93
2023-03-15,BRK3,82.09,82.14,75.28,75.28,35121,24352,2086169314.66,75.35
2023-03-15,BRM3,84.11,84.11,78.24,78.3,3053,1925,187566421.04,78.3
2023-03-15,BRN3,85.71,85.71,80.81,81.03,323,265,20439546.63,81.03
2023-03-15,BRQ3,87.61,87.61,82.78,82.78,131,108,8482572.01,82.78
2023-03-15,BRU3,88.91,89.33,85.17,85.3,34,33,2262890.4,85.3
2023-03-15,BRV3,90.0,90.4,87.5,87.5,51,26,3433730.32,87.5
2023-03-15,BRX3,91.02,91.02,86.4,87.99,21,20,1414411.08,88.0
2023-03-15,BRZ3,91.19,92.3,89.55,90.8,14,14,967819.43,90.8
2023-03-15,CFH3,0.9196,0.9226,0.9196,0.9226,94,3,7146762.22,0.9226
2023-03-15,CFM3,0.9349,0.935,0.9083,0.919,36,15,2724856.53,0.9188
2023-03-15,CHH3,103769.0,103976.0,101510.0,101601.0,390,330,40046867.0,101710.0
2023-03-15,CHM3,103126.0,103202.0,100573.0,100606.0,152,117,15486047.0,100606.0
2023-03-15,CNYRUBF,10.93,11.03,10.91,11.0,30745,1945,337636090.0,11.0
2023-03-15,CRH3,10.931,11.015,10.925,10.995,1139698,42179,12507414903.0,10.995
2023-03-15,CRM3,11.074,11.153,11.069,11.135,778717,45374,8654189458.0,11.133
2023-03-15,CRM4,11.9,11.985,11.9,11.985,7,3,83810.0,11.93
2023-03-15,CRU3,11.24,11.303,11.23,11.285,1640,351,18486335.0,11.284
2023-03-15,CRZ3,11.5,11.55,11.46,11.55,20,8,230430.0,11.55
2023-03-15,CSH3,5501.0,5501.0,5501.0,5501.0,1,1,5501.0,5501.0
2023-03-15,CoJ3,8997.5,8997.5,8997.5,8997.5,1,1,68440.56,8704.0
2023-03-15,DXH3,12605.0,12605.0,12603.0,12603.0,5,4,50605.24,12585.0
2023-03-15,DXM3,12205.0,12421.0,12182.0,12390.0,36,19,354345.84,12390.0
2023-03-15,DYH3,6870.0,9450.0,6812.0,7658.0,29879,6814,229173576.0,7635.0
2023-03-15,EDH3,1.0717,1.0734,1.0524,1.0527,135596,29907,10953486863.3,1.0528
2023-03-15,EDM3,1.0712,1.0726,1.0505,1.0516,86698,23332,6993417140.93,1.0515
2023-03-15,EDU3,1.0699,1.0699,1.0522,1.0531,111,81,8920773.68,1.0531
2023-03-15,EURRUBF,80.64,81.44,80.12,80.25,2575,955,208051400.0,80.27
2023-03-15,EuH3,80589.0,81370.0,79912.0,80023.0,149161,45358,12009473896.0,80025.0
2023-03-15,EuM3,80475.0,81139.0,79529.0,79726.0,86875,30080,6981416098.0,79723.0
2023-03-15,EuU3,81118.0,81565.0,79487.0,80093.0,1079,434,87234549.0,80093.0
2023-03-15,EuZ3,82000.0,82000.0,80977.0,81378.0,11,9,897533.0,81241.0
2023-03-15,FNH3,7197.0,7197.0,6608.0,6802.0,14,14,98102.0,6958.0
2023-03-15,FNM3,6978.0,6978.0,6978.0,6978.0,1,1,6978.0,6981.0
2023-03-15,FSH3,9224.0,9258.0,9025.0,9080.0,345,82,3158876.0,9072.0
2023-03-15,FSM3,9294.0,9307.0,9101.0,9125.0,275,64,2533523.0,9123.0
2023-03-15,FVH3,14990.0,15030.0,14427.0,14527.0,1132,394,16816649.0,14547.0
2023-03-15,FVM3,15366.0,15380.0,14792.0,14883.0,485,217,7300032.0,14883.0
2023-03-15,GDH3,1905.4,1932.5,1888.7,1925.0,209641,55839,30493667689.03,1924.4
2023-03-15,GDH4,1992.2,1992.8,1956.7,1982.6,60,34,9028582.0,1982.6
2023-03-15,GDM3,1912.9,1941.4,1900.4,1935.6,120949,41985,17694413340.79,1935.2
2023-03-15,GDU3,1919.9,1945.6,1906.8,1945.2,1303,811,191222492.23,1941.7
2023-03-15,GDZ3,1947.7,1978.9,1919.2,1954.4,85,70,12547620.48,1951.4
2023-03-15,GKH3,14570.0,14603.0,14454.0,14472.0,16330,6236,237411832.0,14475.0
2023-03-15,GKM3,14886.0,14901.0,14737.0,14764.0,12118,4373,179665360.0,14772.0
2023-03-15,GKU3,14894.0,14894.0,14611.0,14890.0,14,13,206775.0,14630.0
2023-03-15,GOM3,5649.9,5649.9,5111.5,5111.5,5,3,271727.0,5111.5
2023-03-15,GUH3,1.2151,1.222,1.2068,1.2093,126,18,11682551.51,1.2083
2023-03-15,GUM3,1.226,1.2287,1.2056,1.2102,13,12,1201806.36,1.2102
2023-03-15,GZH3,16117.0,16264.0,15777.0,15896.0,102572,34147,1643575332.0,15933.0
2023-03-15,GZH4,17249.0,17249.0,17249.0,17249.0,3,1,51747.0,17190.0
2023-03-15,GZM3,16440.0,16600.0,16132.0,16243.0,54959,22579,900533890.0,16271.0
2023-03-15,GZM4,17997.0,17999.0,17502.0,17509.0,15,11,266315.0,17509.0
2023-03-15,GZU3,16455.0,16566.0,16200.0,16270.0,225,104,3685830.0,16298.0
2023-03-15,GZU4,17454.0,17862.0,17454.0,17862.0,2,2,35316.0,17862.0
2023-03-15,GZZ3,16985.0,16985.0,16700.0,16826.0,16,12,269955.0,16826.0
2023-03-15,GZZ4,18171.0,18171.0,18171.0,18171.0,1,1,18171.0,18171.0
2023-03-15,HKM3,9.675,9.849,9.675,9.735,210,53,2047109.0,9.735
2023-03-15,HKU3,9.775,10.817,9.775,10.743,16,5,169525.0,10.204
2023-03-15,HOH3,25600.0,25720.0,25600.0,25690.0,100,13,2566040.0,25690.0
2023-03-15,HOU3,25150.0,26480.0,25150.0,26480.0,6,5,155020.0,26600.0
2023-03-15,HSH3,19719.0,19885.0,19122.0,19255.0,8010,567,15060916.68,19215.0
2023-03-15,HSM3,20600.0,20650.0,20100.0,20169.0,4697,447,9279229.87,20200.0
2023-03-15,HSU3,21450.0,21638.0,21150.0,21150.0,31,12,64060.96,21200.0
2023-03-15,HSZ3,22708.0,22708.0,21351.0,21930.0,12,10,25566.21,22000.0
2023-03-15,HYH3,7795.0,7800.0,7735.0,7762.0,836,183,6491340.0,7750.0
2023-03-15,HYM3,7936.0,7943.0,7882.0,7887.0,120,58,948613.0,7898.0
2023-03-15,IRH3,33803.0,33890.0,33513.0,33546.0,91,67,3067183.0,33546.0
2023-03-15,IRM3,32350.0,32570.0,32293.0,32293.0,70,43,2268818.0,32293.0
2023-03-15,JPH3,134.97,135.27,133.96,133.96,27,19,2049010.02,133.96
2023-03-15,JPM3,134.6,135.68,134.01,134.95,12,12,909671.1,134.89
2023-03-15,LKH3,40891.0,40945.0,40115.0,40161.0,6335,4788,256619040.0,40307.0
2023-03-15,LKM3,41751.0,41812.0,40911.0,40917.0,3606,2787,148711541.0,41093.0
2023-03-15,LKU3,40600.0,40856.0,40363.0,40363.0,28,24,1137077.0,40370.0
2023-03-15,LKZ3,40000.0,40000.0,37000.0,39002.0,13,12,503262.0,39011.0
2023-03-15,MAH3,6555.0,6559.0,6554.0,6554.0,4,4,26226.0,6554.0
2023-03-15,MAM3,6644.0,6644.0,6644.0,6644.0,1,1,6644.0,6644.0
2023-03-15,MCH3,13860.0,14007.0,13538.0,13540.0,543,213,7440133.0,13669.0
2023-03-15,MCM3,14190.0,14640.0,13810.0,13874.0,502,210,7057177.0,13915.0
2023-03-15,MEH3,11400.0,11421.0,11101.0,11209.0,3699,869,41593265.0,11171.0
2023-03-15,MEM3,11302.0,11346.0,11020.0,11093.0,2604,963,29022565.0,11085.0
2023-03-15,MEU3,11439.0,11439.0,11439.0,11439.0,1,1,11439.0,11263.0
2023-03-15,MGH3,41408.0,41559.0,40600.0,40680.0,389,220,15931852.0,40680.0
2023-03-15,MGM3,40651.0,40987.0,40000.0,40011.0,324,215,13083879.0,40042.0
2023-03-15,MGU3,40943.0,41100.0,40943.0,41100.0,2,2,82043.0,40844.0
2023-03-15,MLH3,5049.0,5115.0,4974.0,5017.0,4390,1223,22178363.0,5005.0
2023-03-15,MLM3,5168.0,5231.0,5087.0,5112.0,3522,1075,18183081.0,5119.0
2023-03-15,MMH3,2292.55,2297.4,2259.05,2269.2,29011,7990,660823057.0,2265.8
2023-03-15,MMH4,2471.2,2639.0,2471.2,2639.0,19,10,495737.5,2440.4
2023-03-15,MMH5,2558.45,2558.45,2555.55,2555.55,2,2,51140.0,2555.55
2023-03-15,MMM3,2278.95,2290.0,2249.8,2258.65,15553,5272,352612789.0,2257.45
2023-03-15,MMM4,2530.3,2688.1,2491.15,2516.75,21,20,541538.5,2516.75
2023-03-15,MMU3,2284.9,2290.0,2266.55,2269.0,36,29,819500.0,2269.0
2023-03-15,MMZ3,2376.5,2381.1,2340.35,2345.0,12,11,283196.0,2345.0
2023-03-15,MNH3,4538.0,4564.0,4451.0,4494.0,12987,2698,58561311.0,4499.0
2023-03-15,MNM3,4610.0,4644.0,4530.0,4570.0,10311,4711,47357390.0,4571.0
2023-03-15,MNU3,4671.0,4685.0,4612.0,4645.0,26,13,121314.0,4645.0
2023-03-15,MTH3,25621.0,25688.0,25105.0,25105.0,508,199,12944739.0,25105.0
2023-03-15,MTM3,25785.0,25871.0,25390.0,25393.0,135,67,3470253.0,25390.0
2023-03-15,MXH3,229125.0,229750.0,225825.0,226525.0,19421,12159,4424497900.0,226525.0
2023-03-15,MXM3,228925.0,229650.0,225500.0,226350.0,9145,5713,2082401775.0,226400.0
2023-03-15,MXU3,228975.0,229500.0,226350.0,227000.0,22,19,5010600.0,227000.0
2023-03-15,MXZ3,233000.0,233000.0,233000.0,233000.0,2,1,466000.0,233000.0
2023-03-15,NAH3,12183.0,12231.0,12000.0,12176.0,139119,15251,1281032318.74,12192.0
2023-03-15,NAM3,12146.0,12197.0,11950.0,12062.0,52592,4755,482473088.06,12105.0
2023-03-15,NAU3,11905.0,12000.0,11893.0,11952.0,470,150,4269570.57,11952.0
2023-03-15,NAZ3,12005.0,12134.0,11967.0,12134.0,24,14,220348.76,12114.0
2023-03-15,NGH3,2.642,2.664,2.485,2.51,1020244,182890,20070236540.16,2.51
2023-03-15,NGJ3,2.846,2.869,2.707,2.731,83860,28757,1779906085.49,2.733
2023-03-15,NGK3,3.156,3.177,3.043,3.062,2534,1262,59789155.4,3.065
2023-03-15,NGM3,3.443,3.449,3.348,3.366,1008,385,25965787.37,3.366
2023-03-15,NGN3,3.585,3.61,3.42,3.439,181,104,4796766.23,3.439
2023-03-15,NGQ3,3.666,3.674,3.408,3.451,157,87,4209558.87,3.451
2023-03-15,NKH3,105811.0,106489.0,104164.0,104650.0,562,490,59368054.0,104650.0
2023-03-15,NKM3,104449.0,105100.0,103022.0,103409.0,312,161,32507617.0,103409.0
2023-03-15,NMH3,12623.0,12644.0,12368.0,12452.0,1389,530,17330141.0,12452.0
2023-03-15,NMM3,12716.0,12816.0,12486.0,12512.0,1181,686,14860943.0,12524.0
2023-03-15,NMU3,13050.0,13092.0,12684.0,12908.0,7,7,90789.0,12795.0
2023-03-15,OGH3,5701.0,6153.0,5622.0,5622.0,16,13,93677.0,5623.0
2023-03-15,OGM3,5626.0,5879.0,5622.0,5879.0,5,5,28378.0,5730.0
2023-03-15,OZH3,17079.0,17293.0,16784.0,16784.0,969,497,16472167.0,16887.0
2023-03-15,OZM3,17394.0,17649.0,17150.0,17150.0,665,379,11549937.0,17252.0
2023-03-15,PDH3,1539.99,1539.99,1441.0,1450.0,330,235,37205243.87,1450.0
2023-03-15,PDM3,1592.05,1594.99,1521.37,1545.0,531,322,62688874.29,1552.8
2023-03-15,PDU3,1631.0,1640.57,1600.0,1607.06,7,7,862565.63,1607.06
2023-03-15,PHH3,6984.0,7078.0,6980.0,7064.0,1464,298,10295869.0,7048.0
2023-03-15,PHM3,6766.0,6850.0,6707.0,6707.0,1158,147,7850409.0,6755.0
2023-03-15,PIH3,6191.0,6191.0,6141.0,6157.0,316,57,1950466.0,6177.0
2023-03-15,PIM3,6250.0,6300.0,6213.0,6300.0,261,96,1629080.0,6256.0
2023-03-15,POH3,5504.0,5594.0,5331.0,5501.0,37356,7001,203997958.0,5508.0
2023-03-15,POM3,5614.0,5700.0,5362.0,5622.0,28123,6277,156677131.0,5624.0
2023-03-15,POU3,5632.0,5805.0,5526.0,5795.0,35,25,197817.0,5749.0
2023-03-15,PSH3,1746.0,1757.0,1611.0,1710.0,3171,276,5397277.0,1710.0
2023-03-15,PSM3,1734.0,1760.0,1715.0,1747.0,3475,452,6030933.0,1736.0
2023-03-15,PSU3,1821.0,1821.0,1800.0,1800.0,2,2,3621.0,1800.0
2023-03-15,PTH3,992.3,996.9,957.3,965.3,998,283,73846994.58,968.1
2023-03-15,PTM3,1026.0,1027.0,996.0,1004.3,548,346,41974445.35,1007.9
2023-03-15,PTU3,1045.3,1045.3,1045.3,1045.3,1,1,79511.89,1038.3
2023-03-15,PZH3,92620.0,93740.0,90800.0,92736.0,1462,1058,134732951.0,92630.0
2023-03-15,PZM3,93796.0,94589.0,91890.0,93430.0,1420,962,132606556.0,93431.0
2023-03-15,RBM3,12660.0,12660.0,12660.0,12660.0,1,1,12660.0,12660.0
2023-03-15,RIH3,96070.0,96150.0,93420.0,93540.0,97543,58336,14058008247.17,93540.0
2023-03-15,RIH4,95510.0,96270.0,95510.0,95700.0,9,9,1311803.79,95700.0
2023-03-15,RIM3,96810.0,97100.0,94470.0,94570.0,32253,21712,4687926478.2,94620.0
2023-03-15,RIU3,96290.0,96350.0,94810.0,95020.0,72,68,10462011.09,94850.0
2023-03-15,RIZ3,96120.0,96120.0,95050.0,95050.0,6,6,871503.38,95050.0
2023-03-15,RLH3,4106.0,4115.0,3955.0,4020.0,1521,234,6198155.0,4013.0
2023-03-15,RLM3,4198.0,4222.0,4101.0,4105.0,1558,237,6438630.0,4110.0
2023-03-15,RMH3,960.0,961.5,934.0,935.5,12233,3644,176176561.9,935.0
2023-03-15,RMM3,970.0,970.0,945.0,946.5,7357,3123,106933169.85,947.5
2023-03-15,RMU3,965.0,978.0,962.5,965.0,72,46,1063145.58,965.0
2023-03-15,RMZ3,955.5,955.5,938.0,938.0,2,2,28806.23,942.0
2023-03-15,RNH3,36662.0,36800.0,35700.0,35800.0,2892,1756,104754366.0,35858.0
2023-03-15,RNM3,36871.0,36990.0,36021.0,36052.0,1788,892,65033351.0,36061.0
2023-03-15,RNU3,36702.0,36801.0,35696.0,36297.0,16,15,580900.0,36193.0
2023-03-15,RNZ3,36300.0,38400.0,36211.0,36211.0,12,10,443897.0,36210.0
2023-03-15,RNZ4,37840.0,41200.0,37563.0,37563.0,16,16,624594.0,37562.0
2023-03-15,RTH3,6042.0,6050.0,5949.0,5987.0,247,84,1481409.0,5979.0
2023-03-15,RTM3,5991.0,5991.0,5890.0,5905.0,667,110,3960929.0,5905.0
2023-03-15,SEH3,1497.0,1506.0,1428.0,1466.0,1030,103,1526078.0,1466.0
2023-03-15,SEM3,1648.0,1648.0,1460.0,1480.0,274,20,410886.0,1480.0
2023-03-15,SFH3,393.02,393.49,383.65,387.18,169092,25577,4996148648.67,387.29
2023-03-15,SFM3,392.82,394.0,385.4,389.82,119664,20168,3546455898.43,389.78
2023-03-15,SFU3,390.25,391.74,385.45,388.29,622,327,18394236.6,388.29
2023-03-15,SFZ3,389.2,390.5,386.0,387.0,119,24,3511316.3,387.0
2023-03-15,SGH3,27687.0,27875.0,27306.0,27818.0,461,271,12752083.0,27818.0
2023-03-15,SGM3,28246.0,28468.0,27979.0,28446.0,374,229,10568041.0,28419.0
2023-03-15,SGU3,28800.0,28800.0,28800.0,28800.0,2,1,57600.0,28933.0
2023-03-15,SNH3,22327.0,22400.0,21978.0,22039.0,1062,456,23610485.0,22142.0
2023-03-15,SNM3,22838.0,22896.0,22401.0,22518.0,1056,678,23993823.0,22612.0
2023-03-15,SOH3,4413.0,4425.0,4356.0,4391.0,495,138,2176475.0,4377.0
2023-03-15,SOM3,4493.0,4509.0,4428.0,4432.0,97,36,433352.0,4432.0
2023-03-15,SPH3,17439.0,17540.0,17205.0,17301.0,7069,3102,122865195.0,17298.0
2023-03-15,SPM3,17619.0,17724.0,17338.0,17403.0,4749,3184,83186963.0,17426.0
2023-03-15,SPU3,17602.0,17602.0,17072.0,17072.0,43,43,749077.0,17093.0
2023-03-15,SRH3,17666.0,17730.0,17333.0,17457.0,411907,89071,7228900419.0,17443.0
2023-03-15,SRH4,18374.0,18374.0,18205.0,18205.0,21,11,384612.0,18205.0
2023-03-15,SRM3,17915.0,18020.0,17615.0,17720.0,254127,67360,4528938669.0,17742.0
2023-03-15,SRU3,17650.0,17882.0,16477.0,17340.0,3398,1788,59225845.0,17340.0
2023-03-15,SRZ3,18056.0,18247.0,17721.0,17759.0,507,301,9116095.0,17759.0
2023-03-15,SSH3,2510.0,2529.0,2470.0,2489.0,1526,219,3811046.0,2499.0
2023-03-15,SSM3,2568.0,2600.0,2543.0,2561.0,574,116,1471477.0,2561.0
2023-03-15,SVH3,21.95,22.44,21.59,21.92,108366,14985,1812586063.92,21.93
2023-03-15,SVH4,24.29,24.78,24.09,24.78,62,16,1157999.75,23.91
2023-03-15,SVM3,22.26,22.67,22.01,22.36,67019,16836,1139371516.31,22.34
2023-03-15,SVU3,22.62,23.06,22.41,22.78,1345,755,23260428.22,22.79
2023-03-15,SVZ3,23.44,23.67,23.21,23.42,100,38,1782997.1,23.42
2023-03-15,SXH3,4206.0,4249.8,4079.7,4100.0,1380,92,4602802.76,4100.0
2023-03-15,SXM3,4029.0,4080.0,3889.2,3998.4,651,64,2108678.86,3990.0
2023-03-15,SXU3,3970.3,4300.0,3970.3,4050.0,122,23,397247.9,4079.2
2023-03-15,SXZ3,3802.1,4054.9,3802.1,4054.9,2,2,6309.17,4048.9
2023-03-15,SiH3,75274.0,76179.0,75274.0,76036.0,942976,211252,71443384078.0,76046.0
2023-03-15,SiH4,78099.0,78999.0,77819.0,78001.0,58,28,4529115.0,78050.0
2023-03-15,SiM3,74933.0,75798.0,74933.0,75636.0,567141,131638,42803082017.0,75643.0
2023-03-15,SiM4,79310.0,84000.0,79310.0,80052.0,61,39,4921646.0,80052.0
2023-03-15,SiU3,75576.0,76335.0,75517.0,76180.0,2644,1192,200613593.0,76215.0
2023-03-15,SiU4,80740.0,81500.0,80740.0,81500.0,5,4,406119.0,81500.0
2023-03-15,SiZ3,76716.0,77250.0,76567.0,77215.0,140,106,10767517.0,77215.0
2023-03-15,SiZ4,81028.0,81800.0,81028.0,81800.0,3,3,244040.0,81800.0
2023-03-15,TIH3,25300.0,25664.0,24707.0,24928.0,1612,589,40631579.0,24929.0
2023-03-15,TIM3,25577.0,26065.0,25180.0,25300.0,1225,957,31464696.0,25310.0
2023-03-15,TIU3,25604.0,25604.0,25604.0,25604.0,1,1,25604.0,25604.0
2023-03-15,TNH3,93600.0,95000.0,93120.0,93120.0,17,17,1599922.0,93120.0
2023-03-15,TNM3,95168.0,95168.0,94900.0,94900.0,5,5,475240.0,94900.0
2023-03-15,TTH3,34037.0,34281.0,33557.0,33779.0,1100,658,37344218.0,33712.0
2023-03-15,TTM3,34770.0,34981.0,34271.0,34395.0,1352,616,46842538.0,34465.0
2023-03-15,TTU3,34810.0,34810.0,34289.0,34289.0,5,4,173486.0,34342.0
2023-03-15,TYH4,2.822,3.987,2.8,3.852,402,65,1376675.0,3.609
2023-03-15,TYM3,3.993,4.02,3.98,4.008,44,10,175951.0,4.008
2023-03-15,UCH3,6.88,6.914,6.877,6.911,11637,2179,883075489.61,6.911
2023-03-15,UCM3,6.78,6.82,6.779,6.81,4864,2565,364057292.01,6.81
2023-03-15,USDRUBF,75.37,76.27,75.35,76.19,31698,6385,2404954460.0,76.07
2023-03-15,VBH3,1660.0,1668.0,1634.0,1644.0,138353,8400,228480780.0,1642.0
2023-03-15,VBM3,1697.0,1706.0,1672.0,1678.0,75448,8628,127312033.0,1680.0
2023-03-15,VBU3,1699.0,1710.0,1694.0,1701.0,569,140,969956.0,1701.0
2023-03-15,VBZ3,1760.0,1760.0,1760.0,1760.0,1,1,1760.0,1760.0
2023-03-15,VIH3,34.95,36.4,34.95,35.85,62,28,336813.11,35.85
2023-03-15,VIJ3,38.8,38.8,36.2,36.2,4,3,22439.5,36.2
2023-03-15,W4H3,14200.0,14220.0,14110.0,14110.0,9,9,127510.0,14130.0
2023-03-15,W4J3,14300.0,14300.0,14280.0,14280.0,3,3,42870.0,14280.0
2023-03-15,W4K3,14430.0,14450.0,14360.0,14360.0,10,8,144090.0,14360.0
2023-03-15,W4M3,14500.0,14500.0,14500.0,14500.0,1,1,14500.0,14500.0
2023-03-15,YNH3,19059.0,19252.0,18675.0,18700.0,6086,2597,115359768.0,18758.0
2023-03-15,YNM3,19487.0,19687.0,19100.0,19100.0,5212,2302,100979894.0,19186.0
2023-03-15,YNU3,19891.0,20092.0,19573.0,19573.0,51,43,1007039.0,19573.0
2023-03-16,AFH3,2815.0,2834.0,2801.0,2819.0,5084,627,14349685.0,2820.0
2023-03-16,AFM3,2862.0,2883.0,2854.0,2878.0,2733,479,7836682.0,2868.0
2023-03-16,AFU3,2922.0,2937.0,2815.0,2832.0,52,19,148676.0,2851.0
2023-03-16,AKH3,13190.0,13190.0,12965.0,13160.0,512,203,6718271.0,13156.0
2023-03-16,AKM3,13560.0,13560.0,13243.0,13390.0,701,256,9402209.0,13430.0
2023-03-16,AKU3,10277.0,10277.0,10277.0,10277.0,4,1,41108.0,12669.0
2023-03-16,ALH3,6072.0,6090.0,5995.0,6029.0,5259,1047,31795731.0,6031.0
2023-03-16,ALM3,6209.0,6231.0,6130.0,6169.0,8388,1896,51972333.0,6169.0
2023-03-16,ALU3,6284.0,6323.0,6270.0,6270.0,15,11,94357.0,6270.0
2023-03-16,AUH3,0.6649,0.6649,0.6649,0.6649,20,1,1020202.6,0.66475
2023-03-16,BRF4,90.0,93.28,88.94,91.1,19,19,1330321.81,91.1
2023-03-16,BRG4,90.96,90.96,90.96,90.96,1,1,69783.15,90.96
2023-03-16,BRH4,93.0,93.0,91.5,91.5,33,10,2333700.13,91.5
2023-03-16,BRJ3,74.86,76.2,73.3,75.01,613171,180179,35202862445.37,75.08
2023-03-16,BRK3,75.1,76.75,73.66,75.47,25842,18796,1492234795.82,75.48
2023-03-16,BRM3,78.24,79.35,76.3,78.15,3330,2052,199700043.68,78.15
2023-03-16,BRN3,80.8,81.99,79.59,80.84,281,249,17453727.37,81.12
2023-03-16,BRQ3,82.42,84.02,82.0,82.2,66,58,4202608.8,83.12
2023-03-16,BRU3,85.0,86.39,84.0,85.7,26,25,1702989.6,85.7
2023-03-16,BRV3,87.5,87.8,87.0,87.27,10,8,670573.38,87.27
2023-03-16,BRX3,87.03,88.11,87.03,88.1,9,7,607487.78,88.1
2023-03-16,BRZ3,88.5,90.98,88.5,89.33,8,8,551199.41,89.33
2023-03-16,CAH3,1.37,1.37,1.37,1.37,1,1,75976.91,1.37515
2023-03-16,CFH3,0.9304,0.9304,0.924,0.9262,45,5,3442942.66,0.92895
2023-03-16,CFM3,0.9293,0.9293,0.9162,0.9279,10,7,763624.76,0.9279
2023-03-16,CHH3,101550.0,102849.0,100400.0,102849.0,254,201,25755296.0,102220.0
2023-03-16,CHM3,100897.0,101874.0,99501.0,101599.0,175,159,17599358.0,101440.0
2023-03-16,CNYRUBF,11.01,11.2,11.0,11.11,48680,3821,538674740.0,11.1
2023-03-16,CRH3,10.999,11.184,10.992,11.111,625365,17833,6905747870.0,11.1078
2023-03-16,CRH4,11.778,11.778,11.7,11.74,69,21,810044.0,11.74
2023-03-16,CRM3,11.138,11.318,11.12,11.235,2482608,77177,27768607926.0,11.238
2023-03-16,CRM4,11.98,11.985,11.947,11.985,8,6,95739.0,11.985
2023-03-16,CRU3,11.305,11.457,11.278,11.389,4350,813,49466008.0,11.392
2023-03-16,CRZ3,11.36,11.645,11.36,11.59,119,51,1376621.0,11.628
2023-03-16,CSH3,5695.0,5710.0,5501.0,5501.0,11,11,61351.0,5497.0
2023-03-16,CoJ3,8451.0,8451.0,8451.0,8451.0,1,1,64834.89,8704.0
2023-03-16,DXH3,12587.0,12588.0,12151.0,12495.0,30,23,301464.85,12443.0
2023-03-16,DXM3,12300.0,12399.0,11701.0,12119.0,61,46,593096.9,12111.0
2023-03-16,DXU3,12154.0,12154.0,12153.0,12153.0,2,2,19741.17,12153.0
2023-03-16,DXZ3,11701.0,12232.0,11701.0,11756.0,7,5,67984.28,12001.0
2023-03-16,DYH3,7656.0,7783.0,7256.0,7300.0,7831,1670,58571042.0,7311.0
2023-03-16,EDH3,1.053,1.0652,1.0528,1.0652,87324,17096,7114411935.29,1.06522
2023-03-16,EDM3,1.0519,1.062,1.0488,1.059,168064,51442,13660987149.94,1.0586
2023-03-16,EDU3,1.0538,1.0609,1.0538,1.0583,295,251,23948561.94,1.0583
2023-03-16,EURRUBF,80.33,82.35,80.2,81.45,7915,2839,643216150.0,81.19
2023-03-16,EuH3,80081.0,81840.0,80025.0,81837.0,142122,31904,11546217747.0,81846.0
2023-03-16,EuH4,82507.0,82507.0,81531.0,81531.0,2,2,164038.0,81988.0
2023-03-16,EuM3,79758.0,81400.0,78667.0,81215.0,203351,74771,16383326532.0,81147.0
2023-03-16,EuU3,80411.0,81396.0,80072.0,81164.0,2951,1263,238035005.0,81164.0
2023-03-16,EuZ3,81312.0,82319.0,80986.0,82319.0,73,61,5978741.0,82319.0
2023-03-16,FNH3,6850.0,6852.0,6850.0,6852.0,5,5,34254.0,6845.0
2023-03-16,FNM3,7000.0,7000.0,6999.0,6999.0,3,3,20999.0,6978.0
2023-03-16,FSH3,9025.0,9110.0,8715.0,8824.0,373,74,3376935.0,8962.0
2023-03-16,FSM3,9100.0,9146.0,8950.0,8983.0,663,130,5995809.0,9022.0
2023-03-16,FVH3,14536.0,14738.0,14117.0,14421.0,1663,497,23737194.0,14457.0
2023-03-16,FVM3,14858.0,15142.0,14455.0,14650.0,921,422,13641725.0,14827.0
2023-03-16,GDH3,1925.8,1939.3,1911.4,1919.2,108946,26535,16068854929.71,1919.2
2023-03-16,GDH4,1998.4,1998.4,1965.0,1965.0,37,19,5613799.52,1965.0
2023-03-16,GDM3,1936.7,1950.8,1918.6,1922.6,185985,57470,27616994025.75,1920.5
2023-03-16,GDU3,1947.0,1956.0,1927.8,1931.2,1321,862,196875735.66,1928.8
2023-03-16,GDZ3,1963.5,1963.5,1935.4,1935.4,54,45,8079278.93,1935.4
2023-03-16,GKH3,14477.0,14549.0,14311.0,14440.0,8080,2716,116728441.0,14463.0
2023-03-16,GKM3,14751.0,14834.0,14587.0,14690.0,13857,6671,203791619.0,14718.0
2023-03-16,GKU3,14854.0,14869.0,14694.0,14694.0,11,8,163242.0,14711.0
2023-03-16,GUH3,1.2083,1.213,1.2046,1.205,161,22,14892242.0,1.2048
2023-03-16,GUM3,1.2003,1.2318,1.2,1.2144,14,12,1301253.18,1.214
2023-03-16,GZH3,15920.0,16079.0,15825.0,15920.0,38988,11647,621736199.0,15958.0
2023-03-16,GZH4,17145.0,17145.0,17145.0,17145.0,6,2,102870.0,17145.0
2023-03-16,GZH5,18628.0,18628.0,18628.0,18628.0,1,1,18628.0,18619.0
2023-03-16,GZM3,16242.0,16416.0,16173.0,16275.0,56723,20315,924015269.0,16294.0
2023-03-16,GZM4,17670.0,17680.0,17670.0,17670.0,4,3,70690.0,17670.0
2023-03-16,GZU3,16224.0,16350.0,16193.0,16263.0,215,130,3493497.0,16270.0
2023-03-16,GZU4,17884.0,17884.0,17884.0,17884.0,1,1,17884.0,17883.0
2023-03-16,GZZ3,16800.0,16885.0,16657.0,16657.0,16,15,268448.0,16706.0
2023-03-16,GZZ4,18331.0,18331.0,18331.0,18331.0,1,1,18331.0,18331.0
2023-03-16,HKM3,9.7,9.816,9.7,9.816,167,26,1637070.0,9.816
2023-03-16,HKU3,9.75,9.878,9.701,9.872,14,8,136753.0,9.872
2023-03-16,HOH3,25690.0,25690.0,25680.0,25680.0,8,3,205470.0,25680.0
2023-03-16,HOM3,25690.0,25750.0,25690.0,25750.0,2,2,51440.0,25750.0
2023-03-16,HOU3,25510.0,26570.0,25510.0,26570.0,2,2,52080.0,26550.0
2023-03-16,HSH3,19216.0,19443.0,19185.0,19391.0,11028,217,20818371.95,19391.0
2023-03-16,HSM3,20391.0,20447.0,20150.0,20251.0,2626,278,5195544.65,20255.0
2023-03-16,HSU3,21494.0,21494.0,21494.0,21494.0,1,1,2096.09,21447.0
2023-03-16,HSZ3,22759.0,23446.0,22022.0,23424.0,72,39,162229.18,22563.0
2023-03-16,HYH3,7761.0,7790.0,7679.0,7755.0,1590,187,12335196.0,7755.0
2023-03-16,HYM3,7902.0,7940.0,7798.0,7892.0,514,126,4047731.0,7890.0
2023-03-16,IRH3,33550.0,33740.0,33144.0,33732.0,124,95,4148860.0,33675.0
2023-03-16,IRM3,32221.0,32697.0,31934.0,32454.0,212,115,6839505.0,32454.0
2023-03-16,JPH3,133.79,134.18,132.84,132.86,35,26,2686205.6,132.855
2023-03-16,JPM3,135.58,135.58,133.11,133.11,52,37,4008823.92,133.11
2023-03-16,LKH3,40153.0,40678.0,40090.0,40599.0,5560,3738,223964312.0,40507.0
2023-03-16,LKM3,40937.0,41529.0,40895.0,41461.0,6868,4704,282818479.0,41344.0
2023-03-16,LKU3,40362.0,40636.0,40227.0,40636.0,16,14,647882.0,40636.0
2023-03-16,LKZ3,39858.0,39990.0,39012.0,39990.0,4,4,158719.0,39990.0
2023-03-16,MAH3,6568.0,6568.0,6568.0,6568.0,1,1,6568.0,6502.0
2023-03-16,MAM3,6740.0,6740.0,6740.0,6740.0,1,1,6740.0,6740.0
2023-03-16,MCH3,13534.0,13911.0,13437.0,13873.0,214,90,2899310.0,13873.0
2023-03-16,MCM3,13900.0,14207.0,13661.0,14178.0,320,166,4438395.0,14170.0
2023-03-16,MEH3,11152.0,11184.0,10836.0,11077.0,4482,1109,49618207.0,11076.0
2023-03-16,MEM3,11092.0,11107.0,10877.0,11060.0,4466,1268,49089256.0,11042.0
2023-03-16,MEU3,11213.0,11282.0,11092.0,11246.0,23,17,257443.0,11228.0
2023-03-16,MGH3,40700.0,41014.0,39492.0,40216.0,413,271,16594197.0,40285.0
2023-03-16,MGM3,40010.0,40418.0,39239.0,40074.0,894,573,35564576.0,39906.0
2023-03-16,MLH3,5010.0,5063.0,4773.0,4840.0,5035,1579,24731602.0,4843.0
2023-03-16,MLM3,5132.0,5179.0,4880.0,4944.0,7132,1927,35750431.0,4946.0
2023-03-16,MMH3,2265.2,2276.75,2240.05,2243.35,22329,4806,504084852.5,2243.25
2023-03-16,MMH4,2425.35,2425.35,2425.35,2425.35,2,1,48507.0,2425.35
2023-03-16,MMM3,2256.0,2278.15,2244.1,2269.05,33524,11170,756818786.0,2269.15
2023-03-16,MMM4,2510.0,2511.0,2465.0,2465.0,12,8,298993.0,2465.0
2023-03-16,MMU3,2267.0,2283.65,2253.45,2257.0,126,74,2853884.0,2270.3
2023-03-16,MMZ3,2333.0,2351.2,2333.0,2340.0,8,7,187575.0,2340.0
2023-03-16,MMZ4,2609.9,2609.9,2609.9,2609.9,4,2,104396.0,2591.0
2023-03-16,MNH3,4463.0,4528.0,4448.0,4492.0,7056,1258,31593791.0,4486.0
2023-03-16,MNM3,4545.0,4600.0,4525.0,4555.0,6306,3065,28688617.0,4549.0
2023-03-16,MNU3,4639.0,4639.0,4609.0,4611.0,20,17,92370.0,4614.0
2023-03-16,MTH3,25060.0,25090.0,24460.0,24660.0,1923,562,47766927.0,24660.0
2023-03-16,MTM3,25325.0,25399.0,24800.0,24886.0,500,264,12551405.0,24873.0
2023-03-16,MTU3,24201.0,24713.0,24200.0,24200.0,10,10,243268.0,24200.0
2023-03-16,MXH3,226450.0,227625.0,224325.0,224325.0,8537,3971,1929663575.0,224325.0
2023-03-16,MXM3,226150.0,228450.0,224925.0,227325.0,22322,14566,5055979150.0,227400.0
2023-03-16,MXU3,226500.0,227800.0,225225.0,227800.0,47,44,10652250.0,227550.0
2023-03-16,NAH3,12140.0,12522.0,12078.0,12503.0,81541,11190,770063434.19,12501.0
2023-03-16,NAM3,12018.0,12390.0,11994.0,12367.0,63017,7356,589948221.3,12365.0
2023-03-16,NAU3,11895.0,12251.0,11895.0,12100.0,694,250,6453426.41,12130.0
2023-03-16,NAZ3,12105.0,12190.0,12094.0,12190.0,36,26,335354.08,12190.0
2023-03-16,NGH3,2.506,2.577,2.457,2.562,1117697,189932,21620023455.97,2.559
2023-03-16,NGJ3,2.725,2.78,2.68,2.752,102139,37344,2138960963.0,2.749
2023-03-16,NGK3,3.056,3.149,3.021,3.068,3203,1469,75210699.23,3.058
2023-03-16,NGM3,3.348,3.376,3.303,3.327,821,489,21056021.17,3.327
2023-03-16,NGN3,3.401,3.473,3.4,3.44,180,53,4723067.16,3.441
2023-03-16,NGQ3,3.452,3.555,3.411,3.538,65,36,1737651.13,3.538
2023-03-16,NKH3,104465.0,105909.0,103713.0,105599.0,173,145,18112346.0,105599.0
2023-03-16,NKM3,103302.0,104500.0,102435.0,104150.0,269,222,27849343.0,104199.0
2023-03-16,NMH3,12451.0,12451.0,12090.0,12412.0,5057,723,62484245.0,12407.0
2023-03-16,NMM3,12500.0,12549.0,12228.0,12489.0,961,325,11920374.0,12489.0
2023-03-16,NMU3,12686.0,12766.0,12538.0,12538.0,4,4,50533.0,12542.0
2023-03-16,OGH3,5621.0,5850.0,5613.0,5651.0,21,20,119575.0,5650.0
2023-03-16,OGM3,5785.0,5794.0,5782.0,5794.0,5,5,28929.0,5794.0
2023-03-16,OZH3,16825.0,16996.0,16150.0,16485.0,1377,659,22857011.0,16475.0
2023-03-16,OZM3,17201.0,17330.0,16488.0,16824.0,1356,626,22920699.0,16809.0
2023-03-16,PDH3,1453.0,1474.9,1446.01,1453.01,374,115,41872112.87,1453.01
2023-03-16,PDM3,1549.99,1558.97,1509.0,1517.0,372,202,43720604.64,1515.0
2023-03-16,PDU3,1553.0,1619.34,1552.0,1578.78,13,12,1582652.37,1578.78
2023-03-16,PHH3,7002.0,7749.0,7002.0,7103.0,2166,388,15418754.0,7080.0
2023-03-16,PHM3,6756.0,6808.0,6650.0,6714.0,1318,228,8877335.0,6700.0
2023-03-16,PHU3,6710.0,6710.0,6704.0,6704.0,2,2,13414.0,6704.0
2023-03-16,PIH3,6109.0,6226.0,6063.0,6127.0,463,111,2839917.0,6142.0
2023-03-16,PIM3,6298.0,6298.0,6159.0,6230.0,119,40,738870.0,6231.0
2023-03-16,POH3,5526.0,5583.0,5285.0,5360.0,15372,3244,83012709.0,5325.0
2023-03-16,POM3,5642.0,5697.0,5385.0,5450.0,32721,6515,180040974.0,5426.0
2023-03-16,POU3,5714.0,5714.0,5506.0,5506.0,22,16,124001.0,5506.0
2023-03-16,PSH3,1699.0,1729.0,1640.0,1668.0,528,106,886361.0,1668.0
2023-03-16,PSM3,1731.0,1734.0,1671.0,1701.0,1770,270,3021720.0,1702.0
2023-03-16,PSU3,1785.0,1785.0,1765.0,1765.0,2,2,3550.0,1742.0
2023-03-16,PTH3,974.8,974.9,956.8,971.7,418,172,31031398.31,971.7
2023-03-16,PTM3,1006.9,1007.9,984.5,999.0,875,450,66782863.3,1002.4
2023-03-16,PTU3,1011.1,1013.7,1011.1,1013.7,2,2,155339.62,1021.5
2023-03-16,PZH3,93179.0,93567.0,91798.0,92012.0,518,480,47981562.0,92138.0
2023-03-16,PZM3,93660.0,94165.0,92184.0,92712.0,767,549,71397923.0,92524.0
2023-03-16,RBM3,12651.0,12651.0,12651.0,12651.0,4,1,50604.0,12651.0
2023-03-16,RIH3,93450.0,94040.0,92510.0,92660.0,45860,19826,6559980399.32,92667.0
2023-03-16,RIH4,95700.0,96290.0,95700.0,96290.0,5,5,735653.7,96290.0
2023-03-16,RIM3,94590.0,95540.0,94010.0,94460.0,104119,65418,15134041450.69,94480.0
2023-03-16,RIU3,94690.0,95620.0,94200.0,94690.0,112,111,16299627.81,94720.0
2023-03-16,RIZ3,94210.0,95310.0,94210.0,95310.0,5,5,725404.11,95310.0
2023-03-16,RLH3,4015.0,4070.0,3950.0,3983.0,2094,280,8359603.0,3988.0
2023-03-16,RLM3,4105.0,4128.0,4035.0,4080.0,1345,184,5463148.0,4057.0
2023-03-16,RMH3,934.5,940.0,924.0,926.0,11837,2160,169233944.28,926.67
2023-03-16,RMM3,946.5,957.0,940.0,946.0,20440,5859,297575424.07,946.0
2023-03-16,RMU3,961.0,963.0,953.5,958.5,95,78,1398140.97,958.5
2023-03-16,RMZ3,938.0,970.5,937.0,970.5,14,11,205337.06,967.0
2023-03-16,RNH3,36189.0,36189.0,35381.0,35805.0,1484,706,52926829.0,35787.0
2023-03-16,RNM3,36049.0,36134.0,35593.0,36064.0,2314,1060,83097380.0,35909.0
2023-03-16,RNU3,35801.0,35801.0,35106.0,35106.0,2,2,70907.0,35691.0
2023-03-16,RNU4,37010.0,37010.0,37010.0,37010.0,2,2,74020.0,37010.0
2023-03-16,RNZ4,37563.0,37563.0,37560.0,37560.0,2,2,75123.0,37560.0
2023-03-16,RTH3,5949.0,6043.0,5941.0,6015.0,82,42,490775.0,6008.0
2023-03-16,RTM3,5902.0,6026.0,5885.0,5933.0,656,138,3889801.0,5933.0
2023-03-16,RTU3,6138.0,6138.0,6138.0,6138.0,3,3,18414.0,6082.0
2023-03-16,SAK3,34.62,34.62,34.61,34.61,2,2,70337.68,34.61
2023-03-16,SEH3,1470.0,1478.0,1429.0,1452.0,2366,111,3409993.0,1452.0
2023-03-16,SEM3,1499.0,1499.0,1449.0,1460.0,148,19,217740.0,1460.0
2023-03-16,SFH3,386.26,394.0,384.22,393.98,102629,16438,3066240108.73,393.68
2023-03-16,SFH4,385.0,390.0,385.0,390.0,6,5,177604.51,390.0
2023-03-16,SFM3,389.58,395.49,386.67,395.2,136884,24049,4116679495.68,395.18
2023-03-16,SFU3,388.0,392.0,386.0,392.0,981,510,29327875.24,391.6
2023-03-16,SFZ3,386.0,392.66,386.0,392.66,41,31,1220373.67,392.66
2023-03-16,SGH3,27726.0,28323.0,27600.0,27950.0,313,203,8751136.0,27948.0
2023-03-16,SGM3,28374.0,28833.0,28182.0,28429.0,448,282,12770378.0,28429.0
2023-03-16,SNH3,22037.0,22462.0,21910.0,21986.0,797,361,17698079.0,22184.0
2023-03-16,SNM3,22467.0,22886.0,22403.0,22501.0,1293,893,29318974.0,22613.0
2023-03-16,SNU3,22945.0,22945.0,22945.0,22945.0,1,1,22945.0,22945.0
2023-03-16,SOH3,4365.0,4426.0,4351.0,4411.0,271,83,1190674.0,4430.0
2023-03-16,SOM3,4425.0,4475.0,4425.0,4464.0,154,45,685110.0,4464.0
2023-03-16,SPH3,17239.0,18123.0,17140.0,17600.0,4121,1695,71495288.0,17375.0
2023-03-16,SPM3,17383.0,17570.0,17270.0,17481.0,5960,3699,103807120.0,17482.0
2023-03-16,SPU3,17200.0,17334.0,17200.0,17334.0,8,4,138078.0,17334.0
2023-03-16,SRH3,17444.0,17594.0,17312.0,17493.0,120921,29842,2110551534.0,17488.0
2023-03-16,SRH4,18248.0,18248.0,18227.0,18227.0,2,2,36475.0,18227.0
2023-03-16,SRM3,17711.0,17883.0,17561.0,17775.0,291262,70741,5160976310.0,17768.0
2023-03-16,SRU3,17310.0,17540.0,17200.0,17419.0,1605,952,27874036.0,17413.0
2023-03-16,SRZ3,17759.0,17870.0,17713.0,17774.0,137,65,2434938.0,17771.0
2023-03-16,SSH3,2493.0,2510.0,2453.0,2482.0,477,99,1183172.0,2482.0
2023-03-16,SSM3,2545.0,2581.0,2513.0,2527.0,275,64,697641.0,2537.0
2023-03-16,SVH3,21.92,22.1,21.71,22.02,50234,5239,845402810.71,22.03
2023-03-16,SVH4,24.66,24.66,23.91,23.91,12,4,223005.31,23.9
2023-03-16,SVM3,22.39,22.52,22.02,22.07,65914,14581,1126323674.46,22.05
2023-03-16,SVU3,22.89,22.95,22.34,22.39,2410,1672,41737955.6,22.39
2023-03-16,SVZ3,23.46,23.5,23.2,23.22,155,56,2786983.91,23.22
2023-03-16,SXH3,4099.1,4189.5,4091.0,4140.0,3864,145,12925322.09,4130.0
2023-03-16,SXM3,3931.7,4056.0,3916.8,4000.0,529,73,1706366.19,4000.0
2023-03-16,SXU3,4000.0,4034.8,3951.0,4034.0,9,9,29311.79,4033.0
2023-03-16,SXZ3,4029.8,4029.8,3800.1,4029.7,12,4,39088.64,4001.7
2023-03-16,SiH3,76049.0,76823.0,75911.0,76822.0,386449,84864,29507834596.0,76822.0
2023-03-16,SiH4,78300.0,79500.0,78001.0,79001.0,85,71,6674527.0,79011.0
2023-03-16,SiH5,82900.0,84113.0,80470.0,84113.0,23,13,1886771.0,84113.0
2023-03-16,SiM3,75615.0,76629.0,74718.0,76400.0,1816376,346549,137793919315.0,76395.0
2023-03-16,SiM4,80654.0,81160.0,80001.0,81002.0,26,21,2094918.0,81002.0
2023-03-16,SiU3,76197.0,76987.0,75773.0,76732.0,6771,3610,518181059.0,76757.0
2023-03-16,SiU4,81500.0,82465.0,81310.0,82439.0,17,17,1390268.0,82438.0
2023-03-16,SiZ3,77369.0,77700.0,76986.0,77544.0,392,282,30323672.0,77544.0
2023-03-16,SiZ4,81493.0,81943.0,81493.0,81943.0,5,5,408749.0,81943.0
2023-03-16,TIH3,24858.0,25050.0,23928.0,24390.0,518,228,12716098.0,24390.0
2023-03-16,TIM3,25301.0,25620.0,24450.0,24861.0,733,476,18377351.0,24861.0
2023-03-16,TIU3,25106.0,25106.0,25106.0,25106.0,1,1,25106.0,25106.0
2023-03-16,TNH3,93125.0,94200.0,93125.0,93350.0,10,7,935389.0,93400.0
2023-03-16,TNM3,94500.0,94500.0,94500.0,94500.0,1,1,94500.0,94500.0
2023-03-16,TTH3,33671.0,33961.0,33357.0,33500.0,840,464,28332869.0,33602.0
2023-03-16,TTM3,34410.0,34672.0,34109.0,34250.0,1027,527,35322227.0,34328.0
2023-03-16,TTU3,34450.0,34450.0,34450.0,34450.0,2,2,68900.0,34482.0
2023-03-16,TYM3,4.019,4.025,3.9,4.0,586,60,2331482.0,3.99
2023-03-16,UCH3,6.909,6.924,6.86,6.915,6623,1798,507979195.59,6.9161
2023-03-16,UCM3,6.805,6.827,6.748,6.817,11359,4653,856509181.92,6.819
2023-03-16,USDRUBF,76.16,77.43,76.06,76.82,65953,12459,5045169560.0,76.72
2023-03-16,VBH3,1640.0,1650.0,1627.0,1640.0,44670,3184,73225669.0,1642.0
2023-03-16,VBM3,1679.0,1687.0,1663.0,1672.0,69582,7537,116544003.0,1677.0
2023-03-16,VBU3,1706.0,1713.0,1694.0,1708.0,560,116,953917.0,1708.0
2023-03-16,VIH3,36.3,36.8,35.5,36.8,285,63,1592361.31,36.72
2023-03-16,VIJ3,36.2,36.2,36.1,36.1,4,3,22194.67,36.1
2023-03-16,W4G4,13860.0,16420.0,13860.0,16420.0,4,4,60560.0,15740.0
2023-03-16,W4H3,14150.0,14210.0,14050.0,14210.0,38,23,536840.0,14210.0
2023-03-16,W4J3,14400.0,14400.0,14250.0,14250.0,3,3,42990.0,14260.0
2023-03-16,W4M3,14600.0,14600.0,14220.0,14220.0,18,7,261140.0,14220.0
2023-03-16,W4V3,16060.0,16060.0,16060.0,16060.0,1,1,16060.0,15230.0
2023-03-16,W4X3,13590.0,16150.0,13590.0,16150.0,2,2,29740.0,15320.0
2023-03-16,YNH3,18790.0,18892.0,18140.0,18348.0,6311,2889,116955174.0,18498.0
2023-03-16,YNM3,19121.0,19307.0,18553.0,18766.0,11971,6105,226224296.0,18907.0
2023-03-16,YNU3,19542.0,19668.0,18962.0,19385.0,323,215,6239773.0,19372.0
2023-03-17,AFM3,2875.0,2902.0,2858.0,2887.0,4216,542,12147451.0,2888.0
2023-03-17,AFU3,2900.0,2938.0,2873.0,2911.0,26,19,75705.0,2911.0
2023-03-17,AKM3,13390.0,13606.0,13378.0,13570.0,392,148,5289805.0,13501.0
2023-03-17,AKU3,13695.0,13794.0,13695.0,13794.0,2,2,27489.0,13794.0
2023-03-17,ALM3,6167.0,6231.0,6163.0,6223.0,11026,2661,68366339.0,6207.0
2023-03-17,ALU3,6301.0,6334.0,6261.0,6274.0,71,35,446701.0,6269.0
2023-03-17,ALZ3,6000.0,6419.0,6000.0,6394.0,9,8,57081.0,6394.0
2023-03-17,AUM3,0.6897,0.6897,0.6695,0.6723,13,5,675487.96,0.6711
2023-03-17,BRF4,91.49,91.49,91.01,91.01,5,5,351594.59,91.01
2023-03-17,BRG4,91.89,91.89,91.89,91.89,2,2,141729.84,91.89
2023-03-17,BRJ3,75.0,77.05,73.22,73.63,516671,164940,30093769414.12,73.72
2023-03-17,BRK3,75.3,77.45,74.31,74.79,24012,16879,1406066956.27,74.85
2023-03-17,BRM3,78.11,80.11,77.3,77.41,2501,1462,151690155.45,77.64
2023-03-17,BRN3,81.28,82.89,80.12,80.12,109,97,6856391.66,80.12
2023-03-17,BRQ3,83.95,85.02,82.5,82.5,32,32,2068655.81,82.5
2023-03-17,BRU3,86.2,87.3,85.52,85.52,10,10,666372.47,85.52
2023-03-17,BRV3,89.31,90.58,88.85,90.58,6,5,414693.62,88.79
2023-03-17,BRX3,91.56,91.56,88.5,88.5,9,9,623802.6,88.5
2023-03-17,BRZ3,88.99,90.96,88.95,89.1,12,12,831130.14,89.63
2023-03-17,CFM3,0.9279,0.9279,0.9212,0.9232,10,5,763868.36,0.9232
2023-03-17,CHM3,101600.0,103464.0,101480.0,102199.0,195,173,19994379.0,102056.0
2023-03-17,CNYRUBF,11.11,11.2,11.05,11.19,48784,3263,543551090.0,11.18
2023-03-17,CRH4,11.712,11.889,11.633,11.82,39,26,458602.0,11.82
2023-03-17,CRM3,11.239,11.319,11.196,11.303,2519337,61623,28326359257.0,11.31
2023-03-17,CRM4,11.877,12.6,11.271,11.964,362,102,4345032.0,12.069
2023-03-17,CRU3,11.372,11.472,11.356,11.461,3392,788,38733370.0,11.461
2023-03-17,CRZ3,11.555,11.677,11.55,11.655,65,36,756603.0,11.656
2023-03-17,CSM3,5715.0,5715.0,5715.0,5715.0,1,1,5715.0,5712.0
2023-03-17,CoJ3,9082.0,9082.5,9082.0,9082.5,2,2,140083.54,8704.0
2023-03-17,DXM3,12107.0,12201.0,12010.0,12082.0,43,21,427624.92,12092.0
2023-03-17,DXZ3,12001.0,12345.0,12001.0,12345.0,5,5,49765.44,12345.0
2023-03-17,EDM3,1.0595,1.0634,1.0576,1.0616,84436,23809,6909607620.93,1.0617
2023-03-17,EDU3,1.0598,1.0633,1.0587,1.0619,333,232,27238228.12,1.0616
2023-03-17,EURRUBF,81.44,82.19,80.9,82.04,5483,1586,447364210.0,82.05
2023-03-17,EuM3,81249.0,81975.0,80853.0,81842.0,125363,38707,10192555202.0,81868.0
2023-03-17,EuU3,81062.0,81909.0,80855.0,81853.0,2960,1077,240640386.0,81850.0
2023-03-17,EuZ3,82410.0,82599.0,82058.0,82599.0,19,18,1563063.0,82599.0
2023-03-17,FSM3,8951.0,9160.0,8951.0,9073.0,207,82,1882110.0,9073.0
2023-03-17,FVM3,14735.0,14950.0,14538.0,14802.0,1150,542,16899345.0,14797.0
2023-03-17,GDH3,1919.4,1919.4,1918.5,1919.3,9340,1101,1374581039.81,1919.4
2023-03-17,GDH4,1971.3,1995.0,1971.3,1995.0,60,32,9188926.62,1995.0
2023-03-17,GDM3,1923.1,1963.4,1920.6,1958.2,185692,50256,27841697941.47,1957.9
2023-03-17,GDU3,1932.6,1968.3,1928.3,1964.2,1251,926,188352916.44,1963.6
2023-03-17,GDZ3,1936.1,1975.0,1936.1,1970.7,166,115,25107437.42,1971.7
2023-03-17,GKM3,14684.0,14898.0,14627.0,14783.0,13206,6015,195573802.0,14775.0
2023-03-17,GKU3,14778.0,14915.0,14778.0,14861.0,13,13,193102.0,14831.0
2023-03-17,GUM3,1.2067,1.2176,1.2067,1.2176,6,6,561274.26,1.2176
2023-03-17,GZH4,17311.0,17586.0,17222.0,17448.0,11,7,192104.0,17479.0
2023-03-17,GZH5,18686.0,18686.0,18686.0,18686.0,1,1,18686.0,18686.0
2023-03-17,GZM3,16297.0,16771.0,16243.0,16645.0,98032,26704,1622722644.0,16630.0
2023-03-17,GZM4,17749.0,18129.0,17600.0,18129.0,70,35,1251236.0,18129.0
2023-03-17,GZU3,16285.0,16744.0,16285.0,16647.0,555,328,9130028.0,16620.0
2023-03-17,GZU4,17937.0,17938.0,17937.0,17938.0,3,3,53812.0,17938.0
2023-03-17,GZU5,19064.0,19300.0,19063.0,19300.0,8,6,153450.0,19198.0
2023-03-17,GZZ3,16835.0,17200.0,16835.0,17158.0,50,27,851964.0,17145.0
2023-03-17,GZZ4,18039.0,18039.0,18039.0,18039.0,1,1,18039.0,18215.0
2023-03-17,HKM3,9.827,9.891,9.818,9.87,102,28,1005563.0,9.87
2023-03-17,HKU3,9.998,10.343,9.998,10.343,49,12,497690.0,10.14
2023-03-17,HOH3,25700.0,25730.0,25630.0,25630.0,4,3,102790.0,25630.0
2023-03-17,HOM3,25800.0,25800.0,25500.0,25500.0,2,2,51300.0,25800.0
2023-03-17,HSH3,19392.0,19419.0,19317.0,19399.0,6065,1744,11488077.41,19400.0
2023-03-17,HSM3,20258.0,21172.0,20258.0,20697.0,8775,2075,17891051.12,20694.0
2023-03-17,HSU3,21447.0,21888.0,21447.0,21751.0,12,12,25424.54,21751.0
2023-03-17,HSZ3,22561.0,23519.0,22333.0,22889.0,42,24,94766.48,22889.0
2023-03-17,HYM3,7894.0,7974.0,7893.0,7948.0,359,83,2852676.0,7948.0
2023-03-17,IRM3,32392.0,32684.0,32200.0,32496.0,143,84,4635903.0,32564.0
2023-03-17,JPM3,133.5,134.82,133.5,134.0,122,22,9393549.34,134.0
2023-03-17,JPU3,135.0,135.0,135.0,135.0,1,1,77476.5,133.61
2023-03-17,LKM3,41432.0,42226.0,41405.0,41920.0,7900,4973,331401192.0,41971.0
2023-03-17,LKU3,40725.0,41162.0,40650.0,40650.0,48,37,1962326.0,40650.0
2023-03-17,LKZ3,40000.0,42601.0,39672.0,40996.0,38,32,1568372.0,40989.0
2023-03-17,MAM3,6881.0,6881.0,6881.0,6881.0,1,1,6881.0,6881.0
2023-03-17,MCM3,14001.0,14396.0,14000.0,14322.0,388,167,5539516.0,14383.0
2023-03-17,MEM3,11070.0,11359.0,11023.0,11193.0,8666,2265,97554174.0,11207.0
2023-03-17,MEU3,11198.0,11501.0,11198.0,11483.0,24,22,273986.0,11365.0
2023-03-17,MGM3,39952.0,40580.0,39331.0,39665.0,1265,782,50579908.0,39665.0
2023-03-17,MGU3,40967.0,40967.0,40967.0,40967.0,1,1,40967.0,40520.0
2023-03-17,MLM3,4938.0,5010.0,4914.0,4936.0,4881,792,24223280.0,4939.0
2023-03-17,MLU3,5055.0,5055.0,5055.0,5055.0,30,2,151650.0,5029.0
2023-03-17,MMH4,2425.0,2458.95,2401.35,2401.35,7,7,169713.5,2401.35
2023-03-17,MMH5,2547.55,2632.45,2547.55,2632.45,4,4,103669.0,2632.45
2023-03-17,MMM3,2268.55,2322.0,2268.55,2316.3,60033,19031,1383442911.5,2316.55
2023-03-17,MMM4,2466.45,2650.0,2424.65,2520.55,87,32,2178265.5,2518.0
2023-03-17,MMU3,2276.15,2327.45,2275.6,2327.45,361,279,8339349.0,2327.45
2023-03-17,MMU4,2440.0,2552.1,2440.0,2552.1,4,4,100427.5,2552.1
2023-03-17,MMU5,2666.25,2666.25,2624.0,2624.0,2,2,52902.5,2624.0
2023-03-17,MMZ3,2356.95,2387.05,2350.0,2387.05,9,9,212848.5,2387.05
2023-03-17,MMZ4,2600.45,2600.45,2600.45,2600.45,1,1,26004.5,2600.45
2023-03-17,MMZ5,2681.8,2681.8,2681.8,2681.8,1,1,26818.0,2681.8
2023-03-17,MNM3,4554.0,4589.0,4534.0,4558.0,5671,1891,25863498.0,4558.0
2023-03-17,MNU3,4624.0,4637.0,4624.0,4627.0,43,14,199038.0,4627.0
2023-03-17,MNZ3,4681.0,4681.0,4681.0,4681.0,1,1,4681.0,4681.0
2023-03-17,MTM3,24899.0,25135.0,24860.0,25044.0,390,193,9743693.0,25010.0
2023-03-17,MTU3,24451.0,24451.0,24001.0,24005.0,6,6,144791.0,24010.0
2023-03-17,MXH4,242975.0,242975.0,231200.0,231200.0,2,2,474175.0,242075.0
2023-03-17,MXM3,227375.0,232975.0,227375.0,231900.0,37657,22376,8704109850.0,231950.0
2023-03-17,MXU3,228000.0,232000.0,228000.0,232000.0,92,76,21237875.0,231925.0
2023-03-17,MXZ3,234975.0,238000.0,234625.0,234625.0,5,5,1183100.0,234625.0
2023-03-17,NAH3,12513.0,13066.0,12468.0,12583.0,45739,1841,444255754.22,12578.8
2023-03-17,NAM3,12377.0,12496.0,12259.0,12264.0,88664,9834,847529513.96,12279.0
2023-03-17,NAU3,12174.0,12237.0,12092.0,12100.0,280,155,2627012.62,12100.0
2023-03-17,NAZ3,12160.0,12219.0,12142.0,12217.0,41,29,384914.05,12217.0
2023-03-17,NGH3,2.56,2.584,2.425,2.435,870267,150706,16804891628.51,2.431
2023-03-17,NGJ3,2.747,2.766,2.629,2.639,84572,32251,1759681875.64,2.634
2023-03-17,NGK3,3.05,3.078,2.957,2.957,2340,1154,54577945.81,2.96
2023-03-17,NGM3,3.319,3.356,3.26,3.26,638,386,16310708.96,3.26
2023-03-17,NGN3,3.465,3.465,3.38,3.38,101,57,2668921.51,3.38
2023-03-17,NGQ3,3.56,3.595,3.463,3.471,70,34,1902803.05,3.533
2023-03-17,NKM3,104152.0,106640.0,104152.0,105450.0,975,740,103047409.0,105514.0
2023-03-17,NMM3,12474.0,12750.0,12444.0,12702.0,2283,1292,28952754.0,12704.0
2023-03-17,NMU3,12550.0,12938.0,12550.0,12613.0,13,12,165250.0,12613.0
2023-03-17,OGM3,5750.0,5792.0,5750.0,5792.0,2,2,11542.0,5788.0
2023-03-17,OZM3,16803.0,17262.0,16766.0,17213.0,1252,521,21426201.0,17211.0
2023-03-17,PDH3,1452.02,1455.99,1350.0,1454.96,260,90,28929874.61,1455.0
2023-03-17,PDM3,1506.22,1550.0,1492.28,1500.0,859,383,100668277.85,1507.0
2023-03-17,PDU3,1596.75,1596.75,1557.0,1557.0,3,3,365380.56,1557.0
2023-03-17,PHM3,6729.0,6846.0,6692.0,6755.0,1434,227,9694704.0,6755.0
2023-03-17,PIM3,6244.0,6316.0,6237.0,6310.0,412,80,2589634.0,6302.0
2023-03-17,POM3,5435.0,5566.0,5414.0,5542.0,22450,4047,123619331.0,5536.0
2023-03-17,POU3,5591.0,5658.0,5586.0,5634.0,24,17,135066.0,5634.0
2023-03-17,PSM3,1708.0,1761.0,1693.0,1712.0,2621,295,4495628.0,1707.0
2023-03-17,PSU3,1726.0,1730.0,1725.0,1725.0,4,3,6911.0,1725.0
2023-03-17,PTH3,971.2,972.9,971.2,971.9,263,43,19600532.68,972.0
2023-03-17,PTM3,999.0,1021.1,999.0,1000.0,1029,447,80275114.55,1000.0
2023-03-17,PTU3,1038.3,1038.3,1038.3,1038.3,1,1,80072.97,1036.5
2023-03-17,PZM3,92488.0,94967.0,92488.0,94876.0,1347,882,126481763.0,94695.0
2023-03-17,PZU3,94896.0,94896.0,94896.0,94896.0,1,1,94896.0,94896.0
2023-03-17,RIH4,97290.0,97560.0,96200.0,96200.0,4,4,598987.16,96200.0
2023-03-17,RIM3,94550.0,96830.0,94400.0,95510.0,146392,88497,21613351430.92,95510.0
2023-03-17,RIM4,96100.0,96100.0,96100.0,96100.0,1,1,148223.68,96100.0
2023-03-17,RIU3,94850.0,96910.0,94850.0,95700.0,188,181,27783024.77,95740.0
2023-03-17,RIU4,98610.0,98610.0,98610.0,98610.0,2,2,304190.16,100060.0
2023-03-17,RIZ3,94510.0,96570.0,94510.0,95620.0,10,10,1481481.0,95620.0
2023-03-17,RIZ4,101510.0,101510.0,101510.0,101510.0,2,2,313136.02,103080.0
2023-03-17,RLM3,4066.0,4438.0,3966.0,4057.0,3658,529,14969675.0,4060.0
2023-03-17,RLU3,4253.0,4253.0,4253.0,4253.0,1,1,4253.0,4160.0
2023-03-17,RMH4,962.0,962.0,962.0,962.0,1,1,14837.75,962.0
2023-03-17,RMM3,947.5,967.5,946.0,955.0,29515,7819,435958931.69,955.0
2023-03-17,RMU3,959.5,968.5,952.0,956.5,167,73,2475467.75,956.5
2023-03-17,RMZ3,975.5,975.5,975.5,975.5,1,1,15045.98,975.5
2023-03-17,RNM3,35950.0,36855.0,35950.0,36661.0,5103,2546,186790756.0,36686.0
2023-03-17,RNM4,36940.0,36941.0,36940.0,36941.0,2,2,73881.0,36941.0
2023-03-17,RNU3,36802.0,36804.0,36682.0,36682.0,4,4,147091.0,36682.0
2023-03-17,RNZ3,36400.0,36400.0,36399.0,36399.0,2,2,72799.0,36399.0
2023-03-17,RNZ4,37596.0,37596.0,37596.0,37596.0,1,1,37596.0,37596.0
2023-03-17,RTM3,5930.0,6124.0,5930.0,6046.0,1033,500,6225862.0,6094.0
2023-03-17,RTU3,6044.0,6044.0,6044.0,6044.0,5,4,30209.0,6189.0
2023-03-17,SAK3,33.06,34.85,33.06,34.85,4,4,139273.28,34.85
2023-03-17,SEM3,1447.0,1471.0,1447.0,1456.0,141,11,204610.0,1458.0
2023-03-17,SFH3,393.59,396.4,393.03,396.06,133182,5502,4065608664.27,395.96
2023-03-17,SFH4,393.0,393.0,393.0,393.0,1,1,30307.77,391.84
2023-03-17,SFM3,395.29,398.64,391.79,392.0,147409,24178,4500794867.56,392.04
2023-03-17,SFU3,391.55,394.83,389.46,389.68,1300,699,39316513.0,389.65
2023-03-17,SFZ3,393.0,394.5,386.86,392.4,93,50,2818657.12,392.4
2023-03-17,SGM3,28404.0,29200.0,28404.0,29138.0,376,260,10849880.0,29160.0
2023-03-17,SGU3,28402.0,29099.0,28402.0,29099.0,4,3,115002.0,29099.0
2023-03-17,SNM3,22625.0,23076.0,22519.0,23000.0,2591,1058,59326115.0,22982.0
2023-03-17,SOM3,4458.0,4595.0,4453.0,4595.0,516,113,2339945.0,4581.0
2023-03-17,SPM3,17461.0,18616.0,17331.0,17510.0,44665,21847,794386143.0,17523.0
2023-03-17,SPU3,17604.0,18255.0,17433.0,17690.0,858,388,15304347.0,17690.0
2023-03-17,SRH4,18588.0,18876.0,18219.0,18876.0,111,69,2073489.0,18776.0
2023-03-17,SRM3,17774.0,18554.0,17360.0,17560.0,1184101,236110,21247943802.0,17560.0
2023-03-17,SRU3,17412.0,18101.0,17400.0,17779.0,36513,11896,651521698.0,17779.0
2023-03-17,SRZ3,17778.0,18499.0,17766.0,18375.0,1045,571,19050285.0,18285.0
2023-03-17,SSM3,2543.0,2650.0,2523.0,2528.0,1428,196,3644243.0,2528.0
2023-03-17,SSU3,2601.0,2601.0,2600.0,2600.0,11,3,28601.0,2578.0
2023-03-17,SVH3,22.02,22.03,22.01,22.01,6724,431,113519786.28,22.01
2023-03-17,SVH4,23.9,24.75,23.85,24.75,53,17,999581.94,24.75
2023-03-17,SVM3,22.05,22.76,22.0,22.61,76088,13779,1315182436.84,22.58
2023-03-17,SVU3,22.34,23.05,22.34,22.91,2318,979,40661767.82,22.91
2023-03-17,SVZ3,23.24,23.8,22.98,23.79,274,102,4964917.55,23.75
2023-03-17,SXH3,4154.9,4179.9,4113.8,4179.9,1109,31,3775532.52,4178.0
2023-03-17,SXM3,4000.0,4075.5,4000.0,4028.7,280,39,923231.17,4025.6
2023-03-17,SXZ3,4001.0,4029.0,3899.6,3910.0,11,7,35954.25,3979.6
2023-03-17,SiH4,79100.0,79200.0,78000.0,78524.0,181,110,14170032.0,78524.0
2023-03-17,SiH5,83774.0,84600.0,83774.0,84600.0,3,3,252879.0,84600.0
2023-03-17,SiM3,76400.0,76963.0,75965.0,76795.0,1618591,267260,123704658926.0,76853.0
2023-03-17,SiM4,80813.0,80862.0,79671.0,80079.0,44,39,3529317.0,80079.0
2023-03-17,SiU3,76691.0,77257.0,76350.0,77142.0,4600,2748,352976029.0,77157.0
2023-03-17,SiU4,82211.0,82211.0,81407.0,82000.0,26,23,2127166.0,82000.0
2023-03-17,SiZ3,77501.0,77917.0,77051.0,77869.0,491,344,37990621.0,77917.0
2023-03-17,SiZ4,82500.0,82500.0,82500.0,82500.0,1,1,82500.0,82500.0
2023-03-17,TIM3,24817.0,25704.0,24817.0,25512.0,775,487,19628450.0,25483.0
2023-03-17,TIU3,25389.0,25389.0,25389.0,25389.0,1,1,25389.0,25653.0
2023-03-17,TNM3,95490.0,100820.0,95490.0,97900.0,23,22,2271631.0,97900.0
2023-03-17,TRM3,19.5,19.5,19.5,19.5,3,1,235953.9,19.5
2023-03-17,TTM3,34260.0,35480.0,34188.0,35331.0,1953,1102,67825266.0,35363.0
2023-03-17,TTU3,34814.0,35340.0,34279.0,34279.0,11,10,384304.0,34470.0
2023-03-17,TYH4,3.849,3.852,3.849,3.852,4,2,15405.0,3.648
2023-03-17,TYM3,3.997,4.262,3.897,4.043,1292,274,5187506.0,4.043
2023-03-17,UCM3,6.818,6.833,6.777,6.817,6901,2997,525657599.94,6.817
2023-03-17,USDRUBF,76.78,77.19,76.39,77.1,30899,8190,2370399870.0,77.12
2023-03-17,VBM3,1678.0,1715.0,1670.0,1697.0,108798,13662,184428041.0,1698.0
2023-03-17,VBU3,1707.0,1730.0,1700.0,1724.0,655,225,1125096.0,1720.0
2023-03-17,VBZ3,1749.0,1751.0,1749.0,1751.0,13,2,22761.0,1753.0
2023-03-17,VIJ3,36.1,36.1,33.4,34.9,32,22,173009.45,34.9
2023-03-17,W4G4,14540.0,15730.0,14540.0,15730.0,10,4,151350.0,15730.0
2023-03-17,W4H3,14210.0,14410.0,14050.0,14210.0,85,43,1211510.0,14210.0
2023-03-17,W4J3,14250.0,14260.0,14250.0,14260.0,6,3,85550.0,14270.0
2023-03-17,W4K3,14270.0,14270.0,14250.0,14250.0,4,3,57030.0,14280.0
2023-03-17,W4M3,14570.0,14580.0,14570.0,14580.0,10,2,145790.0,14500.0
2023-03-17,W4V3,14430.0,14430.0,14430.0,14430.0,1,1,14430.0,14430.0
2023-03-17,YNM3,18840.0,19286.0,18840.0,19206.0,8270,4056,158100449.0,19208.0
2023-03-17,YNU3,19240.0,19717.0,19240.0,19590.0,317,177,6181483.0,19591.0
2023-03-20,AFM3,2887.0,2996.0,2886.0,2954.0,15595,1797,45962098.0,2949.0
2023-03-20,AFU3,2929.0,3025.0,2920.0,2979.0,116,43,346424.0,2989.0
2023-03-20,AFZ3,3026.0,3065.0,3026.0,3065.0,33,5,100649.0,3049.0
2023-03-20,AKM3,13516.0,13997.0,13479.0,13990.0,827,226,11377778.0,13934.0
2023-03-20,AKU3,13806.0,13806.0,13806.0,13806.0,2,1,27612.0,13806.0
2023-03-20,ALM3,6212.0,6434.0,6202.0,6410.0,10581,2159,67143173.0,6390.0
2023-03-20,ALU3,6301.0,6436.0,6301.0,6399.0,61,34,390249.0,6398.0
2023-03-20,ALZ3,6462.0,7301.0,6458.0,6458.0,8,7,52983.0,6574.0
2023-03-20,AUM3,0.685,0.685,0.67,0.67,3,3,156234.27,0.6716
2023-03-20,BRF4,92.5,92.5,91.0,91.15,5,5,352920.08,90.85
2023-03-20,BRH4,93.0,93.0,93.0,93.0,20,12,1433412.8,93.0
2023-03-20,BRJ3,73.7,75.25,71.54,73.32,658077,194966,37050017333.72,73.3
2023-03-20,BRK3,74.92,76.12,72.3,74.28,49291,33356,2806434665.84,74.25
2023-03-20,BRM3,78.42,79.03,75.07,76.91,3951,2377,233556069.52,76.91
2023-03-20,BRN3,81.26,81.44,77.92,80.09,291,251,17809705.96,79.9
2023-03-20,BRQ3,83.77,83.77,79.54,81.9,56,51,3494937.66,81.9
2023-03-20,BRU3,86.84,86.84,83.52,85.13,47,23,3070146.49,85.1
2023-03-20,BRV3,87.88,88.0,87.0,87.76,16,14,1080477.22,87.76
2023-03-20,BRX3,89.1,99.0,87.32,89.86,30,24,2103879.98,89.86
2023-03-20,BRZ3,91.06,91.06,86.77,89.9,52,45,3535735.99,89.9
2023-03-20,CAM3,1.35,1.3736,1.31,1.3736,11,6,835266.51,1.3701
2023-03-20,CAU3,1.3101,1.3101,1.31,1.31,7,2,515746.74,1.3498
2023-03-20,CFM3,0.93,0.9334,0.9228,0.923,30,9,2316917.16,0.923
2023-03-20,CFU3,0.933,0.933,0.933,0.933,10,1,775497.5,0.9189
2023-03-20,CHM3,102198.0,104642.0,101998.0,104542.0,188,163,19447922.0,104560.0
2023-03-20,CNYRUBF,11.19,11.32,11.12,11.19,72389,3630,811560420.0,11.19
2023-03-20,CRH4,11.887,12.36,11.887,11.941,219,35,2669569.0,11.941
2023-03-20,CRM3,11.3,11.436,11.247,11.324,2013884,77790,22814333072.0,11.321
2023-03-20,CRM4,12.187,12.187,12.187,12.187,1,1,12187.0,12.094
2023-03-20,CRU3,11.451,11.586,11.4,11.476,7021,1812,80637822.0,11.473
2023-03-20,CRU4,12.107,12.107,12.107,12.107,2,2,24214.0,12.288
2023-03-20,CRZ3,11.893,11.893,11.473,11.631,101,58,1177016.0,11.631
2023-03-20,CoJ3,9032.5,9032.5,8465.5,8465.5,2,2,134848.69,8704.0
2023-03-20,DXM3,12189.0,12190.0,12033.0,12142.0,78,34,781343.64,12137.0
2023-03-20,EDM3,1.062,1.0661,1.0594,1.0642,151962,25948,12451569556.66,1.0641
2023-03-20,EDU3,1.0628,1.0659,1.0592,1.0641,284,262,23267702.3,1.0641
2023-03-20,EURRUBF,82.27,82.78,82.05,82.56,2688,1457,221470320.0,82.55
2023-03-20,EuH4,85017.0,87501.0,84297.0,84897.0,10,10,859851.0,84897.0
2023-03-20,EuM3,81916.0,82690.0,81750.0,82386.0,125261,38247,10292535339.0,82376.0
2023-03-20,EuU3,81929.0,82607.0,81770.0,82377.0,2612,803,214793523.0,82377.0
2023-03-20,EuZ3,83000.0,83400.0,83000.0,83034.0,4,4,332574.0,83034.0
2023-03-20,FNM3,7094.0,7399.0,6556.0,7396.0,16,12,110454.0,6978.0
2023-03-20,FSM3,9092.0,9319.0,9076.0,9319.0,363,55,3356114.0,9255.0
2023-03-20,FVM3,14829.0,14900.0,14666.0,14888.0,766,309,11340800.0,14817.0
2023-03-20,GDH4,1989.8,2054.9,1989.7,2027.3,172,86,27028992.84,2027.3
2023-03-20,GDM3,1959.5,2015.5,1955.7,1986.6,302110,91332,46338111541.01,1985.6
2023-03-20,GDU3,1965.1,2021.1,1961.7,1993.2,2702,1960,415470160.5,1992.4
2023-03-20,GDZ3,1961.3,2035.1,1961.3,2000.0,313,221,48456594.02,2001.8
2023-03-20,GKM3,14782.0,15249.0,14642.0,15156.0,14829,5639,222428043.0,15147.0
2023-03-20,GKU3,14861.0,15129.0,14611.0,15113.0,54,47,807534.0,15107.0
2023-03-20,GUM3,1.2243,1.2244,1.2184,1.2239,9,8,847670.96,1.2245
2023-03-20,GZH4,17798.0,18560.0,17798.0,18560.0,48,30,879812.0,18560.0
2023-03-20,GZH5,18643.0,21041.0,16662.0,19990.0,61,34,1152904.0,19990.0
2023-03-20,GZM3,16629.0,17772.0,16608.0,17645.0,202644,43337,3520707361.0,17678.0
2023-03-20,GZM4,18127.0,19800.0,18127.0,19033.0,401,150,7536445.0,19033.0
2023-03-20,GZM5,20020.0,20020.0,20020.0,20020.0,1,1,20020.0,20020.0
2023-03-20,GZU3,16646.0,17560.0,16602.0,17400.0,2333,1142,40016489.0,17450.0
2023-03-20,GZU4,18358.0,18991.0,18130.0,18991.0,9,9,167245.0,18991.0
2023-03-20,GZU5,18985.0,19700.0,18985.0,19618.0,29,21,567643.0,19599.0
2023-03-20,GZZ3,17076.0,18113.0,17076.0,17890.0,76,58,1339845.0,17890.0
2023-03-20,GZZ4,18912.0,19117.0,18912.0,19102.0,9,9,171128.0,19143.0
2023-03-20,HKM3,9.849,9.946,9.849,9.935,306,52,3023387.0,9.935
2023-03-20,HKU3,10.123,10.478,10.123,10.237,13,9,133024.0,10.237
2023-03-20,HOH3,25590.0,25590.0,25590.0,25590.0,1,1,25590.0,25610.0
2023-03-20,HOM3,25790.0,25790.0,25790.0,25790.0,1,1,25790.0,25800.0
2023-03-20,HSM3,20680.0,20962.0,20102.0,20499.0,5384,755,10833377.83,20497.0
2023-03-20,HSU3,21592.0,21996.0,21300.0,21690.0,14,14,29687.83,21690.0
2023-03-20,HSZ3,23330.0,23330.0,22777.0,23321.0,7,6,15840.1,22558.0
2023-03-20,HYM3,7950.0,8042.0,7864.0,7987.0,684,137,5457671.0,7992.0
2023-03-20,IRM3,32649.0,33908.0,32644.0,33774.0,356,176,11882230.0,33630.0
2023-03-20,JPM3,133.73,134.8,132.38,132.49,74,52,5752041.35,133.81
2023-03-20,LKM3,41987.0,43238.0,41740.0,43101.0,8202,4854,348542018.0,43069.0
2023-03-20,LKU3,40650.0,41661.0,40650.0,41661.0,71,64,2915392.0,41619.0
2023-03-20,LKZ3,40799.0,43501.0,39699.0,42167.0,67,52,2786644.0,42167.0
2023-03-20,MAM3,6894.0,6894.0,6622.0,6880.0,8,8,54063.0,6879.0
2023-03-20,MCM3,14324.0,14708.0,14257.0,14600.0,586,179,8489590.0,14657.0
2023-03-20,MEM3,11193.0,11351.0,11100.0,11263.0,5749,1976,64543120.0,11263.0
2023-03-20,MEU3,11461.0,11461.0,11290.0,11421.0,16,15,182198.0,11421.0
2023-03-20,MGM3,39703.0,40350.0,39484.0,39928.0,1327,740,52958455.0,39975.0
2023-03-20,MGU3,40432.0,40601.0,40432.0,40601.0,2,2,81033.0,40601.0
2023-03-20,MLM3,4947.0,4974.0,4859.0,4925.0,4180,803,20543229.0,4902.0
2023-03-20,MLU3,5000.0,5014.0,4950.0,4985.0,43,11,214084.0,4985.0
2023-03-20,MMH4,2459.1,2710.05,2459.1,2540.0,88,33,2283628.5,2540.0
2023-03-20,MMH5,2590.0,2805.6,2567.4,2621.3,17,16,445381.5,2621.3
2023-03-20,MMM3,2316.6,2388.05,2306.0,2383.55,58930,17263,1385382783.5,2383.7
2023-03-20,MMM4,2519.95,2740.05,2502.1,2587.45,180,59,4747180.5,2587.45
2023-03-20,MMM6,2563.15,2563.15,2533.35,2533.35,2,2,50965.0,3101.25
2023-03-20,MMU3,2329.0,2400.0,2325.75,2400.0,565,443,13269922.5,2400.0
2023-03-20,MMU4,2580.4,2580.4,2580.4,2580.4,1,1,25804.0,2580.4
2023-03-20,MMU5,2679.6,2679.65,2671.05,2679.65,6,5,160691.0,2679.65
2023-03-20,MMZ3,2390.1,2444.55,2382.0,2444.55,18,15,432446.5,2444.55
2023-03-20,MMZ4,2600.0,2600.0,2550.0,2600.0,3,3,77500.0,2600.95
2023-03-20,MNM3,4559.0,4610.0,4536.0,4602.0,10126,2339,46387349.0,4598.0
2023-03-20,MNU3,4614.0,4635.0,4580.0,4600.0,123,35,567927.0,4600.0
2023-03-20,MTM3,25023.0,25660.0,24985.0,25649.0,525,275,13308634.0,25645.0
2023-03-20,MTU3,24018.0,24264.0,24000.0,24264.0,5,3,120282.0,24393.0
2023-03-20,MXM3,231950.0,238875.0,230750.0,238400.0,29455,18214,6929748875.0,238450.0
2023-03-20,MXU3,231875.0,238950.0,231800.0,238950.0,165,154,38826800.0,238750.0
2023-03-20,MXZ3,239625.0,240550.0,239625.0,240500.0,9,9,2163275.0,240525.0
2023-03-20,NAM3,12289.0,12407.0,12226.0,12360.0,65001,9484,617251728.53,12360.0
2023-03-20,NAU3,12100.0,12197.0,11871.0,12067.0,536,185,4982857.79,12067.0
2023-03-20,NAZ3,12282.0,12287.0,11910.0,12050.0,33,29,307834.6,12050.0
2023-03-20,NGH3,2.438,2.469,2.31,2.315,1169743,200692,21639935095.69,2.317
2023-03-20,NGJ3,2.648,2.671,2.54,2.543,171629,62591,3458579434.74,2.542
2023-03-20,NGK3,2.977,3.0,2.856,2.865,3951,2001,89591053.29,2.867
2023-03-20,NGM3,3.26,3.338,3.118,3.144,3218,1306,80146637.27,3.142
2023-03-20,NGN3,3.407,3.42,3.3,3.3,175,97,4510187.12,3.3
2023-03-20,NGQ3,3.486,3.52,3.397,3.397,99,83,2622721.4,3.397
2023-03-20,NKM3,105485.0,108169.0,104056.0,108169.0,833,640,88740022.0,107999.0
2023-03-20,NKU3,108964.0,108964.0,108964.0,108964.0,1,1,108964.0,108964.0
2023-03-20,NMM3,12732.0,12949.0,12623.0,12949.0,1671,770,21313854.0,12855.0
2023-03-20,NMU3,12800.0,12800.0,12800.0,12800.0,2,1,25600.0,12800.0
2023-03-20,OGM3,5796.0,5898.0,5700.0,5792.0,27,21,156860.0,5840.0
2023-03-20,OZM3,17242.0,17299.0,16951.0,17125.0,772,388,13223817.0,17070.0
2023-03-20,PDM3,1494.01,1509.99,1480.0,1492.48,886,389,101975825.51,1492.47
2023-03-20,PDU3,1559.63,1576.19,1559.63,1576.19,3,3,362406.64,1562.47
2023-03-20,PHM3,6749.0,6919.0,6748.0,6899.0,1119,195,7668478.0,6879.0
2023-03-20,PIM3,6284.0,6464.0,6278.0,6388.0,560,163,3563892.0,6377.0
2023-03-20,POM3,5543.0,5719.0,5515.0,5598.0,21316,4488,120154422.0,5615.0
2023-03-20,POU3,5680.0,5792.0,5676.0,5708.0,148,50,854179.0,5717.0
2023-03-20,PSM3,1707.0,1720.0,1671.0,1690.0,2760,244,4691848.0,1693.0
2023-03-20,PTM3,1004.9,1029.6,995.9,1015.0,995,528,77237917.82,1015.0
2023-03-20,PTU3,1031.0,1055.0,1031.0,1055.0,2,2,160758.01,1043.7
2023-03-20,PTZ3,1086.7,1086.7,1086.7,1086.7,1,1,83746.75,1070.4
2023-03-20,PZM3,94652.0,97349.0,94652.0,95021.0,1243,885,119521805.0,95280.0
2023-03-20,PZU3,97080.0,97080.0,97080.0,97080.0,1,1,97080.0,97080.0
2023-03-20,RBM3,12651.0,12651.0,12651.0,12651.0,3,1,37953.0,12651.0
2023-03-20,RIM3,95470.0,98130.0,94840.0,97710.0,132126,76274,19677396136.37,97650.0
2023-03-20,RIU3,96080.0,98290.0,95300.0,97860.0,232,228,34632379.14,97860.0
2023-03-20,RIZ3,97220.0,97750.0,96390.0,97750.0,15,15,2242036.64,97750.0
2023-03-20,RLM3,4075.0,4187.0,4051.0,4148.0,1014,203,4170159.0,4148.0
2023-03-20,RLU3,4205.0,4234.0,4205.0,4234.0,6,4,25260.0,4234.0
2023-03-20,RMM3,956.0,981.0,948.0,976.5,28586,8082,425693570.12,976.0
2023-03-20,RMU3,961.0,984.0,955.0,981.0,188,99,2805535.38,980.5
2023-03-20,RMZ3,973.0,980.0,973.0,980.0,2,2,30101.67,980.0
2023-03-20,RNM3,36689.0,37987.0,36441.0,37958.0,5171,2383,193319783.0,37870.0
2023-03-20,RNM4,37404.0,37811.0,36161.0,37250.0,5,5,186209.0,37250.0
2023-03-20,RNU3,36341.0,37627.0,36340.0,37349.0,15,15,557117.0,37501.0
2023-03-20,RNU4,38198.0,38199.0,38188.0,38199.0,6,6,229179.0,38199.0
2023-03-20,RNZ3,36900.0,37677.0,36900.0,37677.0,2,2,74577.0,37677.0
2023-03-20,RNZ4,38787.0,38787.0,38051.0,38051.0,3,3,115625.0,38051.0
2023-03-20,RTM3,6065.0,6165.0,6059.0,6144.0,972,248,5953300.0,6144.0
2023-03-20,SAK3,34.87,34.88,34.87,34.88,2,2,70866.0,34.95
2023-03-20,SEM3,1460.0,1515.0,1460.0,1515.0,54,6,81673.0,1513.0
2023-03-20,SFH4,399.99,399.99,385.0,389.4,6,6,180824.55,390.0
2023-03-20,SFM3,392.31,395.91,387.7,394.78,156752,23457,4735003028.34,394.8
2023-03-20,SFU3,391.5,393.14,386.0,392.41,1925,1002,57729513.28,392.24
2023-03-20,SFZ3,391.0,392.0,387.81,392.0,70,45,2104028.64,392.01
2023-03-20,SGM3,29155.0,29979.0,28818.0,29923.0,525,389,15458823.0,29942.0
2023-03-20,SLJ3,84.18,85.98,84.18,85.85,5,5,42606.0,84.3
2023-03-20,SLM3,91.45,91.45,77.4,77.4,4,2,33770.0,88.74
2023-03-20,SNM3,22986.0,23699.0,22925.0,23675.0,3198,1295,74511216.0,23634.0
2023-03-20,SNU3,23379.0,23387.0,23379.0,23387.0,2,2,46766.0,23387.0
2023-03-20,SOM3,4593.0,4689.0,4564.0,4668.0,540,138,2502685.0,4669.0
2023-03-20,SPM3,17547.0,18371.0,17530.0,18216.0,18812,8779,340472543.0,18222.0
2023-03-20,SPU3,17756.0,18404.0,17756.0,18317.0,362,177,6605688.0,18317.0
2023-03-20,SRH4,18785.0,19500.0,18785.0,19440.0,92,54,1769589.0,19440.0
2023-03-20,SRM3,17575.0,18380.0,17530.0,18233.0,410862,99167,7452188894.0,18224.0
2023-03-20,SRU3,17783.0,18600.0,17756.0,18420.0,16214,6112,297184919.0,18431.0
2023-03-20,SRZ3,18345.0,19185.0,18256.0,18904.0,709,398,13300237.0,18905.0
2023-03-20,SSM3,2533.0,2550.0,2509.0,2540.0,1082,111,2748263.0,2540.0
2023-03-20,SVH4,24.79,24.8,23.28,23.51,217,77,4014842.35,23.51
2023-03-20,SVM3,22.63,23.2,22.48,22.87,121358,23037,2140167784.18,22.88
2023-03-20,SVU3,22.96,23.48,22.81,23.21,3401,1381,60810678.08,23.21
2023-03-20,SVZ3,23.62,24.04,23.2,23.6,284,127,5187197.08,23.56
2023-03-20,SXM3,4008.9,4055.0,3989.0,4051.0,554,64,1840797.44,4051.0
2023-03-20,SXU3,4032.0,4032.0,4029.3,4029.3,5,3,16639.87,4029.3
2023-03-20,SXZ3,4056.9,4056.9,4039.6,4039.6,5,3,16702.01,4029.0
2023-03-20,SiH4,78501.0,80192.0,78500.0,78870.0,54,38,4279223.0,78870.0
2023-03-20,SiH5,84751.0,84751.0,84111.0,84111.0,8,6,677336.0,84149.0
2023-03-20,SiM3,76770.0,77633.0,76520.0,77254.0,1245286,281253,96028180245.0,77247.0
2023-03-20,SiM4,80393.0,80689.0,79671.0,80220.0,40,33,3201888.0,80220.0
2023-03-20,SiU3,77103.0,78000.0,76800.0,77487.0,7810,4931,603712296.0,77484.0
2023-03-20,SiU4,82000.0,82948.0,81500.0,82051.0,19,19,1559460.0,82051.0
2023-03-20,SiZ3,77889.0,78980.0,77552.0,78215.0,283,211,22137461.0,78214.0
2023-03-20,SiZ4,82000.0,83000.0,82000.0,83000.0,4,4,330500.0,83000.0
2023-03-20,TIM3,25596.0,25937.0,25237.0,25702.0,732,466,18709410.0,25667.0
2023-03-20,TIU3,25887.0,25887.0,25887.0,25887.0,2,2,51774.0,25887.0
2023-03-20,TNM3,98900.0,104929.0,98032.0,104410.0,22,22,2233660.0,104410.0
2023-03-20,TTM3,35303.0,36232.0,35228.0,36231.0,2751,1331,98103822.0,36054.0
2023-03-20,TTU3,35159.0,36240.0,35159.0,35968.0,18,18,639021.0,36000.0
2023-03-20,TYM3,4.048,4.068,4.0,4.06,70,25,282553.0,4.06
2023-03-20,UCM3,6.814,6.841,6.791,6.841,8685,3293,662397201.42,6.84
2023-03-20,USDRUBF,77.07,77.82,76.61,77.18,28599,7704,2208605660.0,77.07
2023-03-20,VBM3,1698.0,1952.0,1692.0,1930.0,627847,36147,1163004893.0,1934.0
2023-03-20,VBU3,1720.0,1950.0,1720.0,1930.0,7461,1654,13791829.0,1929.0
2023-03-20,VBZ3,1777.0,1972.0,1777.0,1972.0,78,35,147735.0,1972.0
2023-03-20,VIJ3,34.2,34.2,33.95,34.0,19,13,99691.54,34.2
2023-03-20,W4H3,14220.0,14220.0,14000.0,14090.0,23,22,324060.0,14090.0
2023-03-20,W4J3,14100.0,14140.0,14100.0,14140.0,2,2,28240.0,14140.0
2023-03-20,W4M3,14200.0,14450.0,14200.0,14450.0,2,2,28650.0,14450.0
2023-03-20,YNM3,19198.0,19520.0,19161.0,19519.0,7389,3235,143116951.0,19428.0
2023-03-20,YNU3,19594.0,19903.0,19573.0,19890.0,203,150,4005611.0,19818.0
2023-03-21,AFM3,2954.0,2969.0,2878.0,2885.0,5193,1100,15222396.0,2882.0
2023-03-21,AFU3,2983.0,3016.0,2930.0,2937.0,356,94,1065320.0,2934.0
2023-03-21,AKM3,14018.0,14451.0,13790.0,13850.0,2636,791,37029872.0,13888.0
2023-03-21,AKU3,14513.0,14513.0,14420.0,14420.0,2,2,28933.0,14150.0
2023-03-21,ALM3,6393.0,6716.0,6378.0,6566.0,19129,3875,125808489.0,6597.0
2023-03-21,ALU3,6395.0,6693.0,6385.0,6597.0,138,77,912232.0,6597.0
2023-03-21,ALZ3,6611.0,6807.0,6611.0,6801.0,20,13,133549.0,6801.0
2023-03-21,BRF4,90.6,90.75,90.09,90.09,9,9,625976.59,90.09
2023-03-21,BRG4,90.47,90.47,90.47,90.47,1,1,69470.19,90.47
2023-03-21,BRH4,94.0,94.0,91.19,92.1,3,3,212925.72,92.1
2023-03-21,BRJ3,73.22,75.52,72.7,74.76,454396,126939,25954463942.21,74.6
2023-03-21,BRK3,74.12,76.2,73.7,75.65,25851,15750,1495191096.0,75.5
2023-03-21,BRM3,76.8,78.52,76.44,77.9,1582,909,94613297.9,77.93
2023-03-21,BRN3,79.67,80.96,79.48,80.0,225,142,13897532.56,79.95
2023-03-21,BRQ3,81.91,83.07,81.9,83.07,12,11,758635.71,82.47
2023-03-21,BRU3,84.33,85.99,84.33,85.0,3,3,196055.38,85.0
2023-03-21,BRV3,87.0,87.4,87.0,87.4,6,5,402369.65,87.4
2023-03-21,BRX3,89.27,90.39,89.27,90.0,6,6,414125.91,89.8
2023-03-21,BRZ3,88.0,89.79,88.0,89.79,4,4,273411.71,89.79
2023-03-21,CFM3,0.925,0.925,0.925,0.925,6,2,460178.28,0.923
2023-03-21,CHM3,104507.0,104999.0,103102.0,103227.0,109,107,11350685.0,103324.0
2023-03-21,CNYRUBF,11.21,11.25,11.14,11.16,30207,1500,337460700.0,11.16
2023-03-21,CRH4,12.015,12.5,11.901,11.95,267,44,3208725.0,11.95
2023-03-21,CRM3,11.318,11.368,11.251,11.272,1309321,46538,14781483824.0,11.274
2023-03-21,CRM4,12.145,12.398,12.145,12.398,22,6,271967.0,12.22
2023-03-21,CRU3,11.477,11.522,11.403,11.433,4651,1520,53234530.0,11.428
2023-03-21,CRZ3,11.688,11.707,11.5,11.63,64,25,743416.0,11.62
2023-03-21,CSM3,5751.0,5751.0,5751.0,5751.0,1,1,5751.0,5749.0
2023-03-21,CoJ3,9298.0,9298.0,9298.0,9298.0,1,1,71397.67,8704.0
2023-03-21,DXM3,12227.0,12372.0,12227.0,12254.0,25,13,253245.47,12256.0
2023-03-21,EDM3,1.0643,1.0689,1.0635,1.0678,98937,17634,8106815986.67,1.0677
2023-03-21,EDU3,1.0635,1.0685,1.063,1.0678,262,178,21441571.73,1.0676
2023-03-21,EURRUBF,82.63,82.79,82.16,82.55,2255,1223,185961700.0,82.67
2023-03-21,EuH4,84155.0,84155.0,84141.0,84141.0,2,2,168296.0,84306.0
2023-03-21,EuM3,82397.0,82589.0,81833.0,82213.0,92232,31943,7577293727.0,82216.0
2023-03-21,EuU3,82406.0,82522.0,81911.0,82181.0,1667,736,137013833.0,82150.0
2023-03-21,EuZ3,82900.0,83099.0,81868.0,81868.0,5,5,413647.0,81904.0
2023-03-21,FSM3,9320.0,9415.0,9262.0,9271.0,196,62,1831581.0,9271.0
2023-03-21,FVM3,14945.0,15110.0,14672.0,14777.0,824,387,12277009.0,14858.0
2023-03-21,GDH4,2040.7,2043.1,2009.5,2009.5,44,33,6848392.75,2009.5
2023-03-21,GDM3,1987.3,1996.0,1960.2,1966.0,173891,50202,26373262314.0,1965.7
2023-03-21,GDU3,1994.0,2002.0,1966.8,1972.8,2085,1442,317162757.93,1972.3
2023-03-21,GDZ3,2005.0,2011.8,1978.0,1981.0,75,53,11475290.44,1981.0
2023-03-21,GKM3,15196.0,15288.0,14944.0,15000.0,12922,5069,194915706.0,15009.0
2023-03-21,GKU3,15113.0,15146.0,14951.0,14984.0,71,33,1068372.0,14984.0
2023-03-21,GUM3,1.2237,1.2282,1.2226,1.224,5,5,470142.81,1.224
2023-03-21,GZH4,18655.0,19701.0,18388.0,18498.0,108,42,2028714.0,18493.0
2023-03-21,GZH5,19513.0,19975.0,19341.0,19345.0,54,11,1045585.0,19345.0
2023-03-21,GZM3,17672.0,18068.0,17333.0,17572.0,266540,57336,4713863794.0,17599.0
2023-03-21,GZM4,19253.0,19430.0,18551.0,18900.0,289,156,5506651.0,18900.0
2023-03-21,GZU3,17519.0,17792.0,17125.0,17346.0,3220,1425,56310639.0,17361.0
2023-03-21,GZU4,19569.0,19882.0,18982.0,18983.0,25,14,485682.0,18983.0
2023-03-21,GZZ3,18029.0,18183.0,17580.0,17870.0,44,40,790323.0,17810.0
2023-03-21,GZZ4,19426.0,19426.0,19200.0,19200.0,3,3,57827.0,19200.0
2023-03-21,GZZ5,20470.0,21935.0,20042.0,20045.0,75,13,1508943.0,20042.0
2023-03-21,HKM3,9.734,9.95,9.676,9.875,251,21,2479110.0,9.875
2023-03-21,HKU3,9.934,10.188,9.84,10.181,12,7,120491.0,10.15
2023-03-21,HOH3,25750.0,25750.0,25660.0,25660.0,8,4,205450.0,25680.0
2023-03-21,HOM3,25800.0,25850.0,25800.0,25850.0,6,2,155050.0,25830.0
2023-03-21,HSM3,20499.0,21400.0,20429.0,20594.0,5568,488,11288887.85,20594.0
2023-03-21,HSU3,21690.0,22198.0,21690.0,21790.0,33,18,71022.68,21790.0
2023-03-21,HSZ3,22563.0,23300.0,21048.0,21801.0,150,30,322591.87,21811.0
2023-03-21,HYM3,7981.0,8031.0,7959.0,7988.0,526,93,4202884.0,7995.0
2023-03-21,IRM3,33820.0,34860.0,33593.0,33860.0,343,202,11751214.0,33861.0
2023-03-21,JPM3,132.65,133.02,132.63,133.01,5,5,384739.11,133.01
2023-03-21,LKM3,43138.0,43683.0,42419.0,43111.0,8822,5467,380166286.0,43261.0
2023-03-21,LKU3,41815.0,42215.0,41102.0,41730.0,150,125,6263165.0,41747.0
2023-03-21,LKZ3,42550.0,44501.0,42550.0,42628.0,25,23,1079199.0,42628.0
2023-03-21,MAM3,6632.0,6846.0,6630.0,6846.0,3,3,20108.0,6846.0
2023-03-21,MCM3,14633.0,15400.0,14330.0,14650.0,340,146,4988919.0,14666.0
2023-03-21,MEM3,11264.0,11327.0,11125.0,11180.0,4904,1523,54978588.0,11182.0
2023-03-21,MEU3,11448.0,11448.0,11312.0,11327.0,17,15,193732.0,11327.0
2023-03-21,MGM3,40000.0,40562.0,39391.0,39695.0,562,367,22491167.0,39673.0
2023-03-21,MGU3,40801.0,40801.0,40101.0,40101.0,5,5,202403.0,40124.0
2023-03-21,MLM3,4915.0,4972.0,4887.0,4887.0,3475,655,17169444.0,4917.0
2023-03-21,MLU3,5031.0,5032.0,5013.0,5013.0,4,4,20107.0,5013.0
2023-03-21,MMH4,2539.0,2540.6,2506.5,2540.6,13,12,328497.0,2540.6
2023-03-21,MMH5,2684.2,2684.25,2619.55,2655.85,15,12,394982.0,2655.85
2023-03-21,MMM3,2384.75,2415.85,2372.2,2381.4,70003,19059,1674076480.0,2382.35
2023-03-21,MMM4,2599.9,2675.0,2494.0,2675.0,43,36,1097004.0,2587.9
2023-03-21,MMU3,2400.45,2426.2,2384.6,2389.9,311,162,7472991.5,2390.15
2023-03-21,MMU4,2636.55,2636.55,2636.55,2636.55,1,1,26365.5,2636.55
2023-03-21,MMU5,2679.65,2700.0,2679.65,2700.0,4,4,107592.5,2700.0
2023-03-21,MMZ3,2436.0,2468.55,2436.0,2462.95,8,8,196346.5,2457.55
2023-03-21,MMZ4,2610.85,2765.05,2605.45,2605.45,5,5,132445.0,2620.0
2023-03-21,MNM3,4604.0,4660.0,4550.0,4550.0,10481,2437,48379014.0,4563.0
2023-03-21,MNU3,4620.0,4699.0,4586.0,4621.0,218,82,1008784.0,4588.0
2023-03-21,MTM3,25601.0,26103.0,25491.0,25880.0,1122,395,29003821.0,25870.0
2023-03-21,MTU3,24850.0,25063.0,24850.0,25063.0,2,2,49913.0,24850.0
2023-03-21,MXM3,238750.0,241750.0,237575.0,238300.0,28295,16947,6772248700.0,238425.0
2023-03-21,MXU3,240000.0,242075.0,237825.0,238000.0,84,74,20087350.0,238075.0
2023-03-21,MXZ3,242025.0,244000.0,239225.0,244000.0,17,16,4136325.0,244000.0
2023-03-21,NAH4,12593.0,12853.0,12593.0,12853.0,8,5,78445.07,12375.0
2023-03-21,NAM3,12358.0,12558.0,12300.0,12435.0,47301,5904,451748490.39,12435.0
2023-03-21,NAU3,11999.0,12495.0,11996.0,12356.0,623,195,5870041.3,12356.0
2023-03-21,NAZ3,12050.0,12390.0,11957.0,12390.0,92,43,861904.55,12390.0
2023-03-21,NGH3,2.313,2.331,2.172,2.207,1239058,210063,21428949629.48,2.208
2023-03-21,NGJ3,2.54,2.546,2.342,2.396,212735,83693,4002874736.56,2.393
2023-03-21,NGK3,2.859,2.878,2.701,2.732,5694,2788,121645612.79,2.732
2023-03-21,NGM3,3.144,3.156,3.022,3.051,2668,1399,63331684.71,3.051
2023-03-21,NGN3,3.3,3.326,3.189,3.217,197,116,4897882.58,3.217
2023-03-21,NGQ3,3.437,3.437,3.225,3.326,155,92,3942815.56,3.326
2023-03-21,NKM3,107927.0,113337.0,107400.0,111371.0,1190,958,131816109.0,111253.0
2023-03-21,NKU3,110000.0,110000.0,110000.0,110000.0,1,1,110000.0,111672.0
2023-03-21,NMM3,12897.0,13000.0,12729.0,12790.0,1200,693,15416110.0,12817.0
2023-03-21,OGM3,6143.0,6376.0,5667.0,6195.0,53,43,322221.0,5953.0
2023-03-21,OZM3,17106.0,17238.0,16988.0,17083.0,415,185,7093660.0,17066.0
2023-03-21,PDM3,1492.01,1504.74,1480.07,1484.99,258,140,29474683.3,1482.0
2023-03-21,PHM3,6879.0,7043.0,6865.0,6978.0,1640,275,11414697.0,6977.0
2023-03-21,PIM3,6377.0,6536.0,6309.0,6497.0,669,177,4302919.0,6467.0
2023-03-21,POM3,5600.0,5642.0,5510.0,5521.0,17644,3551,98322455.0,5522.0
2023-03-21,POU3,5677.0,5677.0,5627.0,5656.0,6,6,33949.0,5622.0
2023-03-21,PSM3,1690.0,1739.0,1682.0,1716.0,2646,224,4536677.0,1716.0
2023-03-21,PTM3,1016.2,1019.8,1002.9,1005.8,381,268,29630930.8,1004.9
2023-03-21,PTU3,1036.0,1043.0,1032.5,1043.0,3,3,238926.17,1033.8
2023-03-21,PZM3,95702.0,95798.0,94099.0,94569.0,688,483,65311225.0,94363.0
2023-03-21,RBM3,12664.0,12665.0,12664.0,12665.0,10,2,126647.0,12651.0
2023-03-21,RIH4,97830.0,98820.0,97830.0,98820.0,4,4,604198.69,98820.0
2023-03-21,RIM3,97620.0,99590.0,97540.0,98320.0,131282,80163,19858967205.71,98330.0
2023-03-21,RIM4,100010.0,100010.0,100010.0,100010.0,1,1,153591.36,100010.0
2023-03-21,RIU3,98030.0,99790.0,97630.0,98290.0,250,242,37875174.17,98570.0
2023-03-21,RIZ3,97040.0,99000.0,96930.0,98420.0,17,17,2559666.56,98420.0
2023-03-21,RLM3,4147.0,4174.0,4120.0,4129.0,597,92,2474491.0,4129.0
2023-03-21,RMM3,976.0,995.0,975.0,982.5,26386,8299,398616132.07,982.5
2023-03-21,RMU3,980.0,994.5,980.0,984.0,100,53,1514537.72,985.0
2023-03-21,RNH4,39422.0,42701.0,39419.0,42000.0,16,15,660122.0,40795.0
2023-03-21,RNH5,38477.0,40718.0,38477.0,40718.0,2,2,79195.0,40702.0
2023-03-21,RNM3,37916.0,38410.0,37235.0,37399.0,5731,2977,216515866.0,37495.0
2023-03-21,RNU3,37600.0,37810.0,37499.0,37500.0,26,20,976829.0,37499.0
2023-03-21,RNU4,37159.0,37159.0,35423.0,35423.0,9,8,325353.0,36809.0
2023-03-21,RNZ3,38179.0,40101.0,34400.0,38000.0,44,37,1666405.0,37999.0
2023-03-21,RNZ4,37851.0,37851.0,35700.0,35700.0,6,6,224526.0,37038.0
2023-03-21,RTM3,6140.0,6175.0,6093.0,6129.0,473,126,2905233.0,6129.0
2023-03-21,SEM3,1516.0,1655.0,1413.0,1496.0,351,41,518998.0,1490.0
2023-03-21,SFH4,394.99,395.0,394.99,395.0,2,2,60661.75,394.8
2023-03-21,SFM3,394.7,398.49,392.86,396.76,104377,13432,3177867349.69,396.72
2023-03-21,SFU3,391.96,395.59,390.14,393.8,1222,498,36952570.91,393.88
2023-03-21,SFZ3,392.02,395.1,390.19,395.09,80,54,2417831.51,395.09
2023-03-21,SGM3,29965.0,30179.0,29551.0,29881.0,626,442,18695140.0,29881.0
2023-03-21,SLJ3,69.8,69.8,69.8,69.8,1,1,6980.0,77.05
2023-03-21,SNM3,23690.0,24113.0,23427.0,23444.0,3725,1582,88559493.0,23601.0
2023-03-21,SOM3,4645.0,4745.0,4622.0,4660.0,1773,393,8310230.0,4661.0
2023-03-21,SPM3,18237.0,18979.0,18213.0,18714.0,18659,10099,348030697.0,18783.0
2023-03-21,SPU3,18361.0,19096.0,18360.0,18907.0,167,113,3125804.0,18901.0
2023-03-21,SRH4,19400.0,20012.0,19400.0,19800.0,88,65,1739363.0,19800.0
2023-03-21,SRM3,18234.0,18978.0,18229.0,18726.0,588973,147516,10996260296.0,18766.0
2023-03-21,SRU3,18447.0,19182.0,18445.0,18936.0,12660,6295,238632407.0,18972.0
2023-03-21,SRZ3,18924.0,19500.0,18901.0,19347.0,506,212,9758273.0,19347.0
2023-03-21,SSM3,2537.0,2600.0,2534.0,2553.0,957,174,2447045.0,2551.0
2023-03-21,SVH4,23.39,24.11,23.12,23.4,113,40,2066667.25,23.63
2023-03-21,SVM3,22.88,22.99,22.52,22.55,72646,13017,1269197154.82,22.56
2023-03-21,SVU3,23.21,23.28,22.87,22.9,1883,820,33425521.55,22.92
2023-03-21,SVZ3,23.48,23.8,23.48,23.55,87,47,1578717.35,23.55
2023-03-21,SXM3,4051.1,4075.0,4039.0,4069.0,262,40,878097.37,4069.0
2023-03-21,SXU3,4021.1,4021.1,4021.1,4021.1,1,1,3323.84,4021.1
2023-03-21,SXZ3,4050.0,4050.0,4050.0,4050.0,25,1,83693.25,4020.0
2023-03-21,SiH4,78866.0,79044.0,78514.0,78578.0,27,12,2125545.0,78579.0
2023-03-21,SiH5,84525.0,84525.0,84468.0,84468.0,2,2,168993.0,84468.0
2023-03-21,SiM3,77252.0,77438.0,76624.0,76830.0,813607,220550,62568570855.0,76825.0
2023-03-21,SiM4,80000.0,80058.0,79772.0,80000.0,11,6,879888.0,80001.0
2023-03-21,SiU3,77519.0,77681.0,76860.0,77044.0,6214,2862,479418605.0,77048.0
2023-03-21,SiU4,82329.0,82949.0,74703.0,81500.0,41,26,3245092.0,81500.0
2023-03-21,SiZ3,78110.0,78270.0,77444.0,77683.0,112,97,8709346.0,77683.0
2023-03-21,SiZ4,83000.0,83000.0,83000.0,83000.0,2,2,166000.0,83000.0
2023-03-21,TIM3,25757.0,25899.0,25246.0,25335.0,582,353,14905436.0,25318.0
2023-03-21,TNM3,107796.0,109992.0,105001.0,108665.0,17,15,1827425.0,108665.0
2023-03-21,TTM3,36232.0,36387.0,35736.0,35865.0,1753,912,63146381.0,36129.0
2023-03-21,TTU3,36156.0,36329.0,35800.0,36062.0,36,21,1298759.0,36062.0
2023-03-21,TYH4,3.184,4.216,3.184,3.55,154,41,557832.0,3.635
2023-03-21,TYM3,4.055,4.253,4.001,4.001,427,51,1738956.0,4.001
2023-03-21,TYU3,3.84,4.01,3.84,4.01,5,5,19730.0,4.01
2023-03-21,UCM3,6.841,6.844,6.82,6.827,4757,2299,362706747.26,6.829
2023-03-21,USDRUBF,77.25,77.43,76.68,76.85,21391,6036,1645526540.0,76.79
2023-03-21,VBM3,1930.0,1969.0,1849.0,1862.0,621952,40309,1188508707.0,1871.0
2023-03-21,VBU3,1930.0,1966.0,1863.0,1870.0,9832,1740,18804269.0,1885.0
2023-03-21,VBZ3,1994.0,1999.0,1920.0,1920.0,200,41,396474.0,1920.0
2023-03-21,VIJ3,34.5,34.5,34.4,34.45,3,3,15872.1,34.45
2023-03-21,W4H3,14160.0,14160.0,13920.0,13920.0,7,7,98070.0,13930.0
2023-03-21,W4J3,14140.0,14140.0,14130.0,14130.0,3,2,42400.0,14130.0
2023-03-21,W4K3,14260.0,14580.0,14100.0,14290.0,46,17,655900.0,14290.0
2023-03-21,YNM3,19472.0,19594.0,19291.0,19360.0,6623,2941,128854310.0,19356.0
2023-03-21,YNU3,19865.0,19958.0,19700.0,19743.0,170,106,3376519.0,19743.0
2023-03-22,AFM3,2883.0,2910.0,2862.0,2906.0,2304,489,6644724.0,2903.0
2023-03-22,AFU3,2927.0,2937.0,2918.0,2937.0,28,21,82007.0,2944.0
2023-03-22,AFZ3,2986.0,2989.0,2986.0,2989.0,41,8,122442.0,2989.0
2023-03-22,AKM3,13790.0,14187.0,13666.0,14086.0,1351,381,18836630.0,14132.0
2023-03-22,ALM3,6583.0,6621.0,6488.0,6539.0,16039,2702,105001816.0,6538.0
2023-03-22,ALU3,6558.0,6615.0,6492.0,6495.0,74,46,484423.0,6513.0
2023-03-22,ALZ3,6700.0,6740.0,6700.0,6740.0,4,4,26880.0,6731.0
2023-03-22,AUM3,0.67,0.6713,0.67,0.6713,2,2,103172.26,0.6713
2023-03-22,BRF4,90.39,90.39,90.39,90.39,1,1,69527.63,90.39
2023-03-22,BRJ3,74.77,75.93,74.53,75.79,282058,85238,16327283229.48,75.8
2023-03-22,BRK3,75.67,76.5,75.22,76.29,30184,16580,1762099777.34,76.3
2023-03-22,BRM3,78.24,78.52,77.21,78.1,1868,960,111837514.68,78.06
2023-03-22,BRN3,80.35,80.51,79.27,79.98,122,92,7486254.01,79.98
2023-03-22,BRQ3,83.03,83.03,82.0,82.24,19,16,1203776.36,82.24
2023-03-22,BRU3,86.5,87.66,83.65,85.0,13,13,861714.89,85.0
2023-03-22,BRV3,87.4,87.48,86.7,87.09,11,8,737866.64,87.0
2023-03-22,BRX3,89.3,89.3,87.77,88.04,11,11,747412.38,88.04
2023-03-22,BRZ3,89.67,89.75,89.0,89.0,19,9,1304640.98,89.0
2023-03-22,CFM3,0.9207,0.9219,0.9207,0.9219,11,2,846508.77,0.9219
2023-03-22,CHM3,103246.0,104221.0,102413.0,104088.0,91,85,9389564.0,104091.0
2023-03-22,CNYRUBF,11.16,11.2,11.13,11.19,21621,1102,241474600.0,11.18
2023-03-22,CRH4,12.009,12.009,11.888,11.93,21,9,250038.0,11.93
2023-03-22,CRM3,11.271,11.321,11.239,11.292,1298171,48447,14648317063.0,11.305
2023-03-22,CRM4,12.089,12.22,12.089,12.22,2,2,24309.0,12.22
2023-03-22,CRU3,11.43,11.471,11.393,11.443,3902,1124,44644805.0,11.453
2023-03-22,CRZ3,11.63,11.703,11.581,11.703,232,29,2712383.0,11.702
2023-03-22,CoJ3,8532.0,9199.5,8532.0,9180.0,6,5,414338.96,8999.5
2023-03-22,DXM3,12254.0,12677.0,12100.0,12370.0,91,36,924989.96,12370.0
2023-03-22,EDM3,1.0677,1.0699,1.0661,1.0689,83680,14216,6877581728.32,1.0689
2023-03-22,EDU3,1.0671,1.0695,1.0658,1.069,237,187,19475181.17,1.0691
2023-03-22,EURRUBF,82.39,83.16,82.31,82.91,2717,1541,225064910.0,83.08
2023-03-22,EuM3,82177.0,83000.0,81956.0,82600.0,130932,34145,10819147467.0,82585.0
2023-03-22,EuM4,87062.0,87062.0,87062.0,87062.0,1,1,87062.0,87062.0
2023-03-22,EuU3,82088.0,82925.0,81870.0,82630.0,2462,984,203115544.0,82580.0
2023-03-22,EuZ3,83438.0,83438.0,83438.0,83438.0,1,1,83438.0,83383.0
2023-03-22,FSM3,9280.0,9299.0,9199.0,9225.0,126,34,1162339.0,9228.0
2023-03-22,FVM3,14760.0,14760.0,14501.0,14616.0,707,312,10346915.0,14681.0
2023-03-22,FVU3,15000.0,15000.0,15000.0,15000.0,3,2,45000.0,15000.0
2023-03-22,GDH4,2004.0,2011.5,2003.7,2010.0,22,14,3396677.27,2010.0
2023-03-22,GDM3,1964.7,1969.5,1953.2,1965.9,141631,45774,21349033812.93,1965.8
2023-03-22,GDU3,1971.4,1976.0,1961.0,1972.8,1276,948,193094248.16,1972.9
2023-03-22,GDZ3,1978.0,1990.7,1973.0,1990.7,118,96,17976041.2,1990.7
2023-03-22,GKM3,14980.0,15230.0,14872.0,15223.0,13320,5272,200896817.0,15220.0
2023-03-22,GKU3,15029.0,15029.0,14783.0,14969.0,93,49,1390292.0,14969.0
2023-03-22,GUM3,1.2243,1.2285,1.2243,1.2285,28,14,2641496.0,1.2285
2023-03-22,GZH4,18141.0,18141.0,18078.0,18079.0,4,3,72439.0,18079.0
2023-03-22,GZH5,19499.0,19499.0,19499.0,19499.0,1,1,19499.0,19458.0
2023-03-22,GZM3,17570.0,17573.0,17079.0,17277.0,143761,34959,2484925115.0,17263.0
2023-03-22,GZM4,18615.0,19069.0,18314.0,18640.0,86,57,1600534.0,18641.0
2023-03-22,GZU3,17297.0,17297.0,16832.0,17140.0,1788,811,30548533.0,17133.0
2023-03-22,GZZ3,17581.0,17680.0,17580.0,17600.0,24,14,422459.0,17600.0
2023-03-22,GZZ5,20000.0,20300.0,20000.0,20300.0,5,3,101197.0,20300.0
2023-03-22,HKM3,9.884,9.921,9.884,9.918,54,5,535574.0,9.918
2023-03-22,HKU3,10.11,10.11,10.11,10.11,1,1,10110.0,10.11
2023-03-22,HOH3,25680.0,25700.0,25490.0,25700.0,134,7,3441740.0,25698.23
2023-03-22,HOM3,25850.0,25850.0,25610.0,25610.0,3,3,77300.0,25860.0
2023-03-22,HOZ3,26980.0,26980.0,25850.0,25850.0,2,2,52830.0,26960.0
2023-03-22,HSM3,20551.0,20900.0,20509.0,20685.0,3419,370,6980885.29,20690.0
2023-03-22,HSU3,21842.0,21971.0,21751.0,21751.0,57,21,122763.65,21751.0
2023-03-22,HSZ3,22749.0,22749.0,22101.0,22101.0,16,5,35027.92,22101.0
2023-03-22,HYM3,7986.0,8031.0,7973.0,8031.0,597,111,4782460.0,8031.0
2023-03-22,IRM3,33635.0,34154.0,33442.0,34045.0,163,77,5503771.0,34045.0
2023-03-22,IRU3,34248.0,34248.0,34248.0,34248.0,2,1,68496.0,34296.0
2023-03-22,JPM3,133.48,134.97,133.41,133.76,11,11,856557.98,133.76
2023-03-22,LKM3,43138.0,43314.0,42536.0,42904.0,7394,4759,317826601.0,43000.0
2023-03-22,LKU3,41625.0,43753.0,41285.0,42024.0,160,110,6749477.0,42036.0
2023-03-22,LKZ3,42500.0,44200.0,42320.0,42804.0,37,26,1604101.0,42804.0
2023-03-22,MCM3,14550.0,14769.0,13996.0,14460.0,470,198,6757485.0,14465.0
2023-03-22,MEM3,11173.0,11226.0,11110.0,11226.0,2078,606,23246959.0,11204.0
2023-03-22,MEU3,11301.0,11328.0,11276.0,11276.0,13,11,146913.0,11326.0
2023-03-22,MGM3,39697.0,39750.0,39214.0,39400.0,544,381,21480886.0,39325.0
2023-03-22,MGU3,40000.0,40289.0,40000.0,40026.0,5,5,200357.0,40026.0
2023-03-22,MLM3,4903.0,4921.0,4847.0,4920.0,2049,404,9999882.0,4892.0
2023-03-22,MLU3,4980.0,4980.0,4964.0,4974.0,12,5,59650.0,4974.0
2023-03-22,MMM3,2381.55,2385.5,2362.5,2380.1,42075,10272,998570889.0,2381.1
2023-03-22,MMM4,2592.4,2610.0,2415.95,2585.25,119,61,3010996.0,2569.15
2023-03-22,MMU3,2388.0,2388.4,2372.7,2388.4,122,50,2903367.5,2388.1
2023-03-22,MMU4,2568.25,2568.25,2564.0,2564.0,2,2,51322.5,2564.0
2023-03-22,MNM3,4561.0,4600.0,4540.0,4541.0,6892,1899,31443554.0,4550.0
2023-03-22,MNU3,4592.0,4602.0,4576.0,4586.0,71,25,325590.0,4577.0
2023-03-22,MTM3,25848.0,25981.0,25781.0,25964.0,501,203,12988991.0,25926.0
2023-03-22,MTU3,25185.0,25185.0,25185.0,25185.0,1,1,25185.0,25155.0
2023-03-22,MXM3,238425.0,238650.0,236525.0,238175.0,17934,10109,4258694275.0,238275.0
2023-03-22,MXU3,237375.0,238000.0,236750.0,238000.0,52,40,12344400.0,238050.0
2023-03-22,MXZ3,239900.0,243000.0,239900.0,243000.0,10,10,2420700.0,243000.0
2023-03-22,NAH4,12316.0,12696.0,11820.0,12600.0,60,28,570579.43,12508.0
2023-03-22,NAM3,12442.0,12633.0,12436.0,12598.0,49325,4759,475537282.8,12608.0
2023-03-22,NAU3,12413.0,12584.0,12372.0,12574.0,327,117,3147323.71,12575.0
2023-03-22,NAZ3,12388.0,12562.0,12109.0,12562.0,202,113,1928243.54,12558.0
2023-03-22,NGH3,2.21,2.357,2.209,2.272,1536258,254887,27015357095.39,2.272
2023-03-22,NGJ3,2.398,2.535,2.396,2.465,238673,86554,4543137632.9,2.465
2023-03-22,NGK3,2.741,2.867,2.735,2.79,5294,2755,114103513.46,2.787
2023-03-22,NGM3,3.067,3.257,3.051,3.127,3012,1687,72747827.81,3.123
2023-03-22,NGN3,3.217,3.342,3.144,3.226,171,126,4289367.68,3.226
2023-03-22,NGQ3,3.35,3.428,3.214,3.382,168,115,4355818.45,3.382
2023-03-22,NKM3,111371.0,111371.0,107984.0,110399.0,522,415,57081604.0,109900.0
2023-03-22,NKU3,111185.0,111185.0,111185.0,111185.0,1,1,111185.0,111190.0
2023-03-22,NMM3,12757.0,12780.0,12584.0,12684.0,875,601,11099702.0,12683.0
2023-03-22,NMU3,12800.0,12869.0,12800.0,12869.0,5,2,64138.0,12869.0
2023-03-22,OGM3,6198.0,6198.0,6025.0,6197.0,5,5,30641.0,6195.0
2023-03-22,OZM3,17033.0,17121.0,16917.0,16990.0,460,189,7832826.0,16950.0
2023-03-22,PDM3,1497.99,1533.0,1460.5,1509.0,716,358,82692376.17,1509.0
2023-03-22,PDU3,1536.38,1591.0,1520.0,1570.93,9,9,1083626.67,1570.93
2023-03-22,PHM3,6977.0,6998.0,6931.0,6955.0,489,118,3403900.0,6959.0
2023-03-22,PIM3,6480.0,6553.0,6402.0,6515.0,215,78,1391685.0,6504.0
2023-03-22,POM3,5521.0,5649.0,5458.0,5582.0,13358,2736,74179514.0,5602.0
2023-03-22,POU3,5618.0,5698.0,5570.0,5689.0,22,16,123720.0,5695.0
2023-03-22,PSM3,1716.0,1717.0,1701.0,1713.0,1065,125,1819760.0,1716.0
2023-03-22,PTM3,1004.1,1023.8,997.3,1010.4,858,628,66538208.12,1010.4
2023-03-22,PZM3,94386.0,95900.0,93765.0,95577.0,700,517,66482197.0,95658.0
2023-03-22,PZU3,95115.0,95115.0,95115.0,95115.0,1,1,95115.0,95358.0
2023-03-22,RBM3,12849.0,12849.0,12560.0,12560.0,4,4,51063.0,12581.0
2023-03-22,RIM3,98590.0,98640.0,96800.0,97740.0,101676,64469,15247075470.8,97790.0
2023-03-22,RIU3,97970.0,98640.0,97220.0,98000.0,158,155,23762310.41,98000.0
2023-03-22,RIZ3,96900.0,98030.0,96900.0,98030.0,4,4,599495.2,98030.0
2023-03-22,RLM3,4126.0,4147.0,4086.0,4140.0,218,73,897888.0,4140.0
2023-03-22,RMM3,982.5,985.5,968.5,977.5,17118,5622,256851564.98,978.5
2023-03-22,RMU3,986.0,986.0,974.5,982.5,189,61,2842217.7,982.0
2023-03-22,RNH4,38530.0,38530.0,38040.0,38445.0,4,4,153390.0,38446.0
2023-03-22,RNM3,37395.0,37950.0,36985.0,37893.0,3172,1803,118451511.0,37836.0
2023-03-22,RNM4,38309.0,38488.0,38309.0,38488.0,2,2,76797.0,38311.0
2023-03-22,RNU3,37540.0,37689.0,37540.0,37678.0,5,5,188249.0,37743.0
2023-03-22,RNU4,37625.0,37625.0,36881.0,36881.0,4,4,149693.0,37113.0
2023-03-22,RNZ3,35862.0,37900.0,33500.0,36914.0,31,26,1109551.0,36914.0
2023-03-22,RNZ5,41025.0,41026.0,41025.0,41026.0,2,2,82051.0,41029.0
2023-03-22,RTM3,6141.0,6142.0,6075.0,6129.0,419,93,2558817.0,6129.0
2023-03-22,SAK3,35.23,35.36,35.23,35.36,2,2,71719.44,35.34
2023-03-22,SEM3,1484.0,1484.0,1454.0,1454.0,10,3,14780.0,1454.0
2023-03-22,SFH4,395.0,395.0,395.0,395.0,1,1,30383.4,395.29
2023-03-22,SFM3,396.7,399.35,396.3,398.49,76068,11001,2329186125.13,398.44
2023-03-22,SFU3,394.03,396.73,394.03,395.85,496,262,15089464.86,395.79
2023-03-22,SFZ3,395.08,398.42,393.19,395.21,97,51,2950588.81,395.21
2023-03-22,SGM3,29761.0,29811.0,29571.0,29667.0,208,128,6167340.0,29667.0
2023-03-22,SLJ3,82.49,82.49,72.64,72.64,2,2,15513.0,78.81
2023-03-22,SNM3,23455.0,23600.0,23160.0,23371.0,1368,579,32070572.0,23414.0
2023-03-22,SNU3,23901.0,23901.0,23380.0,23381.0,4,3,94563.0,23381.0
2023-03-22,SOM3,4635.0,4635.0,4538.0,4620.0,480,104,2198311.0,4581.0
2023-03-22,SPM3,18798.0,18805.0,18412.0,18605.0,10455,5303,194010203.0,18560.0
2023-03-22,SPU3,18904.0,18943.0,18617.0,18831.0,130,79,2439467.0,18778.0
2023-03-22,SRH4,19765.0,19765.0,19425.0,19710.0,144,53,2825475.0,19712.0
2023-03-22,SRM3,18744.0,18815.0,18420.0,18627.0,321263,88218,5968390075.0,18606.0
2023-03-22,SRU3,18938.0,19012.0,18635.0,18872.0,12504,4920,234473380.0,18857.0
2023-03-22,SRZ3,19316.0,19613.0,19028.0,19284.0,443,180,8502204.0,19269.0
2023-03-22,SSM3,2556.0,2585.0,2521.0,2528.0,1334,131,3398228.0,2523.0
2023-03-22,SVH4,24.11,24.3,24.09,24.3,10,5,185822.35,24.3
2023-03-22,SVM3,22.57,23.0,22.47,22.91,68338,12058,1193937234.12,22.91
2023-03-22,SVU3,22.9,23.33,22.84,23.28,823,490,14577748.85,23.28
2023-03-22,SVZ3,23.52,25.0,23.43,23.98,384,120,7047204.87,23.98
2023-03-22,SXM3,4008.6,4144.1,4008.6,4100.2,500,53,1696856.3,4100.2
2023-03-22,SXU3,4040.0,4059.3,4040.0,4049.4,5,3,16836.05,4050.2
2023-03-22,SXZ3,3959.5,4020.0,3959.5,3969.2,34,17,112464.47,3969.2
2023-03-22,SiH4,78601.0,78969.0,78500.0,78500.0,18,15,1416195.0,78500.0
2023-03-22,SiH5,84468.0,84468.0,84468.0,84468.0,1,1,84468.0,84468.0
2023-03-22,SiM3,76803.0,77503.0,76600.0,77198.0,910269,203811,70266872122.0,77175.0
2023-03-22,SiM4,80134.0,80410.0,80134.0,80410.0,34,11,2733356.0,80410.0
2023-03-22,SiU3,76997.0,77608.0,76830.0,77298.0,7657,2942,591932307.0,77275.0
2023-03-22,SiU4,81400.0,81561.0,81300.0,81300.0,28,15,2277389.0,81313.0
2023-03-22,SiZ3,77705.0,78202.0,77557.0,77939.0,189,79,14756859.0,77949.0
2023-03-22,SiZ4,82180.0,83571.0,82180.0,82523.0,7,7,579609.0,83000.0
2023-03-22,TIM3,25288.0,25422.0,25054.0,25392.0,352,267,8887572.0,25220.0
2023-03-22,TIU3,25858.0,25858.0,25858.0,25858.0,30,25,775740.0,25779.0
2023-03-22,TNM3,108100.0,108100.0,102010.0,104850.0,37,32,3849552.0,104850.0
2023-03-22,TTM3,35971.0,36050.0,35511.0,35520.0,1242,671,44324140.0,35621.0
2023-03-22,TTU3,36178.0,36178.0,35400.0,35748.0,18,14,641922.0,35746.0
2023-03-22,TYH4,3.7,3.897,3.339,3.897,27,8,94861.0,3.682
2023-03-22,TYM3,4.01,4.038,4.0,4.02,26,11,104640.0,4.02
2023-03-22,UCM3,6.827,6.869,6.823,6.846,7582,2894,581062749.44,6.844
2023-03-22,USDRUBF,76.81,77.23,76.67,76.91,23766,6626,1831230650.0,76.92
2023-03-22,VBM3,1861.0,1893.0,1841.0,1885.0,289497,21325,542157971.0,1886.0
2023-03-22,VBU3,1873.0,1905.0,1856.0,1902.0,3708,863,7001867.0,1899.0
2023-03-22,VBZ3,1920.0,1935.0,1920.0,1929.0,30,7,57754.0,1929.0
2023-03-22,VIJ3,34.5,34.5,34.2,34.5,21,7,111364.15,34.5
2023-03-22,W4H3,13930.0,13980.0,13900.0,13960.0,22,15,306360.0,13960.0
2023-03-22,W4M3,14400.0,14400.0,14120.0,14390.0,4,4,57060.0,14390.0
2023-03-22,W4U3,14760.0,14760.0,14760.0,14760.0,3,3,44280.0,14760.0
2023-03-22,YNM3,19296.0,19344.0,19043.0,19195.0,5405,2446,103597362.0,19193.0
2023-03-22,YNU3,19676.0,19717.0,19435.0,19606.0,103,79,2014975.0,19587.0
2023-03-23,AFM3,2908.0,2943.0,2886.0,2931.0,3979,802,11640364.0,2933.0
2023-03-23,AFU3,2949.0,2983.0,2934.0,2971.0,46,35,136374.0,2977.0
2023-03-23,AKM3,14038.0,14153.0,13949.0,14153.0,784,308,11023696.0,14153.0
2023-03-23,AKU3,14392.0,14392.0,14392.0,14392.0,3,1,43176.0,14392.0
2023-03-23,ALM3,6545.0,6562.0,6425.0,6476.0,5980,1508,38793262.0,6477.0
2023-03-23,ALU3,6526.0,6536.0,6400.0,6462.0,55,37,354847.0,6462.0
2023-03-23,ALZ3,6710.0,6710.0,6664.0,6682.0,3,3,20056.0,6682.0
2023-03-23,AUM3,0.674,0.674,0.674,0.674,1,1,51256.69,0.674
2023-03-23,BRF4,90.0,90.38,90.0,90.38,2,2,137176.28,90.38
2023-03-23,BRG4,90.74,90.74,90.74,90.74,1,1,69006.41,90.74
2023-03-23,BRH4,92.15,92.8,92.15,92.8,2,2,140651.7,92.8
2023-03-23,BRJ3,75.68,77.26,75.6,76.96,362432,108908,21046074715.35,76.91
2023-03-23,BRK3,76.2,77.69,75.99,77.45,37548,20129,2192675311.42,77.45
2023-03-23,BRM3,77.79,78.87,77.77,78.48,2260,1115,134381149.39,78.51
2023-03-23,BRN3,80.5,80.9,79.83,80.9,112,80,6841224.17,80.79
2023-03-23,BRQ3,82.37,82.39,82.1,82.39,12,10,751153.82,82.51
2023-03-23,BRU3,84.02,85.45,84.02,85.0,3,3,193520.62,85.0
2023-03-23,BRV3,87.3,87.3,87.3,87.3,1,1,66390.34,87.3
2023-03-23,BRX3,88.99,89.0,88.0,89.0,8,4,537046.91,89.0
2023-03-23,BRZ3,89.53,89.87,89.29,89.75,6,6,408486.92,89.75
2023-03-23,CFM3,0.9134,0.914,0.909,0.914,29,12,2204047.49,0.914
2023-03-23,CHM3,103603.0,104088.0,102527.0,102886.0,95,89,9794611.0,102713.0
2023-03-23,CNYRUBF,11.18,11.25,11.07,11.12,36664,2111,409029970.0,11.12
2023-03-23,CRH4,11.901,11.901,11.82,11.82,44,6,522993.0,11.83
2023-03-23,CRM3,11.29,11.355,11.172,11.224,1855548,65688,20895882859.0,11.227
2023-03-23,CRM4,12.287,12.287,12.01,12.05,19,12,229784.0,12.01
2023-03-23,CRU3,11.46,11.502,11.328,11.372,8788,1968,100223209.0,11.38
2023-03-23,CRZ3,11.709,11.725,11.593,11.597,48,12,560040.0,11.597
2023-03-23,CoJ3,9229.5,9229.5,8902.5,8902.5,2,2,137891.33,9001.0
2023-03-23,DXM3,12266.0,12498.0,12200.0,12403.0,40,20,406954.47,12403.0
2023-03-23,DXZ3,12288.0,12309.0,12288.0,12309.0,2,2,20340.73,12316.0
2023-03-23,EDM3,1.0688,1.0811,1.0686,1.0772,175111,30402,14334704392.74,1.0774
2023-03-23,EDU3,1.0692,1.0802,1.0685,1.0777,1554,681,127215664.0,1.0776
2023-03-23,EURRUBF,83.04,84.49,82.23,82.63,5456,3089,452403350.0,82.69
2023-03-23,EuM3,82670.0,83336.0,81700.0,81961.0,149088,47377,12287575215.0,81998.0
2023-03-23,EuM4,84716.0,84716.0,84716.0,84716.0,1,1,84716.0,84716.0
2023-03-23,EuU3,82684.0,83283.0,81787.0,82055.0,2776,1203,229500212.0,82055.0
2023-03-23,EuZ3,83802.0,83802.0,82650.0,82651.0,31,29,2583807.0,82762.0
2023-03-23,FSM3,9232.0,9363.0,9232.0,9363.0,236,61,2195330.0,9363.0
2023-03-23,FVM3,14576.0,14591.0,14437.0,14451.0,842,332,12222034.0,14465.0
2023-03-23,GDH4,2016.5,2039.0,2016.5,2034.1,51,39,7867224.93,2034.1
2023-03-23,GDM3,1965.8,1997.6,1963.4,1987.6,246392,74414,37145517279.15,1987.7
2023-03-23,GDU3,1972.0,2003.9,1970.8,1994.8,2375,1846,359522629.47,1994.8
2023-03-23,GDZ3,1989.2,2019.2,1989.2,2014.5,142,120,21651061.24,2012.7
2023-03-23,GKM3,15224.0,15230.0,14997.0,15053.0,11002,5145,165926200.0,15046.0
2023-03-23,GKU3,15020.0,15150.0,14959.0,15048.0,48,21,724287.0,15036.0
2023-03-23,GOJ3,5375.1,5375.1,4825.5,4825.5,8,3,408024.0,5089.2
2023-03-23,GUM3,1.2301,1.2329,1.226,1.2319,18,18,1684846.91,1.2319
2023-03-23,GZH4,18000.0,18163.0,18000.0,18163.0,2,2,36163.0,18131.0
2023-03-23,GZH5,19158.0,19158.0,19158.0,19158.0,1,1,19158.0,19158.0
2023-03-23,GZM3,17267.0,17307.0,16961.0,17210.0,76982,21532,1321904560.0,17197.0
2023-03-23,GZM4,18589.0,18664.0,18589.0,18664.0,4,3,74580.0,18654.0
2023-03-23,GZU3,17138.0,17159.0,16900.0,17052.0,656,290,11183481.0,17041.0
2023-03-23,GZU5,19042.0,19042.0,19036.0,19036.0,2,2,38078.0,19036.0
2023-03-23,GZZ3,17520.0,17596.0,17417.0,17447.0,9,5,157461.0,17447.0
2023-03-23,GZZ4,19014.0,19015.0,19014.0,19015.0,2,2,38029.0,19015.0
2023-03-23,GZZ5,19757.0,19757.0,19757.0,19757.0,1,1,19757.0,19757.0
2023-03-23,HKM3,9.935,9.935,9.731,9.735,531,57,5205544.0,9.735
2023-03-23,HKU3,10.101,10.13,9.96,9.96,15,10,151176.0,9.96
2023-03-23,HOM3,25700.0,25750.0,25700.0,25750.0,43,7,1106750.0,25750.0
2023-03-23,HSM3,20792.0,21382.0,20409.0,21345.0,8389,1010,17191389.75,21345.0
2023-03-23,HSU3,21770.0,22372.0,21725.0,22372.0,44,27,94412.46,22372.0
2023-03-23,HSZ3,22491.0,22748.0,22448.0,22744.0,16,13,35244.74,22743.0
2023-03-23,HYM3,8018.0,8031.0,7980.0,8030.0,296,78,2369870.0,8030.0
2023-03-23,IRM3,34069.0,34162.0,33699.0,33924.0,104,51,3536582.0,33924.0
2023-03-23,JPM3,133.0,133.05,132.45,132.45,11,10,851982.22,132.45
2023-03-23,LKM3,43011.0,43120.0,42135.0,42486.0,5881,3722,249871767.0,42393.0
2023-03-23,LKU3,42072.0,42072.0,41255.0,41400.0,157,87,6509238.0,41400.0
2023-03-23,LKZ3,43000.0,43199.0,40233.0,42386.0,96,63,3990209.0,42386.0
2023-03-23,MCM3,14554.0,14646.0,13315.0,13950.0,834,318,11894336.0,14173.0
2023-03-23,MEM3,11210.0,11240.0,11095.0,11110.0,2550,918,28472059.0,11110.0
2023-03-23,MEU3,11350.0,11350.0,11350.0,11350.0,1,1,11350.0,11271.0
2023-03-23,MGM3,39488.0,39500.0,39021.0,39215.0,357,231,14007511.0,39215.0
2023-03-23,MLM3,4893.0,4893.0,4853.0,4870.0,1371,219,6689472.0,4877.0
2023-03-23,MLU3,4974.0,4975.0,4970.0,4970.0,10,4,49722.0,4970.0
2023-03-23,MMH4,2475.65,2512.55,2438.2,2512.55,9,5,222223.0,2512.55
2023-03-23,MMM3,2380.05,2389.95,2356.15,2369.95,35129,9199,832056310.0,2369.8
2023-03-23,MMM4,2527.25,2549.25,2401.0,2497.85,63,37,1544537.5,2508.95
2023-03-23,MMU3,2391.6,2391.75,2365.85,2379.8,127,87,3020407.0,2379.8
2023-03-23,MMU5,2730.15,2730.15,2660.0,2660.0,3,3,80562.0,2660.0
2023-03-23,MMZ3,2448.3,2448.3,2318.0,2418.05,46,33,1097243.5,2418.05
2023-03-23,MMZ5,2701.6,2701.6,2676.0,2676.0,3,3,80726.0,2676.0
2023-03-23,MNM3,4546.0,4572.0,4513.0,4540.0,5179,1165,23519949.0,4533.0
2023-03-23,MNU3,4589.0,4598.0,4550.0,4562.0,105,26,479706.0,4561.0
2023-03-23,MTM3,25926.0,25930.0,25704.0,25803.0,341,139,8791249.0,25742.0
2023-03-23,MTU3,24912.0,24912.0,24666.0,24666.0,8,8,198389.0,24666.0
2023-03-23,MXM3,238000.0,239175.0,235850.0,237200.0,15954,8961,3781612975.0,237200.0
2023-03-23,MXU3,238500.0,238500.0,236375.0,237450.0,27,24,6404075.0,237450.0
2023-03-23,MXZ3,242000.0,243000.0,242000.0,243000.0,6,5,1456975.0,243000.0
2023-03-23,NAM3,12600.0,12714.0,12372.0,12646.0,140231,15763,1339941541.55,12634.0
2023-03-23,NAU3,12594.0,12713.0,12495.0,12600.0,755,334,7254067.32,12600.0
2023-03-23,NAZ3,12595.0,12721.0,12370.0,12620.0,191,97,1834540.32,12620.0
2023-03-23,NGH3,2.274,2.299,2.195,2.246,1242042,208790,21141342795.88,2.246
2023-03-23,NGJ3,2.468,2.49,2.394,2.432,211574,76828,3917420131.16,2.432
2023-03-23,NGK3,2.792,2.803,2.73,2.762,4045,2323,85061174.61,2.76
2023-03-23,NGM3,3.127,3.149,3.05,3.109,1764,996,41571212.79,3.105
2023-03-23,NGN3,3.284,3.284,3.206,3.238,178,81,4381602.5,3.238
2023-03-23,NGQ3,3.351,3.398,3.326,3.388,90,43,2305372.37,3.386
2023-03-23,NKM3,110399.0,111350.0,109280.0,111250.0,287,242,31585354.0,111113.0
2023-03-23,NMM3,12638.0,12747.0,12563.0,12747.0,925,590,11711377.0,12715.0
2023-03-23,OZM3,16979.0,17067.0,16868.0,17000.0,545,205,9278716.0,17012.0
2023-03-23,PDM3,1514.97,1543.84,1497.81,1508.0,662,291,76150588.08,1508.0
2023-03-23,PDU3,1595.5,1608.39,1578.02,1580.0,27,25,3258425.86,1580.0
2023-03-23,PHM3,6962.0,6997.0,6921.0,6997.0,420,97,2931107.0,6997.0
2023-03-23,PIM3,6518.0,6570.0,6460.0,6562.0,177,69,1156009.0,6555.0
2023-03-23,POM3,5605.0,5771.0,5590.0,5690.0,19694,4131,111833109.0,5681.0
2023-03-23,POU3,5694.0,5855.0,5694.0,5767.0,48,38,277998.0,5769.0
2023-03-23,PSM3,1712.0,1716.0,1704.0,1709.0,537,105,918934.0,1710.0
2023-03-23,PTM3,1009.3,1022.3,1003.0,1007.0,1023,761,78712691.67,1007.0
2023-03-23,PTU3,1033.3,1033.3,1033.3,1033.3,3,3,235742.76,1033.3
2023-03-23,PZM3,95578.0,96700.0,95160.0,96008.0,844,625,81064687.0,96115.0
2023-03-23,RBM3,12560.0,12560.0,12560.0,12560.0,1,1,12560.0,12561.0
2023-03-23,RIH4,99560.0,99560.0,99560.0,99560.0,1,1,151427.77,99560.0
2023-03-23,RIM3,97730.0,99050.0,97030.0,98900.0,107395,62676,16032876832.82,98920.0
2023-03-23,RIU3,97960.0,99130.0,97310.0,99060.0,105,102,15716913.08,99060.0
2023-03-23,RIZ3,97300.0,99000.0,97240.0,98330.0,7,7,1044663.03,98420.0
2023-03-23,RLM3,4146.0,4219.0,4120.0,4194.0,867,149,3616100.0,4207.0
2023-03-23,RLU3,4313.0,4313.0,4313.0,4313.0,4,2,17252.0,4313.0
2023-03-23,RMM3,977.5,990.0,971.5,988.0,17350,5136,259314608.01,988.5
2023-03-23,RMU3,981.5,992.0,974.0,992.0,169,64,2531365.47,992.0
2023-03-23,RMZ3,990.0,990.0,990.0,990.0,1,1,15057.6,990.0
2023-03-23,RNM3,37930.0,37999.0,37285.0,37490.0,2059,1403,77427436.0,37480.0
2023-03-23,RNU3,37915.0,37915.0,37583.0,37650.0,29,18,1091849.0,37650.0
2023-03-23,RNZ3,37000.0,37000.0,37000.0,37000.0,1,1,37000.0,37000.0
2023-03-23,RNZ4,39355.0,39355.0,39000.0,39000.0,2,2,78355.0,39000.0
2023-03-23,RNZ5,39015.0,39015.0,38318.0,38318.0,4,4,154666.0,37897.0
2023-03-23,RTM3,6117.0,6142.0,6083.0,6105.0,444,99,2713022.0,6105.0
2023-03-23,SEM3,1455.0,1502.0,1450.0,1502.0,46,7,67943.0,1502.0
2023-03-23,SFH4,395.0,411.99,395.0,411.99,11,6,342716.34,393.9
2023-03-23,SFM3,398.44,400.4,391.06,396.7,212415,33889,6396721410.28,396.8
2023-03-23,SFU3,395.5,397.88,389.38,395.19,2757,1139,82608908.4,394.84
2023-03-23,SFZ3,395.2,397.0,391.18,395.03,100,70,2997336.67,395.11
2023-03-23,SGM3,29686.0,30044.0,29537.0,29957.0,243,172,7244363.0,30001.0
2023-03-23,SGU3,28284.0,28284.0,28284.0,28284.0,1,1,28284.0,28284.0
2023-03-23,SLJ3,82.49,83.47,72.56,72.56,3,3,23852.0,80.9
2023-03-23,SNM3,23455.0,23655.0,23340.0,23500.0,1177,590,27666981.0,23515.0
2023-03-23,SOM3,4589.0,4642.0,4556.0,4628.0,521,119,2397954.0,4628.0
2023-03-23,SPM3,18592.0,18690.0,18500.0,18577.0,4234,2585,78704567.0,18603.0
2023-03-23,SPU3,18729.0,18820.0,18729.0,18800.0,61,55,1144298.0,18800.0
2023-03-23,SRH4,19698.0,21201.0,19666.0,19751.0,79,42,1583389.0,19751.0
2023-03-23,SRM3,18617.0,18748.0,18503.0,18597.0,188921,52382,3513684936.0,18589.0
2023-03-23,SRU3,18873.0,18990.0,18758.0,18833.0,2477,1308,46717795.0,18843.0
2023-03-23,SRZ3,19201.0,19285.0,19110.0,19174.0,75,39,1439531.0,19174.0
2023-03-23,SSM3,2524.0,2540.0,2521.0,2540.0,480,68,1212875.0,2540.0
2023-03-23,SVH4,24.38,25.07,24.38,24.58,28,13,525107.3,24.58
2023-03-23,SVM3,22.92,23.43,22.9,23.31,125869,21683,2220194282.46,23.31
2023-03-23,SVU3,23.29,23.77,23.25,23.66,2784,1091,49884113.19,23.66
2023-03-23,SVZ3,24.08,24.35,24.03,24.07,116,62,2130955.03,24.07
2023-03-23,SXM3,4098.8,4119.0,4058.4,4115.0,600,72,2032194.79,4115.0
2023-03-23,SXU3,4049.4,4060.0,4049.2,4060.0,12,5,40211.55,4060.0
2023-03-23,SXZ3,3980.0,3980.0,3980.0,3980.0,4,1,13165.84,4000.0
2023-03-23,SiH4,78500.0,78550.0,77800.0,77810.0,67,28,5225226.0,77810.0
2023-03-23,SiH5,84168.0,84168.0,84168.0,84168.0,1,1,84168.0,84162.0
2023-03-23,SiM3,77172.0,77350.0,75757.0,75985.0,1269852,286723,96979975343.0,75986.0
2023-03-23,SiM4,80413.0,80413.0,79500.0,79500.0,16,13,1276264.0,79500.0
2023-03-23,SiU3,77350.0,77437.0,76040.0,76182.0,18732,5184,1435054209.0,76193.0
2023-03-23,SiU4,81280.0,81280.0,80505.0,80650.0,25,19,2020184.0,80650.0
2023-03-23,SiZ3,78000.0,78091.0,76885.0,76983.0,294,175,22732989.0,76983.0
2023-03-23,SiZ4,83103.0,83103.0,82019.0,82500.0,10,10,825122.0,82500.0
2023-03-23,TIM3,25308.0,25377.0,25210.0,25232.0,143,97,3617236.0,25232.0
2023-03-23,TNM3,104975.0,109750.0,104610.0,107000.0,22,15,2335615.0,107000.0
2023-03-23,TTM3,35645.0,35819.0,34935.0,35094.0,1621,943,57164568.0,35100.0
2023-03-23,TTU3,35585.0,35612.0,35000.0,35021.0,30,20,1057673.0,35021.0
2023-03-23,TYH4,3.884,3.885,3.87,3.87,21,6,81498.0,3.708
2023-03-23,TYM3,4.038,4.038,3.963,3.975,522,44,2086848.0,3.975
2023-03-23,UCM3,6.846,6.852,6.778,6.782,5106,1858,386051062.61,6.782
2023-03-23,USDRUBF,77.0,77.15,75.82,76.11,24810,9777,1895958330.0,76.05
2023-03-23,VBM3,1883.0,1889.0,1836.0,1853.0,161594,12675,301132082.0,1852.0
2023-03-23,VBU3,1904.0,1906.0,1854.0,1868.0,2724,589,5122335.0,1870.0
2023-03-23,VBZ3,1933.0,1933.0,1933.0,1933.0,10,1,19330.0,1930.0
2023-03-23,VIJ3,34.95,35.7,34.95,35.7,2,2,10745.65,35.45
2023-03-23,W4F4,15120.0,15120.0,15120.0,15120.0,5,1,75600.0,15120.0
2023-03-23,W4H3,13970.0,13970.0,13780.0,13790.0,87,24,1201930.0,13790.0
2023-03-23,W4J3,14340.0,14340.0,14280.0,14280.0,4,2,57300.0,14230.0
2023-03-23,W4K3,14450.0,14510.0,13900.0,13990.0,49,15,694980.0,13990.0
2023-03-23,W4M3,14480.0,14500.0,14100.0,14140.0,33,12,466870.0,14140.0
2023-03-23,W4N3,14750.0,14750.0,14750.0,14750.0,1,1,14750.0,14570.0
2023-03-23,W4Z3,15050.0,15050.0,14580.0,14580.0,2,2,29630.0,14580.0
2023-03-23,YNM3,19231.0,19441.0,19175.0,19387.0,4900,2293,94826592.0,19408.0
2023-03-23,YNU3,19614.0,19830.0,19589.0,19782.0,213,129,4199131.0,19781.0
2023-03-24,AFM3,2933.0,2954.0,2918.0,2930.0,3390,537,9940367.0,2931.0
2023-03-24,AFU3,2977.0,2992.0,2968.0,2972.0,45,32,134223.0,2973.0
2023-03-24,AFZ3,3044.0,3045.0,3044.0,3045.0,2,2,6089.0,3044.0
2023-03-24,AKM3,14124.0,14599.0,14110.0,14441.0,1579,419,22719768.0,14592.0
2023-03-24,AKU3,14709.0,14709.0,14709.0,14709.0,2,2,29418.0,14709.0
2023-03-24,ALM3,6487.0,6507.0,6448.0,6450.0,3071,1149,19897162.0,6454.0
2023-03-24,ALU3,6491.0,6566.0,6376.0,6411.0,95,55,610018.0,6387.0
2023-03-24,ALZ3,6650.0,6650.0,6568.0,6628.0,6,6,39730.0,6628.0
2023-03-24,BRF4,89.97,90.0,89.97,90.0,2,2,138691.72,90.0
2023-03-24,BRG4,89.18,89.18,89.18,89.18,1,1,68725.5,89.18
2023-03-24,BRH4,92.49,92.49,91.51,91.51,2,2,141797.39,91.51
2023-03-24,BRJ3,76.89,76.99,73.21,74.87,526851,152531,30374789561.02,74.77
2023-03-24,BRK3,77.4,77.53,74.07,75.78,56646,30956,3301877208.8,75.71
2023-03-24,BRM3,78.33,78.56,75.3,77.06,2506,1266,148148782.51,77.0
2023-03-24,BRN3,80.56,80.56,77.47,78.9,221,168,13376349.13,78.76
2023-03-24,BRQ3,82.4,82.4,80.02,80.73,33,25,2055453.35,80.88
2023-03-24,BRU3,83.9,83.9,81.75,81.75,10,10,639837.61,82.8
2023-03-24,BRV3,87.01,87.01,87.01,87.01,1,1,67053.21,87.01
2023-03-24,BRX3,88.09,89.0,84.24,88.2,11,11,734302.43,88.0
2023-03-24,BRZ3,88.22,88.22,87.31,87.4,3,3,202623.84,87.41
2023-03-24,CAM3,1.3794,1.3794,1.3729,1.3729,2,2,153908.06,1.3727
2023-03-24,CFM3,0.914,0.9242,0.9103,0.9174,10,10,762839.67,0.917
2023-03-24,CHM3,102806.0,103007.0,101817.0,101843.0,73,64,7477303.0,101819.0
2023-03-24,CNYRUBF,11.12,11.19,11.01,11.14,57920,2772,644199110.0,11.14
2023-03-24,CRH4,11.82,11.89,11.82,11.89,4,3,47490.0,11.89
2023-03-24,CRM3,11.218,11.271,11.193,11.258,1537653,56215,17280306398.0,11.268
2023-03-24,CRM4,11.963,12.277,11.958,12.07,20,19,242768.0,12.07
2023-03-24,CRU3,11.379,11.419,11.347,11.41,7850,1180,89395267.0,11.417
2023-03-24,CRZ3,11.573,11.633,11.557,11.633,10,6,116146.0,11.63
2023-03-24,CoJ3,9339.5,9339.5,9318.5,9318.5,2,2,143785.64,9317.0
2023-03-24,DXM3,12436.0,12436.0,12061.0,12085.0,91,33,927906.2,12092.0
2023-03-24,DXU3,12012.0,12052.0,11551.0,11551.0,8,8,78369.68,12084.0
2023-03-24,DXZ3,12057.0,12289.0,11560.0,11701.0,13,12,128937.25,12032.0
2023-03-24,EDM3,1.0768,1.077,1.064,1.0674,84548,20997,6969125402.16,1.0675
2023-03-24,EDU3,1.0744,1.0771,1.0645,1.0677,689,520,56854034.16,1.0676
2023-03-24,EURRUBF,82.45,82.86,82.12,82.85,3155,1635,259904980.0,82.88
2023-03-24,EuM3,81859.0,82542.0,81502.0,82438.0,108083,34425,8851700385.0,82437.0
2023-03-24,EuM4,86211.0,86211.0,86211.0,86211.0,1,1,86211.0,86156.0
2023-03-24,EuU3,81720.0,82460.0,81584.0,82440.0,1634,765,134093800.0,82435.0
2023-03-24,EuZ3,82774.0,83020.0,82774.0,83000.0,15,13,1242454.0,83009.0
2023-03-24,FSM3,9394.0,9521.0,9348.0,9520.0,312,60,2958398.0,9520.0
2023-03-24,FVM3,14485.0,14485.0,14219.0,14307.0,891,334,12752338.0,14261.0
2023-03-24,FVU3,14350.0,14350.0,14350.0,14350.0,1,1,14350.0,14350.0
2023-03-24,GDH4,2043.0,2060.9,2043.0,2047.9,104,54,16459586.97,2047.9
2023-03-24,GDM3,1987.6,2011.5,1987.5,1998.0,216110,71564,33330999499.07,1997.5
2023-03-24,GDU3,1995.5,2017.0,1995.0,2001.8,3639,2533,562986779.49,2001.8
2023-03-24,GDZ3,2017.6,2030.4,2013.0,2022.8,154,119,24013311.23,2022.8
2023-03-24,GKM3,15061.0,15324.0,15002.0,15240.0,12799,5434,194555447.0,15218.0
2023-03-24,GKU3,15190.0,15190.0,14841.0,15189.0,15,8,227149.0,15189.0
2023-03-24,GKZ3,15504.0,15504.0,15504.0,15504.0,1,1,15504.0,15504.0
2023-03-24,GOM3,5585.0,5585.0,5585.0,5585.0,1,1,55850.0,5584.2
2023-03-24,GUM3,1.2342,1.2343,1.2202,1.2202,15,11,1417989.33,1.2206
2023-03-24,GZH4,18020.0,19100.0,17953.0,19100.0,36,13,672209.0,18087.0
2023-03-24,GZH5,19013.0,19013.0,19013.0,19013.0,1,1,19013.0,19157.0
2023-03-24,GZM3,17215.0,17250.0,17054.0,17166.0,52455,16115,899188395.0,17116.0
2023-03-24,GZU3,17069.0,17081.0,16855.0,16920.0,659,371,11171270.0,16900.0
2023-03-24,GZU5,19499.0,19499.0,18962.0,19300.0,6,6,115424.0,19299.0
2023-03-24,GZZ3,17548.0,17548.0,17425.0,17425.0,2,2,34973.0,17425.0
2023-03-24,HKM3,9.731,9.859,9.727,9.859,436,36,4279891.0,9.859
2023-03-24,HKU3,10.025,10.384,10.0,10.054,9,9,90654.0,10.054
2023-03-24,HOM3,25750.0,25750.0,25700.0,25700.0,2,2,51450.0,25700.0
2023-03-24,HOU3,26140.0,26140.0,26140.0,26140.0,1,1,26140.0,26000.0
2023-03-24,HSM3,21344.0,21345.0,20720.0,20749.0,4636,616,9502688.95,20749.0
2023-03-24,HSU3,22210.0,22250.0,22058.0,22058.0,23,18,49580.89,21999.0
2023-03-24,HSZ3,22740.0,22900.0,22022.0,22776.0,40,19,87254.1,22001.0
2023-03-24,HYM3,8020.0,8131.0,7976.0,8080.0,833,306,6727704.0,8080.0
2023-03-24,HYU3,8218.0,8218.0,8218.0,8218.0,1,1,8218.0,8238.0
2023-03-24,IRM3,33928.0,34577.0,33687.0,34299.0,121,61,4154687.0,34299.0
2023-03-24,JPM3,132.45,132.49,131.56,132.39,21,19,1623343.77,132.39
2023-03-24,JPU3,133.0,133.0,133.0,133.0,1,1,77852.88,132.0
2023-03-24,LKH4,43399.0,43399.0,38020.0,43396.0,5,5,206235.0,43396.0
2023-03-24,LKM3,42431.0,42887.0,42283.0,42700.0,5002,3299,213157435.0,42720.0
2023-03-24,LKU3,41495.0,41775.0,41415.0,41604.0,39,31,1621168.0,41604.0
2023-03-24,LKZ3,42599.0,42599.0,42599.0,42599.0,1,1,42599.0,42599.0
2023-03-24,MAM3,6662.0,6800.0,6310.0,6800.0,10,8,66576.0,6800.0
2023-03-24,MCM3,13950.0,14571.0,13949.0,14138.0,713,265,10063286.0,14119.0
2023-03-24,MEM3,11131.0,11190.0,11080.0,11108.0,2218,844,24660691.0,11095.0
2023-03-24,MEU3,11252.0,11253.0,11252.0,11252.0,11,6,123773.0,11244.0
2023-03-24,MGM3,39208.0,39334.0,38900.0,38957.0,417,257,16311028.0,38910.0
2023-03-24,MGU3,39621.0,39654.0,39501.0,39501.0,4,4,158277.0,39501.0
2023-03-24,MLM3,4877.0,4899.0,4861.0,4877.0,427,112,2080298.0,4877.0
2023-03-24,MMH4,2447.45,2555.0,2447.45,2483.85,38,22,959301.5,2483.85
2023-03-24,MMH5,2590.9,2590.9,2534.3,2534.3,2,2,51252.0,2710.5
2023-03-24,MMM3,2370.0,2378.0,2358.0,2373.75,26598,7279,629963462.5,2372.9
2023-03-24,MMM4,2506.8,2590.0,2411.85,2499.15,99,49,2462351.0,2499.15
2023-03-24,MMU3,2382.0,2391.95,2368.0,2383.5,147,70,3498496.0,2382.15
2023-03-24,MMU4,2587.0,2810.0,2412.05,2616.0,77,38,2022560.5,2615.7
2023-03-24,MMZ3,2410.0,2415.75,2342.0,2415.75,63,31,1495044.0,2415.65
2023-03-24,MNM3,4530.0,4550.0,4510.0,4510.0,4386,1341,19892837.0,4528.0
2023-03-24,MNU3,4603.0,4603.0,4534.0,4534.0,125,33,568613.0,4543.0
2023-03-24,MTM3,25805.0,25836.0,25419.0,25424.0,455,184,11662318.0,25460.0
2023-03-24,MTU3,24500.0,24500.0,24380.0,24380.0,4,4,97827.0,24284.0
2023-03-24,MXM3,237225.0,237800.0,235825.0,237250.0,11789,7192,2791767100.0,237375.0
2023-03-24,MXU3,236875.0,238000.0,236700.0,237825.0,13,12,3087475.0,237725.0
2023-03-24,MXZ3,242000.0,242000.0,242000.0,242000.0,3,2,726000.0,242000.0
2023-03-24,NAM3,12626.0,12643.0,12391.0,12528.0,122906,13253,1185947937.04,12541.0
2023-03-24,NAU3,12620.0,12620.0,12413.0,12518.0,252,154,2435488.12,12518.0
2023-03-24,NAZ3,12616.0,12616.0,12544.0,12588.0,41,25,397669.36,12571.0
2023-03-24,NGH3,2.245,2.259,2.175,2.234,1099324,175841,18767120623.02,2.229
2023-03-24,NGJ3,2.432,2.448,2.377,2.417,186191,71451,3457343965.62,2.414
2023-03-24,NGK3,2.755,2.78,2.715,2.754,5413,3471,114471818.28,2.751
2023-03-24,NGM3,3.092,3.148,3.035,3.092,2728,1349,64845326.67,3.092
2023-03-24,NGN3,3.211,3.245,3.211,3.245,55,41,1366626.25,3.245
2023-03-24,NGQ3,3.349,3.369,3.29,3.36,126,82,3234290.57,3.36
2023-03-24,NKM3,111113.0,111113.0,110337.0,110909.0,154,123,17066927.0,110902.0
2023-03-24,NMM3,12736.0,12797.0,12688.0,12769.0,948,547,12097092.0,12733.0
2023-03-24,OGM3,6058.0,6192.0,6058.0,6106.0,3,3,18356.0,6110.0
2023-03-24,OZM3,17013.0,17132.0,16966.0,16966.0,983,373,16778861.0,16996.0
2023-03-24,PDM3,1505.01,1510.0,1475.0,1487.6,442,231,50809328.74,1487.61
2023-03-24,PHM3,6980.0,7099.0,6980.0,7078.0,931,237,6569018.0,7088.0
2023-03-24,PIM3,6554.0,6572.0,6515.0,6563.0,110,38,719811.0,6567.0
2023-03-24,POM3,5686.0,5727.0,5579.0,5689.0,15210,3412,86190291.0,5692.0
2023-03-24,POU3,5792.0,5794.0,5683.0,5788.0,47,33,270190.0,5785.0
2023-03-24,PSM3,1711.0,1735.0,1709.0,1709.0,906,161,1558406.0,1710.0
2023-03-24,PSU3,1730.0,1735.0,1730.0,1735.0,3,2,5200.0,1735.0
2023-03-24,PTM3,1006.1,1014.5,987.9,1002.0,798,661,61556143.53,1002.0
2023-03-24,PTU3,1043.1,1046.7,1021.9,1021.9,18,12,1434303.77,1029.1
2023-03-24,PZM3,95803.0,96700.0,95430.0,95878.0,661,494,63483830.0,95878.0
2023-03-24,PZU3,96822.0,96822.0,96822.0,96822.0,1,1,96822.0,96464.0
2023-03-24,RBM3,12849.0,12849.0,12791.0,12791.0,2,2,25640.0,12791.0
2023-03-24,RIH4,98480.0,98480.0,98480.0,98480.0,1,1,151785.25,98480.0
2023-03-24,RIM3,98970.0,99280.0,97420.0,97530.0,92775,55720,14034380863.1,97530.0
2023-03-24,RIM4,100370.0,100370.0,98380.0,98380.0,2,2,306329.4,98380.0
2023-03-24,RIU3,98980.0,98980.0,97480.0,97510.0,203,177,30724815.69,97520.0
2023-03-24,RIZ3,98340.0,98340.0,97500.0,97500.0,6,6,906288.06,97500.0
2023-03-24,RLM3,4199.0,4201.0,4173.0,4197.0,165,60,691204.0,4197.0
2023-03-24,RLU3,4301.0,4301.0,4301.0,4301.0,2,1,8602.0,4301.0
2023-03-24,RMM3,988.5,989.5,975.0,976.0,15435,4821,233559908.04,976.0
2023-03-24,RMU3,991.5,991.5,977.0,977.0,138,57,2095742.24,977.0
2023-03-24,RNH4,38117.0,38117.0,38117.0,38117.0,1,1,38117.0,38116.0
2023-03-24,RNM3,37494.0,37740.0,37355.0,37615.0,1306,887,49065452.0,37615.0
2023-03-24,RNU3,37697.0,37869.0,37594.0,37749.0,19,16,716881.0,37749.0
2023-03-24,RNZ3,36334.0,36334.0,36137.0,36137.0,3,3,108778.0,36410.0
2023-03-24,RNZ5,41059.0,41059.0,38522.0,38522.0,2,2,79581.0,37336.0
2023-03-24,RTM3,6103.0,6142.0,6092.0,6094.0,332,59,2031684.0,6094.0
2023-03-24,RTU3,6207.0,6207.0,6207.0,6207.0,1,1,6207.0,6166.0
2023-03-24,SEM3,1507.0,1511.0,1491.0,1491.0,19,8,28486.0,1491.0
2023-03-24,SFH4,390.03,400.0,377.56,385.0,28,22,831610.71,391.51
2023-03-24,SFM3,396.7,397.06,388.61,392.39,229275,33871,6922355174.34,392.39
2023-03-24,SFU3,394.71,394.76,387.45,390.55,1814,948,54515972.7,390.97
2023-03-24,SFZ3,395.1,395.11,390.0,390.76,104,55,3140842.82,390.76
2023-03-24,SGM3,29957.0,30255.0,29917.0,30255.0,174,115,5243616.0,30238.0
2023-03-24,SGU3,28500.0,28500.0,28500.0,28500.0,1,1,28500.0,28502.0
2023-03-24,SNM3,23545.0,23597.0,23435.0,23492.0,656,416,15415720.0,23444.0
2023-03-24,SOM3,4631.0,4682.0,4607.0,4676.0,253,48,1174885.0,4675.0
2023-03-24,SPM3,18598.0,18685.0,18456.0,18564.0,7128,3475,132297186.0,18587.0
2023-03-24,SPU3,18800.0,18834.0,18727.0,18781.0,12,11,225490.0,18781.0
2023-03-24,SRH4,19750.0,20501.0,19744.0,19744.0,79,44,1583173.0,19856.0
2023-03-24,SRM3,18600.0,18667.0,18450.0,18617.0,202995,50487,3767417349.0,18623.0
2023-03-24,SRU3,18856.0,18920.0,18716.0,18878.0,2102,1146,39571467.0,18884.0
2023-03-24,SRZ3,19148.0,19284.0,19100.0,19215.0,45,27,862902.0,19220.0
2023-03-24,SSM3,2540.0,2587.0,2523.0,2587.0,1021,156,2611088.0,2586.0
2023-03-24,SSU3,2680.0,2683.0,2680.0,2683.0,5,2,13412.0,2678.0
2023-03-24,SVH4,24.79,24.79,24.79,24.79,5,1,95520.6,24.56
2023-03-24,SVM3,23.3,23.58,23.13,23.36,92628,16379,1667692437.16,23.37
2023-03-24,SVU3,23.74,23.96,23.51,23.78,1886,840,34553011.46,23.78
2023-03-24,SVZ3,24.14,24.36,24.04,24.3,127,52,2369496.27,24.3
2023-03-24,SXM3,4100.3,4114.9,4050.3,4069.9,354,70,1199165.42,4069.7
2023-03-24,SXU3,3999.2,4019.2,3948.6,3948.6,34,13,112438.24,3949.0
2023-03-24,SXZ3,4000.0,4000.0,3909.1,3909.1,12,7,39005.31,3911.0
2023-03-24,SiH4,77901.0,83435.0,77077.0,79199.0,141,68,11145940.0,79199.0
2023-03-24,SiH5,84160.0,84160.0,84159.0,84159.0,2,2,168319.0,84159.0
2023-03-24,SiM3,75973.0,77147.0,75900.0,77060.0,1284224,272759,98185861457.0,77053.0
2023-03-24,SiM4,79762.0,80443.0,79762.0,80443.0,9,9,722090.0,80443.0
2023-03-24,SiU3,76146.0,77245.0,76090.0,77159.0,6549,3192,502251029.0,77164.0
2023-03-24,SiU4,80861.0,81316.0,80080.0,81000.0,18,12,1454935.0,81428.0
2023-03-24,SiZ3,76928.0,77668.0,76900.0,77500.0,619,315,47926494.0,77553.0
2023-03-24,SiZ4,82388.0,82388.0,82388.0,82388.0,1,1,82388.0,82398.0
2023-03-24,TIM3,25230.0,25230.0,25023.0,25023.0,218,137,5482548.0,25023.0
2023-03-24,TNM3,109920.0,109920.0,100720.0,105104.0,20,20,2131366.0,105104.0
2023-03-24,TTM3,35142.0,35473.0,35002.0,35386.0,755,476,26643107.0,35394.0
2023-03-24,TTU3,35018.0,35131.0,35018.0,35131.0,11,5,385615.0,35187.0
2023-03-24,TYH4,3.456,3.456,3.451,3.451,20,6,69057.0,3.706
2023-03-24,TYM3,3.983,4.005,3.98,3.987,516,40,2057488.0,3.987
2023-03-24,UCM3,6.787,6.859,6.784,6.853,5523,2068,419492734.22,6.853
2023-03-24,USDRUBF,76.07,77.24,76.02,77.05,45861,11442,3513121660.0,77.06
2023-03-24,VBM3,1851.0,1858.0,1802.0,1819.0,209133,12889,383294871.0,1813.0
2023-03-24,VBU3,1870.0,1873.0,1825.0,1838.0,3096,690,5756035.0,1836.0
2023-03-24,VBZ3,1900.0,1910.0,1866.0,1868.0,53,6,99083.0,1868.0
2023-03-24,VIJ3,35.35,35.5,35.35,35.5,14,4,76508.91,35.5
2023-03-24,W4F4,14630.0,14630.0,14420.0,14420.0,4,3,58080.0,14420.0
2023-03-24,W4H3,13760.0,13860.0,13670.0,13820.0,153,51,2113040.0,13820.0
2023-03-24,W4J3,13820.0,14180.0,13820.0,13830.0,21,17,295020.0,13830.0
2023-03-24,W4K3,13990.0,14010.0,13830.0,13830.0,11,5,153320.0,13880.0
2023-03-24,W4M3,14460.0,14470.0,13800.0,14200.0,15,11,211580.0,14190.0
2023-03-24,W4U3,14530.0,14530.0,14530.0,14530.0,1,1,14530.0,14530.0
2023-03-24,YNM3,19406.0,19440.0,19132.0,19245.0,3317,1870,63956213.0,19239.0
2023-03-24,YNU3,19772.0,19806.0,19551.0,19623.0,97,51,1909380.0,19623.0
2023-03-27,AFM3,2933.0,3226.0,2932.0,3213.0,26336,2973,82833555.0,3209.0
2023-03-27,AFU3,2979.0,3272.0,2979.0,3260.0,1286,514,4104615.0,3263.0
2023-03-27,AFZ3,3045.0,3257.0,3045.0,3257.0,25,6,78535.0,3258.0
2023-03-27,AKM3,14464.0,14825.0,14464.0,14743.0,1138,367,16679148.0,14677.0
2023-03-27,AKU3,14892.0,14893.0,14892.0,14893.0,2,2,29785.0,14893.0
2023-03-27,ALM3,6450.0,6634.0,6443.0,6589.0,8552,2125,55965055.0,6611.0
2023-03-27,ALU3,6391.0,6564.0,6387.0,6530.0,97,53,628824.0,6564.0
2023-03-27,ALZ3,6561.0,6633.0,6540.0,6633.0,8,8,52715.0,6633.0
2023-03-27,BRF4,89.01,90.88,89.0,90.88,8,6,553888.06,90.88
2023-03-27,BRG4,91.0,91.0,91.0,91.0,1,1,69819.11,91.0
2023-03-27,BRJ3,74.9,76.75,74.38,76.74,293829,93806,17060116831.71,76.72
2023-03-27,BRK3,75.82,77.44,75.4,77.42,32169,18317,1889399853.97,77.42
2023-03-27,BRM3,77.19,78.75,76.69,78.72,1184,626,70621319.23,78.67
2023-03-27,BRN3,79.0,80.27,78.6,80.27,125,81,7630845.52,80.27
2023-03-27,BRQ3,81.43,82.39,81.43,82.15,16,11,1007228.93,82.31
2023-03-27,BRU3,84.39,85.5,83.26,85.0,47,11,3058714.11,85.0
2023-03-27,BRV3,86.0,87.0,85.17,87.0,9,8,596155.5,86.88
2023-03-27,BRX3,87.0,87.5,87.0,87.5,9,5,603436.6,87.5
2023-03-27,BRZ3,87.98,89.7,87.65,89.7,11,11,743113.2,89.7
2023-03-27,CAM3,1.3654,1.3654,1.3654,1.3654,2,1,151919.6,1.3654
2023-03-27,CHM3,102021.0,103058.0,101706.0,102197.0,237,196,24220176.0,102102.0
2023-03-27,CHU3,104214.0,104249.0,104214.0,104249.0,2,2,208463.0,103976.0
2023-03-27,CNYRUBF,11.15,11.17,11.1,11.13,30461,1141,339007580.0,11.12
2023-03-27,CRH4,11.855,11.87,11.855,11.855,21,3,248970.0,11.855
2023-03-27,CRM3,11.257,11.286,11.205,11.239,1221440,42934,13725752571.0,11.24
2023-03-27,CRM4,12.099,12.099,12.02,12.02,40,6,483566.0,12.027
2023-03-27,CRU3,11.418,11.434,11.356,11.392,4825,886,55004394.0,11.392
2023-03-27,CRZ3,11.615,11.641,11.615,11.641,14,5,162884.0,11.641
2023-03-27,CoJ3,9317.0,9684.5,8708.0,8708.0,18,16,1272113.59,9294.5
2023-03-27,DXM3,12093.0,12268.0,12088.0,12141.0,44,26,441716.54,12141.0
2023-03-27,DXU3,12193.0,12193.0,12193.0,12193.0,1,1,10074.47,12061.0
2023-03-27,DXZ3,11730.0,11730.0,11702.0,11702.0,4,3,38698.25,11997.0
2023-03-27,EDM3,1.0677,1.0697,1.0669,1.068,57578,7875,4718117379.31,1.068
2023-03-27,EDU3,1.0681,1.0691,1.0669,1.0676,149,131,12209222.18,1.0678
2023-03-27,EURRUBF,82.74,82.77,82.16,82.66,2787,1471,229827970.0,82.63
2023-03-27,EuH4,84200.0,84200.0,84200.0,84200.0,1,1,84200.0,84200.0
2023-03-27,EuM3,82438.0,82516.0,81887.0,82249.0,46887,13736,3849646573.0,82231.0
2023-03-27,EuM4,86374.0,86374.0,84712.0,85555.0,3,3,256641.0,85555.0
2023-03-27,EuU3,82461.0,82461.0,81950.0,82230.0,925,392,76069496.0,82230.0
2023-03-27,EuZ3,82900.0,82900.0,82900.0,82900.0,2,2,165800.0,82900.0
2023-03-27,FNM3,6981.0,6981.0,6981.0,6981.0,1,1,6981.0,7006.0
2023-03-27,FSM3,9479.0,9725.0,9479.0,9720.0,248,67,2391292.0,9720.0
2023-03-27,FVM3,14308.0,14489.0,14110.0,14256.0,1073,393,15340210.0,14255.0
2023-03-27,GDH4,2041.0,2046.0,1969.5,1991.2,350,179,53696076.96,1992.7
2023-03-27,GDM3,1997.1,1999.3,1963.0,1975.8,188181,62351,28519709742.51,1975.6
2023-03-27,GDU3,2001.0,2002.4,1970.8,1983.2,3299,2154,501996062.32,1983.0
2023-03-27,GDZ3,2022.7,2022.7,1980.0,1996.5,254,196,38849218.78,1996.5
2023-03-27,GKM3,15218.0,15344.0,15164.0,15228.0,15410,6717,234679148.0,15232.0
2023-03-27,GKU3,15189.0,15494.0,15105.0,15331.0,52,41,796301.0,15307.0
2023-03-27,GUM3,1.2232,1.2232,1.2232,1.2232,1,1,93849.16,1.2232
2023-03-27,GZH4,17976.0,18350.0,17976.0,18287.0,52,19,944711.0,18287.0
2023-03-27,GZH5,19131.0,19131.0,19131.0,19131.0,2,1,38262.0,19201.0
2023-03-27,GZM3,17164.0,17579.0,17130.0,17507.0,77019,20303,1342675431.0,17487.0
2023-03-27,GZM4,18782.0,18880.0,18380.0,18880.0,40,33,746663.0,18880.0
2023-03-27,GZU3,16913.0,17379.0,16817.0,17265.0,729,426,12438612.0,17252.0
2023-03-27,GZU4,19060.0,21101.0,18704.0,19600.0,108,78,2161253.0,19600.0
2023-03-27,GZU5,19645.0,19645.0,19645.0,19645.0,1,1,19645.0,19628.0
2023-03-27,GZZ3,17400.0,17800.0,17400.0,17800.0,39,23,687222.0,17800.0
2023-03-27,GZZ4,18931.0,19440.0,18881.0,19440.0,8,5,153637.0,19440.0
2023-03-27,GZZ5,20550.0,20550.0,20549.0,20549.0,2,2,41099.0,20549.0
2023-03-27,HKM3,9.877,9.877,9.79,9.858,168,18,1652837.0,9.858
2023-03-27,HKU3,10.137,10.143,10.137,10.143,101,10,1024437.0,10.143
2023-03-27,HOM3,25800.0,25800.0,25700.0,25700.0,19,6,488700.0,25710.0
2023-03-27,HOU3,25710.0,25710.0,25600.0,25600.0,3,3,77010.0,25890.0
2023-03-27,HSM3,20757.0,20900.0,20331.0,20490.0,5532,649,11112997.42,20460.0
2023-03-27,HSU3,21914.0,21950.0,21700.0,21774.0,24,14,51226.97,21738.0
2023-03-27,HSZ3,22001.0,22001.0,21255.0,21550.0,11,9,23264.37,21507.0
2023-03-27,HYM3,8067.0,8440.0,8035.0,8316.0,2003,440,16522255.0,8304.0
2023-03-27,IRM3,34113.0,34535.0,34007.0,34323.0,106,50,3630213.0,34400.0
2023-03-27,IRU3,35000.0,35000.0,35000.0,35000.0,1,1,35000.0,35000.0
2023-03-27,JPM3,132.77,132.96,132.24,132.96,8,8,621624.36,132.96
2023-03-27,LKH4,43699.0,47500.0,43699.0,47500.0,33,20,1523597.0,43949.0
2023-03-27,LKM3,42800.0,43715.0,42685.0,43700.0,5593,3358,242004726.0,43676.0
2023-03-27,LKU3,41641.0,42092.0,40163.0,42092.0,202,130,8370120.0,42030.0
2023-03-27,LKZ3,42550.0,44000.0,41510.0,42089.0,99,56,4208725.0,42089.0
2023-03-27,MAM3,6603.0,6603.0,6603.0,6603.0,1,1,6603.0,6604.0
2023-03-27,MCM3,14134.0,14433.0,14018.0,14433.0,183,81,2615456.0,14398.0
2023-03-27,MCU3,14668.0,14668.0,14668.0,14668.0,1,1,14668.0,14668.0
2023-03-27,MEM3,11116.0,11182.0,10985.0,11064.0,4627,1689,51199743.0,11062.0
2023-03-27,MEU3,11242.0,11269.0,11144.0,11256.0,39,19,437346.0,11201.0
2023-03-27,MGM3,38959.0,39645.0,38861.0,39383.0,581,409,22911242.0,39380.0
2023-03-27,MGU3,40249.0,40249.0,40249.0,40249.0,1,1,40249.0,40116.0
2023-03-27,MLM3,4873.0,4940.0,4861.0,4930.0,2014,487,9890809.0,4927.0
2023-03-27,MLU3,5011.0,5011.0,5011.0,5011.0,10,5,50110.0,5011.0
2023-03-27,MMH4,2520.0,2522.1,2459.9,2522.1,8,6,200150.0,2522.0
2023-03-27,MMM3,2372.95,2425.65,2370.6,2423.7,52842,13227,1268470113.5,2424.1
2023-03-27,MMM4,2446.45,2582.0,2423.0,2573.85,79,33,2004190.0,2573.85
2023-03-27,MMU3,2381.4,2432.3,2379.2,2430.3,274,116,6595595.0,2430.6
2023-03-27,MMU4,2548.9,2548.9,2482.0,2544.05,32,14,797854.5,2613.0
2023-03-27,MMU5,2660.05,2759.4,2660.05,2759.4,4,4,109084.5,2797.25
2023-03-27,MMZ3,2415.75,2453.0,2404.8,2424.05,83,42,2016662.0,2427.05
2023-03-27,MMZ4,2688.6,2701.95,2688.6,2701.95,3,3,80877.0,2700.05
2023-03-27,MMZ5,2762.5,2762.55,2723.6,2723.6,3,3,82486.5,2848.9
2023-03-27,MNM3,4529.0,4585.0,4519.0,4558.0,7855,2935,35826815.0,4550.0
2023-03-27,MNU3,4536.0,4576.0,4534.0,4562.0,104,35,472586.0,4562.0
2023-03-27,MTM3,25460.0,26085.0,25444.0,26073.0,940,312,24217668.0,26078.0
2023-03-27,MTU3,24004.0,24586.0,24004.0,24586.0,5,5,121366.0,24586.0
2023-03-27,MTZ3,25300.0,25300.0,25300.0,25300.0,1,1,25300.0,25300.0
2023-03-27,MXM3,237300.0,242900.0,237050.0,242700.0,20029,11483,4812603450.0,242750.0
2023-03-27,MXU3,237550.0,242925.0,237550.0,242925.0,49,45,11761325.0,242925.0
2023-03-27,MXZ3,245200.0,246000.0,245200.0,245200.0,5,4,1226800.0,246000.0
2023-03-27,NAM3,12550.0,12740.0,12480.0,12543.0,64557,7571,622957529.21,12539.0
2023-03-27,NAU3,12498.0,12669.0,12471.0,12545.0,138,94,1331205.17,12545.0
2023-03-27,NAZ3,12511.0,12631.0,12510.0,12560.0,74,37,714821.47,12560.0
2023-03-27,NGH3,2.229,2.254,2.115,2.12,803234,138917,13354172080.39,2.12
2023-03-27,NGJ3,2.418,2.446,2.325,2.327,300250,88439,5439941244.93,2.328
2023-03-27,NGK3,2.756,2.78,2.66,2.668,8290,6077,171770716.26,2.669
2023-03-27,NGM3,3.094,3.109,3.03,3.036,2598,1318,60959750.26,3.036
2023-03-27,NGN3,3.254,3.254,3.18,3.18,108,57,2658228.42,3.18
2023-03-27,NGQ3,3.373,3.374,3.263,3.302,123,67,3115129.33,3.302
2023-03-27,NGU3,3.201,3.201,3.201,3.201,3,3,73678.35,3.213
2023-03-27,NKM3,110331.0,113350.0,109997.0,113350.0,418,359,46874217.0,113155.0
2023-03-27,NMM3,12769.0,12962.0,12739.0,12961.0,1067,414,13717244.0,12881.0
2023-03-27,NMU3,12904.0,12904.0,12904.0,12904.0,1,1,12904.0,13061.0
2023-03-27,OGM3,6148.0,6150.0,6115.0,6123.0,5,5,30686.0,6123.0
2023-03-27,OZM3,16966.0,17780.0,16928.0,17681.0,1822,840,31830437.0,17689.0
2023-03-27,PDM3,1493.0,1499.5,1477.05,1492.9,230,129,26230254.32,1492.9
2023-03-27,PDU3,1552.5,1559.0,1552.5,1559.0,2,2,238726.73,1559.0
2023-03-27,PHM3,7089.0,7125.0,7058.0,7125.0,1129,247,8028722.0,7125.0
2023-03-27,PIM3,6529.0,6673.0,6505.0,6673.0,214,87,1412233.0,6654.0
2023-03-27,POM3,5678.0,5694.0,5557.0,5681.0,14952,3606,84268302.0,5665.0
2023-03-27,POU3,5760.0,5765.0,5706.0,5736.0,26,22,149310.0,5746.0
2023-03-27,PSM3,1711.0,1741.0,1701.0,1724.0,1028,234,1768716.0,1724.0
2023-03-27,PSU3,1730.0,1740.0,1730.0,1740.0,2,2,3470.0,1740.0
2023-03-27,PTM3,1001.0,1003.1,991.0,998.8,699,533,53420874.04,997.9
2023-03-27,PTU3,1037.1,1037.1,1024.0,1030.1,12,12,948273.95,1030.0
2023-03-27,PZM3,95663.0,95700.0,94240.0,94732.0,675,466,64093039.0,94730.0
2023-03-27,RBM3,12625.0,12630.0,12625.0,12630.0,2,2,25255.0,12630.0
2023-03-27,RIM3,97420.0,100060.0,97420.0,100020.0,94042,54480,14302663904.51,100000.0
2023-03-27,RIM4,100080.0,100080.0,100080.0,100080.0,1,1,153571.76,100080.0
2023-03-27,RIU3,97550.0,100070.0,97550.0,100070.0,228,210,34662901.59,100050.0
2023-03-27,RIZ3,98090.0,99300.0,98090.0,99300.0,15,13,2280789.2,99300.0
2023-03-27,RLM3,4200.0,4256.0,4197.0,4205.0,632,142,2662680.0,4200.0
2023-03-27,RMM3,975.0,1000.0,975.0,999.5,20089,6178,305111975.27,999.5
2023-03-27,RMU3,976.5,997.5,975.0,997.5,601,146,9125665.08,997.5
2023-03-27,RMZ3,980.0,990.0,980.0,990.0,2,2,30229.37,990.0
2023-03-27,RNH4,38472.0,38472.0,37991.0,37991.0,7,6,267010.0,37990.0
2023-03-27,RNM3,37616.0,38385.0,37551.0,38360.0,2730,1314,103946052.0,38347.0
2023-03-27,RNM4,38309.0,38309.0,36772.0,36772.0,2,2,75081.0,37232.0
2023-03-27,RNU3,37647.0,38517.0,36729.0,38047.0,89,67,3355750.0,38047.0
2023-03-27,RNU4,37986.0,37986.0,37986.0,37986.0,1,1,37986.0,37550.0
2023-03-27,RNZ3,37391.0,37693.0,35699.0,37693.0,28,15,1024957.0,37685.0
2023-03-27,RNZ4,39626.0,39627.0,39626.0,39627.0,2,2,79253.0,39627.0
2023-03-27,RTM3,6090.0,6259.0,6089.0,6141.0,758,145,4683360.0,6142.0
2023-03-27,SAK3,35.59,35.6,35.29,35.6,12,4,432145.44,35.6
2023-03-27,SEM3,1495.0,1583.0,1450.0,1528.0,525,57,802086.0,1527.0
2023-03-27,SFH4,394.98,407.89,394.98,407.89,10,7,306622.11,395.01
2023-03-27,SFM3,392.39,397.3,391.3,395.3,121025,17966,3664249292.02,395.08
2023-03-27,SFU3,390.28,395.0,389.94,392.9,1369,584,41321749.27,392.9
2023-03-27,SFZ3,390.01,393.97,390.01,392.15,103,56,3099587.38,392.15
2023-03-27,SGM3,30294.0,32644.0,30252.0,31776.0,3184,1409,101229191.0,31816.0
2023-03-27,SGU3,29000.0,30615.0,29000.0,30615.0,5,4,149899.0,30298.0
2023-03-27,SLJ3,80.19,80.19,80.19,80.19,1,1,8019.0,80.7
2023-03-27,SNM3,23473.0,24500.0,23380.0,24101.0,4149,2134,99703419.0,24130.0
2023-03-27,SOM3,4669.0,4737.0,4654.0,4727.0,319,91,1502028.0,4727.0
2023-03-27,SPM3,18590.0,19269.0,18580.0,19237.0,9242,4696,175655101.0,19221.0
2023-03-27,SPU3,18855.0,19447.0,18855.0,19447.0,28,25,537473.0,19439.0
2023-03-27,SRH4,19964.0,20456.0,19964.0,20404.0,22,20,446038.0,20431.0
2023-03-27,SRM3,18618.0,19344.0,18602.0,19303.0,357517,84606,6814865646.0,19287.0
2023-03-27,SRU3,18880.0,19610.0,18869.0,19588.0,5915,2687,114173956.0,19568.0
2023-03-27,SRZ3,19250.0,19884.0,19239.0,19821.0,332,158,6526359.0,19821.0
2023-03-27,SSM3,2596.0,2628.0,2266.0,2600.0,17082,1994,43150358.0,2592.0
2023-03-27,SSU3,2477.0,2550.0,2412.0,2550.0,25,9,63066.0,2550.0
2023-03-27,SVH4,24.31,24.31,24.31,24.31,1,1,18651.68,24.32
2023-03-27,SVM3,23.36,23.38,22.98,23.15,68666,13469,1219173443.27,23.16
2023-03-27,SVU3,23.77,23.8,23.45,23.6,1317,778,23863021.66,23.6
2023-03-27,SVZ3,24.22,24.5,23.96,24.02,200,84,3709942.14,24.05
2023-03-27,SXM3,4051.0,4100.0,4050.1,4088.8,269,42,906865.78,4088.8
2023-03-27,SXU3,3949.0,3970.0,3945.0,3970.0,21,9,68636.03,3970.0
2023-03-27,SXZ3,3920.0,3930.0,3911.1,3930.0,10,4,32397.11,3979.3
2023-03-27,SiH4,79061.0,79061.0,78600.0,78718.0,70,31,5522809.0,78718.0
2023-03-27,SiM3,77078.0,77098.0,76457.0,76835.0,789660,170844,60565055968.0,76845.0
2023-03-27,SiM4,80172.0,80199.0,80172.0,80199.0,2,2,160371.0,80199.0
2023-03-27,SiU3,77150.0,77157.0,76621.0,76907.0,3394,1706,261019804.0,76949.0
2023-03-27,SiU4,81206.0,81206.0,80980.0,81112.0,5,5,405483.0,81112.0
2023-03-27,SiZ3,77530.0,77580.0,77030.0,77499.0,179,102,13864400.0,77499.0
2023-03-27,SiZ4,82423.0,83039.0,82423.0,83039.0,2,2,165462.0,83039.0
2023-03-27,TIM3,24998.0,25471.0,24968.0,25459.0,368,221,9309467.0,25433.0
2023-03-27,TNM3,105100.0,107581.0,105100.0,107581.0,5,5,533081.0,107575.0
2023-03-27,TTM3,35418.0,37000.0,35416.0,37000.0,1887,1129,68758225.0,36909.0
2023-03-27,TTU3,35217.0,36600.0,35217.0,36568.0,49,36,1780313.0,36568.0
2023-03-27,TYM3,3.98,3.981,3.945,3.949,334,70,1324013.0,3.949
2023-03-27,UCM3,6.856,6.856,6.824,6.855,3081,1227,234342495.41,6.853
2023-03-27,USDRUBF,77.12,77.14,76.5,76.74,22469,6438,1723976570.0,76.73
2023-03-27,VBM3,1815.0,1868.0,1810.0,1860.0,198195,14946,364556323.0,1857.0
2023-03-27,VBU3,1836.0,1887.0,1831.0,1875.0,1866,532,3468601.0,1875.0
2023-03-27,VBZ3,1857.0,1914.0,1857.0,1914.0,20,11,37617.0,1913.0
2023-03-27,VIJ3,34.45,34.45,33.8,33.8,21,11,109661.97,34.0
2023-03-27,W4H3,13820.0,13860.0,13700.0,13730.0,30,13,413640.0,13730.0
2023-03-27,W4J3,14210.0,14210.0,13710.0,13860.0,242,149,3384550.0,13860.0
2023-03-27,W4K3,13830.0,13830.0,13720.0,13720.0,9,4,124090.0,13820.0
2023-03-27,W4M3,14190.0,14480.0,13840.0,14290.0,12,9,170210.0,14190.0
2023-03-27,W4U3,14040.0,14040.0,14030.0,14030.0,4,2,56130.0,14190.0
2023-03-27,YNM3,19241.0,19538.0,19152.0,19486.0,4598,2420,89227539.0,19503.0
2023-03-27,YNU3,19636.0,19900.0,19577.0,19892.0,102,50,2024187.0,19892.0
2023-03-28,AFM3,3209.0,3330.0,3156.0,3205.0,26842,2907,86719601.0,3199.0
2023-03-28,AFU3,3257.0,3369.0,3207.0,3244.0,915,359,2991291.0,3250.0
2023-03-28,AFZ3,3347.0,3361.0,3280.0,3280.0,4,4,13349.0,3280.0
2023-03-28,AKM3,14724.0,14811.0,14371.0,14551.0,1429,517,20772750.0,14565.0
2023-03-28,ALM3,6610.0,6698.0,6526.0,6584.0,6119,1574,40468464.0,6582.0
2023-03-28,ALU3,6531.0,6682.0,6453.0,6560.0,120,53,788515.0,6560.0
2023-03-28,ALZ3,6650.0,6693.0,6650.0,6650.0,8,6,53244.0,6650.0
2023-03-28,BRF4,92.55,92.55,92.55,92.55,2,2,142431.12,92.55
2023-03-28,BRG4,91.75,91.75,91.75,91.75,1,1,70599.97,91.75
2023-03-28,BRH4,93.0,93.0,93.0,93.0,1,1,71561.83,93.0
2023-03-28,BRJ3,76.73,78.72,76.47,78.57,409189,121908,24549928060.9,78.58
2023-03-28,BRK3,77.35,79.34,77.2,79.01,67410,32737,4075706697.51,79.0
2023-03-28,BRM3,78.48,80.09,78.38,79.79,2631,1770,160938014.65,79.75
2023-03-28,BRN3,80.23,81.65,80.12,81.4,237,161,14777278.44,81.4
2023-03-28,BRQ3,82.31,84.17,82.31,83.17,50,35,3208632.21,83.26
2023-03-28,BRU3,83.85,85.9,83.81,85.25,19,16,1245906.8,85.25
2023-03-28,BRV3,87.4,87.4,86.13,87.3,11,9,737040.64,87.3
2023-03-28,BRX3,89.4,89.4,89.09,89.09,2,2,137344.84,89.09
2023-03-28,BRZ3,90.39,90.5,90.39,90.49,4,3,278460.15,90.48
2023-03-28,CHM3,101998.0,102751.0,101960.0,102244.0,128,110,13098387.0,102221.0
2023-03-28,CNYRUBF,11.13,11.19,11.08,11.18,35794,1714,398345570.0,11.17
2023-03-28,CRH4,11.847,11.983,11.811,11.972,130,24,1546412.0,11.972
2023-03-28,CRM3,11.242,11.302,11.191,11.294,1202641,43474,13532507395.0,11.296
2023-03-28,CRM4,12.09,12.09,12.09,12.09,1,1,12090.0,12.09
2023-03-28,CRU3,11.384,11.451,11.343,11.443,3338,692,38049902.0,11.444
2023-03-28,CRU4,12.303,12.303,12.034,12.034,2,2,24337.0,12.318
2023-03-28,CRZ3,11.583,11.701,11.581,11.701,46,21,535256.0,11.696
2023-03-28,CoJ3,8822.0,9459.5,8822.0,9432.0,17,13,1192951.04,9294.5
2023-03-28,DXM3,12192.0,12494.0,12151.0,12494.0,66,16,673764.79,12399.0
2023-03-28,EDM3,1.0681,1.073,1.0679,1.0724,43884,11447,3616580647.37,1.0727
2023-03-28,EDU3,1.069,1.0728,1.068,1.0725,494,414,40691062.3,1.0725
2023-03-28,EURRUBF,82.64,83.44,82.32,83.31,4074,1695,337483060.0,83.33
2023-03-28,EuH4,84370.0,84370.0,84370.0,84370.0,1,1,84370.0,84370.0
2023-03-28,EuM3,82212.0,82999.0,81953.0,82880.0,67610,22198,5578216214.0,82879.0
2023-03-28,EuU3,82205.0,82697.0,81914.0,82568.0,13170,4340,1082435326.0,82568.0
2023-03-28,EuZ3,82900.0,83366.0,82900.0,83366.0,4,3,332754.0,83491.0
2023-03-28,FSM3,9744.0,9799.0,9574.0,9681.0,178,64,1722645.0,9681.0
2023-03-28,FVM3,14273.0,14377.0,14040.0,14200.0,1145,453,16230108.0,14200.0
2023-03-28,FVU3,14500.0,14500.0,14270.0,14470.0,6,5,86390.0,14470.0
2023-03-28,GDH4,2003.0,2021.6,1998.0,2019.7,123,61,19019948.38,2019.7
2023-03-28,GDM3,1975.9,1991.7,1966.6,1987.0,138017,48041,21004064939.81,1986.6
2023-03-28,GDU3,1984.9,1998.3,1973.9,1993.6,1543,1115,235720361.1,1993.5
2023-03-28,GDZ3,1996.4,2016.9,1988.1,2008.6,90,70,13829946.16,2007.4
2023-03-28,GKM3,15236.0,15371.0,15160.0,15285.0,11462,4868,175015535.0,15300.0
2023-03-28,GKU3,15329.0,15392.0,14977.0,15294.0,45,31,683414.0,15290.0
2023-03-28,GKZ3,15662.0,17404.0,15618.0,15618.0,17,7,287810.0,15618.0
2023-03-28,GUM3,1.2309,1.2343,1.2244,1.2343,22,13,2085557.83,1.2343
2023-03-28,GZH4,18300.0,18300.0,18300.0,18300.0,1,1,18300.0,18230.0
2023-03-28,GZH5,19572.0,19572.0,19572.0,19572.0,1,1,19572.0,19572.0
2023-03-28,GZM3,17490.0,17609.0,17187.0,17371.0,85966,24862,1493459404.0,17382.0
2023-03-28,GZM4,18854.0,18854.0,18854.0,18854.0,3,2,56562.0,18854.0
2023-03-28,GZU3,17256.0,17356.0,16962.0,17149.0,406,276,6964764.0,17149.0
2023-03-28,GZU4,19400.0,19401.0,19010.0,19010.0,27,6,523001.0,19010.0
2023-03-28,GZU5,19300.0,19300.0,19290.0,19290.0,2,2,38590.0,19288.0
2023-03-28,GZZ3,17896.0,17896.0,16602.0,17530.0,186,64,3188268.0,17530.0
2023-03-28,GZZ5,19775.0,19775.0,19775.0,19775.0,1,1,19775.0,19775.0
2023-03-28,HKM3,9.83,9.914,9.8,9.896,63,21,622530.0,9.896
2023-03-28,HKU3,10.174,10.179,10.174,10.179,12,4,122139.0,10.179
2023-03-28,HOM3,25710.0,25800.0,25700.0,25700.0,14,6,360020.0,25700.0
2023-03-28,HOU3,25850.0,25850.0,25850.0,25850.0,1,1,25850.0,25870.0
2023-03-28,HOZ3,26900.0,26920.0,25600.0,26920.0,125,14,3287120.0,26720.0
2023-03-28,HSM3,20559.0,21099.0,20386.0,21000.0,5647,548,11513940.93,20999.0
2023-03-28,HSU3,21584.0,21909.0,21583.0,21825.0,19,13,40339.85,21825.0
2023-03-28,HSZ3,22797.0,22797.0,21203.0,22222.0,24,14,50916.47,21421.0
2023-03-28,HYM3,8329.0,8359.0,8198.0,8233.0,825,256,6812501.0,8234.0
2023-03-28,HYU3,8255.0,8383.0,8056.0,8141.0,62,25,510613.0,8141.0
2023-03-28,IRM3,34557.0,34728.0,34164.0,34695.0,111,59,3827391.0,34641.0
2023-03-28,JPM3,132.53,132.74,132.2,132.4,106,22,8235469.79,132.4
2023-03-28,LKH4,43948.0,43948.0,43948.0,43948.0,1,1,43948.0,45000.0
2023-03-28,LKM3,43694.0,44255.0,43407.0,44014.0,7116,4267,311753286.0,44084.0
2023-03-28,LKU3,42154.0,44435.0,42075.0,42460.0,409,235,17433597.0,42460.0
2023-03-28,LKZ3,42385.0,44261.0,42385.0,44261.0,53,30,2299016.0,44032.0
2023-03-28,MAM3,6752.0,6752.0,6752.0,6752.0,1,1,6752.0,6750.0
2023-03-28,MCM3,14433.0,15130.0,14134.0,14966.0,462,193,6830435.0,14996.0
2023-03-28,MCU3,14960.0,14960.0,14960.0,14960.0,1,1,14960.0,14960.0
2023-03-28,MEM3,11063.0,11135.0,10973.0,10981.0,2376,914,26200034.0,10986.0
2023-03-28,MEU3,11200.0,11200.0,11130.0,11150.0,21,11,234136.0,11135.0
2023-03-28,MGM3,39419.0,40003.0,39023.0,39291.0,566,381,22325916.0,39278.0
2023-03-28,MGU3,40007.0,40128.0,40007.0,40128.0,10,6,400627.0,39978.0
2023-03-28,MLM3,4928.0,4992.0,4890.0,4904.0,1948,501,9621462.0,4907.0
2023-03-28,MMH4,2496.55,2506.35,2496.55,2506.35,2,2,50029.0,2506.35
2023-03-28,MMM3,2423.6,2442.65,2411.4,2433.3,51852,12549,1257838127.5,2433.05
2023-03-28,MMM4,2597.7,2597.7,2462.2,2527.15,51,26,1270814.0,2529.7
2023-03-28,MMU3,2433.45,2444.35,2417.4,2435.3,145,71,3528091.5,2435.3
2023-03-28,MMU4,2562.0,2627.55,2426.95,2627.55,37,15,916085.0,2616.75
2023-03-28,MMU5,2741.25,2741.25,2734.2,2734.2,3,3,82154.0,2734.2
2023-03-28,MMZ3,2431.3,2440.1,2431.3,2440.0,16,8,389472.5,2440.0
2023-03-28,MMZ4,2728.65,2728.65,2648.1,2648.1,3,3,81054.0,2653.05
2023-03-28,MNM3,4557.0,4608.0,4549.0,4550.0,7726,2441,35351665.0,4552.0
2023-03-28,MNU3,4566.0,4595.0,4551.0,4565.0,283,56,1295001.0,4565.0
2023-03-28,MNZ3,4679.0,5101.0,4679.0,5101.0,97,10,481207.0,4709.0
2023-03-28,MTM3,26058.0,26199.0,25893.0,26063.0,747,403,19460038.0,26096.0
2023-03-28,MTU3,24841.0,24867.0,24841.0,24867.0,2,2,49708.0,24867.0
2023-03-28,MXM3,242725.0,244375.0,241450.0,243450.0,20990,12373,5096397450.0,243425.0
2023-03-28,MXU3,242950.0,244300.0,241600.0,243200.0,44,40,10688550.0,243425.0
2023-03-28,MXZ3,247000.0,247000.0,247000.0,247000.0,3,3,741000.0,247000.0
2023-03-28,N2M3,28411.0,30299.0,28150.0,28194.0,161,61,266812.69,28194.0
2023-03-28,NAM3,12533.0,12649.0,12443.0,12488.0,59068,6373,569405983.67,12492.0
2023-03-28,NAU3,12559.0,12607.0,12512.0,12549.0,106,57,1024552.32,12549.0
2023-03-28,NAZ3,12520.0,12613.0,12520.0,12521.0,14,10,135071.46,12521.0
2023-03-28,NGH3,2.118,2.118,2.043,2.094,669477,108358,10762831979.2,2.092
2023-03-28,NGJ3,2.327,2.349,2.276,2.302,553742,132981,9840297099.34,2.302
2023-03-28,NGK3,2.666,2.689,2.624,2.645,15250,9381,311613291.59,2.646
2023-03-28,NGM3,3.036,3.077,3.007,3.022,4047,1677,94599885.94,3.029
2023-03-28,NGN3,3.246,3.246,3.177,3.221,154,107,3790737.53,3.221
2023-03-28,NGQ3,3.333,3.346,3.28,3.32,77,51,1963771.91,3.32
2023-03-28,NGU3,3.437,3.453,3.359,3.436,63,42,1659664.89,3.436
2023-03-28,NKM3,113509.0,114398.0,111548.0,112134.0,576,496,64813667.0,112289.0
2023-03-28,NKU3,114653.0,114900.0,114599.0,114599.0,4,4,459040.0,114588.0
2023-03-28,NMM3,12963.0,13053.0,12760.0,12879.0,1855,953,23885395.0,12879.0
2023-03-28,NMU3,12999.0,12999.0,12999.0,12999.0,1,1,12999.0,12999.0
2023-03-28,OGM3,6204.0,6542.0,6009.0,6019.0,12,12,74349.0,6123.0
2023-03-28,OZM3,17668.0,17972.0,17468.0,17668.0,1446,668,25602244.0,17695.0
2023-03-28,PDM3,1490.99,1500.0,1477.15,1487.0,135,96,15457312.69,1487.0
2023-03-28,PHM3,7119.0,7180.0,6887.0,7090.0,2868,549,20177271.0,7091.0
2023-03-28,PIM3,6670.0,6686.0,6490.0,6553.0,310,122,2042947.0,6557.0
2023-03-28,PIU3,6919.0,6919.0,6919.0,6919.0,1,1,6919.0,6726.0
2023-03-28,POM3,5671.0,5768.0,5622.0,5725.0,12312,3428,70088814.0,5734.0
2023-03-28,POU3,5761.0,5820.0,5735.0,5819.0,15,11,86695.0,5820.0
2023-03-28,PSM3,1723.0,1733.0,1707.0,1710.0,909,166,1561931.0,1711.0
2023-03-28,PSU3,1735.0,1735.0,1735.0,1735.0,1,1,1735.0,1735.0
2023-03-28,PTM3,1003.7,1003.7,984.4,989.4,529,313,40343556.35,989.4
2023-03-28,PTU3,1030.1,1030.1,1016.5,1016.5,3,3,236746.53,1017.8
2023-03-28,PZM3,94897.0,95500.0,93870.0,95500.0,675,477,63921419.0,95499.0
2023-03-28,PZU3,94945.0,95658.0,94945.0,95658.0,2,2,190603.0,95658.0
2023-03-28,RIM3,99950.0,100930.0,99520.0,99810.0,100216,57713,15436603343.01,99830.0
2023-03-28,RIU3,100250.0,100940.0,99560.0,99740.0,482,396,74398667.17,99700.0
2023-03-28,RIZ3,100040.0,100720.0,99360.0,99360.0,14,14,2152343.31,99360.0
2023-03-28,RLM3,4201.0,4218.0,4127.0,4165.0,938,165,3901841.0,4166.0
2023-03-28,RLU3,4298.0,4298.0,4298.0,4298.0,2,1,8596.0,4298.0
2023-03-28,RMH4,1027.0,1035.0,980.5,980.5,4,4,61912.52,1024.0
2023-03-28,RMM3,1000.0,1009.5,995.0,999.0,20638,6097,317946875.56,999.0
2023-03-28,RMU3,998.0,1010.5,996.5,997.5,889,195,13727635.63,997.5
2023-03-28,RNH4,37464.0,41001.0,37006.0,38723.0,45,19,1780052.0,38724.0
2023-03-28,RNM3,38356.0,38530.0,37678.0,38069.0,3012,1688,114661475.0,38074.0
2023-03-28,RNU3,38200.0,38200.0,37523.0,38075.0,21,18,795557.0,38075.0
2023-03-28,RNU4,38489.0,41000.0,38489.0,39299.0,37,33,1457241.0,39258.0
2023-03-28,RNZ3,37685.0,37686.0,35100.0,37285.0,55,36,1995791.0,37279.0
2023-03-28,RNZ4,39001.0,39001.0,37100.0,38845.0,9,8,340228.0,38848.0
2023-03-28,RTM3,6156.0,6217.0,6084.0,6092.0,350,91,2148781.0,6092.0
2023-03-28,SAK3,35.4,35.4,35.0,35.0,4,4,142880.08,35.2
2023-03-28,SEM3,1530.0,1561.0,1506.0,1506.0,75,26,116287.0,1506.0
2023-03-28,SFH4,395.02,395.02,395.02,395.02,1,1,30396.0,396.0
2023-03-28,SFM3,395.05,396.46,393.78,395.0,54294,10296,1650372551.65,395.02
2023-03-28,SFU3,392.55,394.24,391.8,392.87,532,286,16095440.06,392.87
2023-03-28,SFZ3,391.72,393.84,389.0,391.31,91,39,2747023.81,391.31
2023-03-28,SGM3,31763.0,32192.0,31556.0,32009.0,972,515,30942401.0,32008.0
2023-03-28,SGU3,30301.0,30301.0,30301.0,30301.0,1,1,30301.0,30301.0
2023-03-28,SNM3,24178.0,24399.0,23803.0,24000.0,2237,1212,53812730.0,24036.0
2023-03-28,SNU3,24044.0,24345.0,24044.0,24345.0,18,10,436040.0,24309.0
2023-03-28,SOM3,4732.0,4843.0,4711.0,4763.0,1278,277,6073060.0,4763.0
2023-03-28,SPM3,19232.0,19717.0,19232.0,19521.0,15451,6314,300931354.0,19487.0
2023-03-28,SPU3,19495.0,19910.0,19478.0,19684.0,48,45,942334.0,19694.0
2023-03-28,SRH4,20482.0,20887.0,20424.0,20770.0,120,81,2482900.0,20770.0
2023-03-28,SRM3,19311.0,19745.0,19291.0,19579.0,491554,110491,9591396311.0,19545.0
2023-03-28,SRU3,19599.0,20037.0,19591.0,19900.0,9474,4229,187405291.0,19858.0
2023-03-28,SRZ3,19822.0,20239.0,19822.0,20066.0,497,245,9961724.0,20090.0
2023-03-28,SSM3,2599.0,2640.0,2553.0,2578.0,3865,655,10028803.0,2578.0
2023-03-28,SVH4,23.97,24.47,23.97,24.4,7,7,131235.15,24.56
2023-03-28,SVM3,23.17,23.38,23.01,23.37,51107,10614,912107880.19,23.38
2023-03-28,SVU3,23.65,23.75,23.43,23.75,1124,579,20404131.12,23.75
2023-03-28,SVZ3,24.26,24.35,24.05,24.27,165,76,3075196.16,24.27
2023-03-28,SXM3,4096.7,4109.8,4088.8,4093.2,48,23,163732.62,4093.2
2023-03-28,SXU3,3980.0,3990.0,3978.8,3990.0,15,7,49769.16,3990.0
2023-03-28,SiH4,78680.0,80400.0,77875.0,78901.0,95,56,7535036.0,78901.0
2023-03-28,SiM3,76846.0,77286.0,76370.0,77103.0,747376,186796,57459692159.0,77125.0
2023-03-28,SiM4,79811.0,80418.0,79811.0,80221.0,10,8,802303.0,80221.0
2023-03-28,SiU3,76907.0,77341.0,76485.0,77177.0,4717,2548,363454933.0,77180.0
2023-03-28,SiU4,80603.0,81274.0,80603.0,81199.0,3,3,243076.0,81199.0
2023-03-28,SiZ3,77532.0,77904.0,77184.0,77861.0,214,148,16612748.0,77861.0
2023-03-28,SiZ4,82300.0,83081.0,82300.0,83081.0,2,2,165381.0,83081.0
2023-03-28,TIM3,25385.0,25450.0,25100.0,25268.0,279,173,7059878.0,25277.0
2023-03-28,TNM3,107900.0,108117.0,106000.0,106000.0,12,8,1290452.0,106000.0
2023-03-28,TTM3,36890.0,37390.0,36373.0,37340.0,1934,1056,71318960.0,37354.0
2023-03-28,TTU3,36892.0,36892.0,36240.0,36383.0,28,23,1023380.0,36440.0
2023-03-28,TYH4,3.65,3.65,3.65,3.65,1,1,3650.0,3.705
2023-03-28,TYM3,3.934,4.043,3.932,3.946,606,38,2391507.0,3.952
2023-03-28,UCM3,6.844,6.856,6.831,6.844,1791,703,136915465.34,6.843
2023-03-28,USDRUBF,76.74,77.17,76.35,76.99,24769,5743,1902667080.0,76.95
2023-03-28,VBM3,1861.0,1879.0,1834.0,1858.0,142677,13923,265140698.0,1858.0
2023-03-28,VBU3,1875.0,1897.0,1855.0,1877.0,1175,316,2208294.0,1877.0
2023-03-28,VBZ3,1945.0,1951.0,1890.0,1947.0,98,27,190778.0,1943.0
2023-03-28,VIJ3,34.65,34.65,34.65,34.65,1,1,5332.51,34.45
2023-03-28,W4G4,13600.0,16100.0,13600.0,16080.0,11,6,162080.0,15440.0
2023-03-28,W4H3,13850.0,13880.0,13670.0,13670.0,27,21,371210.0,13670.0
2023-03-28,W4J3,13860.0,14160.0,13800.0,13900.0,35,20,487490.0,13860.0
2023-03-28,W4K3,13820.0,14090.0,13820.0,14090.0,2,2,27910.0,14020.0
2023-03-28,W4M3,13890.0,14380.0,13880.0,13960.0,8,5,111950.0,13960.0
2023-03-28,YNM3,19488.0,19800.0,19478.0,19573.0,6019,2651,118229276.0,19616.0
2023-03-28,YNU3,19881.0,20126.0,19872.0,20034.0,138,77,2764671.0,20019.0
2023-03-29,AFM3,3200.0,3234.0,3177.0,3181.0,8891,1050,28410928.0,3188.0
2023-03-29,AFU3,3258.0,3275.0,3222.0,3228.0,328,159,1064739.0,3229.0
2023-03-29,AFZ3,3242.0,3242.0,3242.0,3242.0,1,1,3242.0,3242.0
2023-03-29,AKM3,14553.0,14799.0,14421.0,14706.0,1341,392,19585664.0,14678.0
2023-03-29,AKU3,14991.0,14999.0,14991.0,14999.0,2,2,29990.0,14973.0
2023-03-29,ALM3,6584.0,6638.0,6536.0,6576.0,3200,780,21063675.0,6551.0
2023-03-29,ALU3,6552.0,6690.0,6480.0,6585.0,143,48,936707.0,6547.0
2023-03-29,ALZ3,6680.0,6680.0,6680.0,6680.0,1,1,6680.0,6680.0
2023-03-29,BRF4,92.55,92.55,92.55,92.55,10,3,714057.5,92.55
2023-03-29,BRJ3,78.64,79.39,78.11,78.15,306626,91282,18638349651.09,78.25
2023-03-29,BRK3,79.07,79.92,78.59,78.9,61372,30250,3755036820.16,78.91
2023-03-29,BRM3,79.8,80.43,79.4,79.61,3335,1949,205572407.79,79.61
2023-03-29,BRN3,81.21,81.64,80.95,81.1,97,78,6086987.07,81.02
2023-03-29,BRQ3,83.6,83.96,83.39,83.39,38,25,2454336.42,83.3
2023-03-29,BRU3,86.0,86.0,85.33,85.33,2,2,132187.43,85.33
2023-03-29,BRV3,87.1,87.25,86.1,86.1,4,4,267376.15,86.13
2023-03-29,BRX3,89.99,89.99,89.99,89.99,1,1,69430.61,89.95
2023-03-29,BRZ3,89.8,90.9,89.8,90.9,3,3,208870.49,90.9
2023-03-29,CAM3,1.361,1.361,1.361,1.361,2,1,153775.3,1.3585
2023-03-29,CFM3,0.9138,0.9138,0.9138,0.9138,3,1,229402.83,0.9138
2023-03-29,CHM3,102200.0,106398.0,101770.0,105145.0,522,465,54756159.0,105114.0
2023-03-29,CHU3,105944.0,105944.0,105944.0,105944.0,1,1,105944.0,105944.0
2023-03-29,CNYRUBF,11.18,11.21,11.14,11.2,23720,1199,265047640.0,11.19
2023-03-29,CRH4,11.99,11.99,11.9,11.9,52,9,618999.0,11.9
2023-03-29,CRM3,11.291,11.32,11.264,11.311,803030,30188,9065654988.0,11.31
2023-03-29,CRM4,12.08,12.08,12.08,12.08,18,2,217440.0,12.08
2023-03-29,CRU3,11.444,11.465,11.413,11.457,3294,614,37690947.0,11.46
2023-03-29,CRZ3,11.682,11.711,11.5,11.711,162,36,1883435.0,11.701
2023-03-29,CoJ3,8897.0,9400.0,8897.0,9345.5,10,10,713348.61,9294.5
2023-03-29,CoM3,8537.0,10058.0,8537.0,10058.0,2,2,143467.49,9298.0
2023-03-29,DXM3,12192.0,12594.0,12192.0,12252.0,44,26,456431.42,12350.0
2023-03-29,DXU3,12224.0,12787.0,11800.0,11800.0,4,4,41054.9,12283.0
2023-03-29,DXZ3,12310.0,12311.0,12001.0,12001.0,4,4,40967.82,12215.0
2023-03-29,EDM3,1.0727,1.0772,1.071,1.0735,46866,11817,3883802582.41,1.0735
2023-03-29,EDU3,1.0721,1.0762,1.0713,1.073,627,317,51957701.04,1.073
2023-03-29,EURRUBF,83.35,83.76,83.17,83.71,1888,995,157621240.0,83.72
2023-03-29,EuM3,82872.0,83437.0,82668.0,83278.0,54516,16393,4529513321.0,83261.0
2023-03-29,EuU3,82571.0,83117.0,82400.0,82954.0,2389,986,197793693.0,82954.0
2023-03-29,EuZ3,83482.0,84000.0,83482.0,84000.0,2,2,167482.0,83999.0
2023-03-29,FNM3,7357.0,7409.0,7357.0,7409.0,3,2,22123.0,7357.0
2023-03-29,FSM3,9657.0,9748.0,9619.0,9664.0,98,39,945539.0,9664.0
2023-03-29,FVM3,14174.0,14412.0,14150.0,14383.0,853,263,12205520.0,14389.0
2023-03-29,FVU3,14550.0,14550.0,14550.0,14550.0,1,1,14550.0,14550.0
2023-03-29,GDH4,2025.3,2025.9,2016.0,2021.0,33,14,5147710.3,2021.0
2023-03-29,GDM3,1986.2,1994.0,1977.3,1987.3,139589,44106,21388851686.99,1986.8
2023-03-29,GDU3,1994.3,2000.1,1984.0,1993.1,1723,1210,264955426.62,1993.6
2023-03-29,GDZ3,2008.6,2013.2,1999.0,2010.9,67,56,10377435.08,2010.9
2023-03-29,GKM3,15290.0,15330.0,14969.0,15116.0,13825,5803,208840939.0,15096.0
2023-03-29,GKU3,15222.0,15404.0,14706.0,15119.0,194,138,2921955.0,15119.0
2023-03-29,GKZ3,15908.0,15908.0,15498.0,15560.0,4,3,62464.0,15560.0
2023-03-29,GUM3,1.2375,1.2375,1.2375,1.2375,2,2,190955.4,1.2358
2023-03-29,GZH4,18000.0,18143.0,18000.0,18143.0,3,3,54243.0,18100.0
2023-03-29,GZM3,17370.0,17543.0,17266.0,17340.0,67639,21529,1176867894.0,17355.0
2023-03-29,GZM4,18398.0,18883.0,18360.0,18470.0,31,27,575109.0,18470.0
2023-03-29,GZU3,17136.0,17255.0,17015.0,17057.0,337,221,5777595.0,17075.0
2023-03-29,GZU4,18949.0,18949.0,18949.0,18949.0,2,2,37898.0,18949.0
2023-03-29,GZZ3,17524.0,17593.0,17351.0,17548.0,11,11,192139.0,17512.0
2023-03-29,HKM3,9.896,9.944,9.874,9.901,434,55,4300300.0,9.91
2023-03-29,HKU3,10.096,10.15,9.736,10.15,29,18,290594.0,10.14
2023-03-29,HOM3,25750.0,25750.0,25480.0,25480.0,8,8,204810.0,25550.0
2023-03-29,HOU3,25700.0,25700.0,25700.0,25700.0,2,2,51400.0,25730.0
2023-03-29,HOZ3,26920.0,26920.0,25900.0,25900.0,48,4,1267680.0,26560.0
2023-03-29,HSM3,21007.0,21651.0,20954.0,21400.0,14087,1119,29698650.01,21400.0
2023-03-29,HSU3,21825.0,22673.0,21825.0,22539.0,74,26,162435.26,22450.0
2023-03-29,HSZ3,21421.0,22631.0,21421.0,22260.0,191,31,423533.12,22261.0
2023-03-29,HYM3,8228.0,8439.0,8191.0,8261.0,1158,286,9625881.0,8262.0
2023-03-29,HYU3,8201.0,8201.0,8201.0,8201.0,3,2,24603.0,8201.0
2023-03-29,IRM3,34635.0,35938.0,34547.0,35588.0,298,158,10500420.0,35648.0
2023-03-29,IRU3,35500.0,35532.0,35500.0,35500.0,14,7,497092.0,36140.0
2023-03-29,JPM3,132.02,133.13,131.08,132.68,57,44,4422745.25,132.77
2023-03-29,LKM3,44028.0,44225.0,43568.0,43978.0,4555,2913,200145619.0,44012.0
2023-03-29,LKU3,42441.0,43900.0,41986.0,42798.0,360,225,15505934.0,42805.0
2023-03-29,LKZ3,43499.0,43950.0,41600.0,41900.0,181,91,7664197.0,41900.0
2023-03-29,MAM3,6752.0,6753.0,6752.0,6753.0,2,2,13505.0,6750.0
2023-03-29,MCM3,14965.0,15600.0,14660.0,15281.0,1168,407,17830517.0,15362.0
2023-03-29,MEM3,10985.0,11080.0,10945.0,10983.0,2440,1470,26870650.0,11004.0
2023-03-29,MEU3,11190.0,11209.0,11111.0,11126.0,12,10,133742.0,11145.0
2023-03-29,MGM3,39268.0,40920.0,39112.0,40191.0,1858,1213,74814341.0,40275.0
2023-03-29,MGU3,40098.0,41320.0,40085.0,41320.0,3,3,121503.0,40994.0
2023-03-29,MLM3,4913.0,4962.0,4883.0,4891.0,1483,334,7280832.0,4904.0
2023-03-29,MLU3,4993.0,4993.0,4993.0,4993.0,1,1,4993.0,4993.0
2023-03-29,MMH4,2529.0,2530.0,2529.0,2530.0,2,2,50590.0,2530.0
2023-03-29,MMM3,2433.8,2455.2,2421.4,2439.15,64090,14022,1562113868.5,2440.75
2023-03-29,MMM4,2529.3,2566.65,2529.0,2566.65,3,3,76249.5,2566.65
2023-03-29,MMU3,2435.3,2457.5,2427.1,2439.5,165,81,4027860.0,2441.45
2023-03-29,MMZ3,2440.0,2470.0,2440.0,2470.0,20,20,492530.0,2470.0
2023-03-29,MMZ4,2737.95,2737.95,2737.95,2737.95,1,1,27379.5,2744.05
2023-03-29,MNM3,4555.0,4606.0,4550.0,4561.0,8594,3251,39362653.0,4561.0
2023-03-29,MNU3,4571.0,4605.0,4562.0,4570.0,115,33,526506.0,4570.0
2023-03-29,MNZ3,4716.0,4716.0,4716.0,4716.0,1,1,4716.0,4706.0
2023-03-29,MTM3,26063.0,26149.0,26036.0,26148.0,298,123,7773688.0,26126.0
2023-03-29,MXM3,243475.0,245750.0,242300.0,244225.0,26069,18075,6358533125.0,244225.0
2023-03-29,MXU3,243325.0,245400.0,242875.0,244100.0,27,27,6587025.0,244175.0
2023-03-29,MXZ3,247700.0,249000.0,247700.0,249000.0,5,4,1243700.0,249000.0
2023-03-29,N2M3,28154.0,28737.0,28150.0,28637.0,109,39,182160.22,28668.0
2023-03-29,N2Z3,26012.0,30269.0,26012.0,30269.0,5,4,8375.59,28525.0
2023-03-29,NAH4,12766.0,12775.0,12766.0,12775.0,2,2,19705.9,12482.0
2023-03-29,NAM3,12488.0,12667.0,12430.0,12639.0,45187,5521,438276869.16,12637.0
2023-03-29,NAU3,12548.0,12670.0,12510.0,12636.0,137,64,1335968.5,12636.0
2023-03-29,NAZ3,12520.0,12731.0,12472.0,12614.0,57,42,553083.08,12614.0
2023-03-29,NGH3,2.094,2.105,2.029,2.03,228787,24563,3601023442.67,2.03
2023-03-29,NGJ3,2.303,2.339,2.22,2.263,912645,163951,15907051316.6,2.261
2023-03-29,NGK3,2.647,2.654,2.401,2.542,72757,29316,1421404755.38,2.539
2023-03-29,NGM3,3.021,3.058,2.85,2.901,7688,4018,174178906.42,2.905
2023-03-29,NGN3,3.224,3.225,3.002,3.066,685,263,16476535.7,3.076
2023-03-29,NGQ3,3.372,3.372,3.18,3.225,214,194,5372844.69,3.237
2023-03-29,NGU3,3.434,3.434,3.325,3.389,94,53,2446443.51,3.389
2023-03-29,NKM3,112341.0,112791.0,111642.0,112100.0,374,295,41977487.0,111997.0
2023-03-29,NKU3,113982.0,114500.0,113982.0,114500.0,2,2,228482.0,114400.0
2023-03-29,NMM3,12874.0,13526.0,12840.0,13275.0,3876,1435,51312289.0,13278.0
2023-03-29,NMU3,13080.0,13623.0,13080.0,13568.0,40,18,540706.0,13533.0
2023-03-29,OGM3,6200.0,6200.0,6199.0,6199.0,3,3,18599.0,6199.0
2023-03-29,OZM3,17699.0,17891.0,17612.0,17700.0,897,387,15915223.0,17632.0
2023-03-29,PDM3,1488.5,1513.99,1481.2,1501.52,243,129,28020835.22,1501.5
2023-03-29,PDU3,1567.77,1567.78,1567.77,1567.78,2,2,241920.23,1567.78
2023-03-29,PHM3,7080.0,7116.0,7026.0,7071.0,922,248,6524731.0,7111.0
2023-03-29,PHU3,7156.0,7156.0,7156.0,7156.0,1,1,7156.0,7156.0
2023-03-29,PIM3,6558.0,6705.0,6340.0,6645.0,442,130,2929262.0,6649.0
2023-03-29,POM3,5725.0,5757.0,5665.0,5695.0,9608,2299,54769819.0,5676.0
2023-03-29,POU3,5827.0,5827.0,5765.0,5778.0,20,17,116009.0,5771.0
2023-03-29,PSM3,1709.0,1731.0,1699.0,1712.0,1027,200,1759109.0,1712.0
2023-03-29,PTM3,987.5,990.5,979.1,989.6,616,362,46767286.63,989.6
2023-03-29,PTU3,1012.9,1019.1,1007.7,1007.7,14,11,1093715.41,1018.5
2023-03-29,PZM3,95490.0,95655.0,94675.0,94815.0,270,238,25672107.0,94970.0
2023-03-29,RIM3,99880.0,100500.0,99310.0,99720.0,103189,66405,15898190018.72,99740.0
2023-03-29,RIU3,99640.0,100520.0,99350.0,99730.0,193,179,29756284.0,99730.0
2023-03-29,RIZ3,99640.0,99840.0,99230.0,99750.0,5,5,768541.44,99750.0
2023-03-29,RLM3,4172.0,4227.0,4128.0,4164.0,1054,170,4402306.0,4164.0
2023-03-29,RLU3,4250.0,4290.0,4249.0,4290.0,16,6,68395.0,4290.0
2023-03-29,RMM3,999.0,1005.5,993.5,998.0,13030,4507,200819755.95,998.5
2023-03-29,RMU3,997.0,1003.0,995.0,997.5,553,145,8521811.14,997.5
2023-03-29,RMZ3,1014.5,1014.5,998.5,998.5,2,2,31062.08,998.5
2023-03-29,RNH4,38478.0,38478.0,38263.0,38263.0,2,2,76741.0,38264.0
2023-03-29,RNM3,38073.0,38773.0,37758.0,38419.0,3417,1763,130882165.0,38414.0
2023-03-29,RNU3,38072.0,38597.0,38072.0,38434.0,18,14,690760.0,38434.0
2023-03-29,RNZ3,36722.0,37682.0,36587.0,37630.0,9,9,334532.0,37631.0
2023-03-29,RTM3,6098.0,6149.0,6058.0,6058.0,683,174,4153837.0,6058.0
2023-03-29,SAK3,35.17,35.17,35.17,35.17,2,1,71465.44,35.17
2023-03-29,SEM3,1530.0,1531.0,1480.0,1485.0,61,44,91641.0,1485.0
2023-03-29,SFH4,396.01,396.01,395.0,395.0,4,4,122096.98,395.0
2023-03-29,SFM3,394.95,398.43,393.1,397.8,69564,13368,2128771068.24,397.73
2023-03-29,SFU3,392.6,396.22,390.82,395.38,1156,473,35206288.69,395.4
2023-03-29,SFZ3,391.22,400.0,386.5,394.0,236,90,7175370.78,394.0
2023-03-29,SGM3,32012.0,32070.0,31690.0,32001.0,647,367,20639451.0,32001.0
2023-03-29,SNM3,24052.0,24248.0,23889.0,24103.0,1509,791,36297525.0,24131.0
2023-03-29,SOM3,4759.0,4801.0,4715.0,4756.0,699,192,3316477.0,4772.0
2023-03-29,SPM3,19550.0,20099.0,19481.0,19908.0,14755,6393,292025950.0,19937.0
2023-03-29,SPU3,19744.0,20273.0,19744.0,20080.0,68,62,1362556.0,20130.0
2023-03-29,SRH4,20789.0,23000.0,20756.0,21250.0,180,98,3877086.0,21270.0
2023-03-29,SRM3,19556.0,20177.0,19537.0,19991.0,440841,110966,8749481453.0,20007.0
2023-03-29,SRU3,19891.0,20499.0,19856.0,20309.0,7197,3276,145507140.0,20342.0
2023-03-29,SRZ3,20117.0,20868.0,20099.0,20757.0,459,247,9430724.0,20755.0
2023-03-29,SSM3,2575.0,2675.0,2566.0,2620.0,3167,416,8365616.0,2616.0
2023-03-29,SSU3,2680.0,2690.0,2680.0,2690.0,2,2,5370.0,2689.0
2023-03-29,SVH4,24.69,24.69,24.54,24.69,18,7,341482.24,24.69
2023-03-29,SVM3,23.38,23.5,23.23,23.46,47109,9280,850448009.49,23.46
2023-03-29,SVU3,23.75,23.89,23.65,23.87,2168,749,39797461.04,23.87
2023-03-29,SVZ3,24.34,24.35,24.18,24.31,62,31,1160931.62,24.31
2023-03-29,SXM3,4088.8,4139.9,4078.6,4120.0,117,58,403177.02,4120.0
2023-03-29,SXU3,3990.0,4020.0,3990.0,4020.0,15,7,50282.22,4020.0
2023-03-29,SXZ3,4000.0,4000.0,4000.0,4000.0,2,2,6697.6,4000.0
2023-03-29,SiH4,79050.0,79153.0,78870.0,78870.0,91,53,7187839.0,78871.0
2023-03-29,SiH5,84492.0,84493.0,84492.0,84493.0,3,2,253478.0,84493.0
2023-03-29,SiM3,77100.0,77417.0,76963.0,77350.0,556336,159719,42949236988.0,77378.0
2023-03-29,SiM4,80429.0,80429.0,80429.0,80429.0,1,1,80429.0,80429.0
2023-03-29,SiU3,77177.0,77500.0,77090.0,77473.0,2825,1714,218417251.0,77462.0
2023-03-29,SiU4,81548.0,81548.0,81548.0,81548.0,4,1,326192.0,81548.0
2023-03-29,SiZ3,77756.0,78149.0,77756.0,78023.0,137,107,10675607.0,78083.0
2023-03-29,SiZ4,83514.0,83515.0,83514.0,83515.0,2,2,167029.0,83493.0
2023-03-29,TIM3,25261.0,25714.0,25094.0,25361.0,450,273,11472799.0,25460.0
2023-03-29,TNM3,105115.0,107690.0,105115.0,105506.0,4,4,423817.0,105506.0
2023-03-29,TTM3,37314.0,37474.0,36960.0,37350.0,990,594,36913784.0,37431.0
2023-03-29,TTU3,36598.0,36598.0,36481.0,36482.0,6,6,219006.0,36482.0
2023-03-29,TYM3,3.934,3.976,3.416,3.951,522,36,1937806.0,3.951
2023-03-29,TYU3,3.751,3.751,3.751,3.751,1,1,3751.0,3.8
2023-03-29,TYZ3,4.0,4.0,3.8,3.8,16,4,62600.0,3.775
2023-03-29,UCM3,6.843,6.863,6.841,6.856,1980,612,151834607.64,6.856
2023-03-29,USDRUBF,77.01,77.26,76.88,77.19,15408,4761,1187822530.0,77.15
2023-03-29,VBM3,1861.0,1877.0,1846.0,1859.0,123309,11614,229676045.0,1865.0
2023-03-29,VBU3,1878.0,1896.0,1868.0,1883.0,2177,381,4103962.0,1884.0
2023-03-29,VBZ3,1946.0,1946.0,1924.0,1931.0,19,11,36671.0,1931.0
2023-03-29,VIJ3,34.45,34.45,34.05,34.3,5,5,26471.43,34.3
2023-03-29,W4G4,15430.0,15430.0,15430.0,15430.0,1,1,15430.0,15390.0
2023-03-29,W4H3,13700.0,13700.0,13630.0,13660.0,7,5,95530.0,13660.0
2023-03-29,W4J3,13870.0,13990.0,13710.0,13780.0,23,23,318620.0,13780.0
2023-03-29,W4K3,14010.0,14850.0,13830.0,13830.0,127,26,1795900.0,13840.0
2023-03-29,W4M3,13900.0,14090.0,13890.0,13960.0,6,6,83690.0,13950.0
2023-03-29,W4M4,16340.0,16340.0,14390.0,14390.0,24,4,368760.0,14390.0
2023-03-29,W4U3,14400.0,14430.0,14400.0,14430.0,1015,2,14616450.0,14430.0
2023-03-29,W4Z3,14690.0,14690.0,14690.0,14690.0,500,1,7345000.0,14690.0
2023-03-29,YNM3,19585.0,19708.0,19372.0,19535.0,5761,2163,112437423.0,19503.0
2023-03-29,YNU3,19997.0,20088.0,19800.0,19897.0,83,61,1651368.0,19897.0
2023-03-30,AFM3,3175.0,3246.0,3175.0,3229.0,5343,751,17133510.0,3226.0
2023-03-30,AFU3,3231.0,3262.0,3225.0,3250.0,577,140,1871507.0,3255.0
2023-03-30,AFZ3,3181.0,3343.0,3181.0,3343.0,3,2,9867.0,3331.0
2023-03-30,AKM3,14708.0,15176.0,14655.0,14690.0,446,184,6571943.0,14718.0
2023-03-30,AKU3,14961.0,14963.0,14961.0,14962.0,30,9,448869.0,14962.0
2023-03-30,ALM3,6575.0,6825.0,6532.0,6771.0,9877,2479,66005539.0,6759.0
2023-03-30,ALU3,6577.0,6730.0,6546.0,6657.0,51,42,339250.0,6661.0
2023-03-30,ALZ3,6694.0,6791.0,6600.0,6709.0,22,14,148008.0,6709.0
2023-03-30,BRF4,92.4,92.5,89.15,92.0,24,19,1691289.84,92.0
2023-03-30,BRJ3,78.17,78.95,77.7,78.78,277739,86716,16792676851.89,78.83
2023-03-30,BRK3,78.9,79.75,78.49,79.51,60144,31697,3671429226.5,79.56
2023-03-30,BRM3,79.55,80.5,79.21,80.43,1340,688,82545843.32,80.41
2023-03-30,BRN3,80.8,81.41,80.6,81.41,97,77,6059116.9,81.35
2023-03-30,BRQ3,83.1,83.52,82.78,83.52,33,26,2116907.77,83.52
2023-03-30,BRU3,84.42,85.0,84.42,85.0,3,3,196333.37,85.0
2023-03-30,BRV3,88.52,88.93,87.4,87.81,5,5,340631.69,87.81
2023-03-30,BRX3,89.8,89.8,88.8,88.8,3,3,207121.59,88.8
2023-03-30,BRZ3,89.79,90.07,89.79,89.98,4,4,277677.22,90.03
2023-03-30,CFM3,0.9197,0.9197,0.9114,0.9129,9,6,691824.97,0.9117
2023-03-30,CHM3,105270.0,106576.0,104565.0,105181.0,287,258,30258293.0,104574.0
2023-03-30,CNYRUBF,11.2,11.24,11.16,11.21,62791,1756,703174810.0,11.2
2023-03-30,CRH4,11.9,11.975,11.9,11.975,109,12,1303928.0,11.975
2023-03-30,CRM3,11.3,11.34,11.265,11.315,1441108,41343,16288087442.0,11.312
2023-03-30,CRM4,12.095,12.095,12.035,12.036,16,6,192722.0,12.036
2023-03-30,CRU3,11.478,11.49,11.416,11.461,1973,515,22598393.0,11.461
2023-03-30,CRZ3,11.644,11.698,11.529,11.68,19,11,221588.0,11.68
2023-03-30,CSM3,5752.0,5752.0,5752.0,5752.0,1,1,5752.0,5717.0
2023-03-30,CoJ3,8987.5,9368.0,8634.5,9295.5,21,21,1481606.21,9295.5
2023-03-30,DXM3,12303.0,12557.0,12303.0,12403.0,22,16,231305.84,12450.0
2023-03-30,DXU3,12100.0,12100.0,12100.0,12100.0,2,2,20387.54,12347.0
2023-03-30,DXZ3,12100.0,12100.0,12100.0,12100.0,1,1,10193.77,12282.0
2023-03-30,EDM3,1.0735,1.0809,1.0723,1.0789,68021,15368,5655086704.39,1.0789
2023-03-30,EDU3,1.0721,1.0786,1.0719,1.0766,595,344,49398786.38,1.0766
2023-03-30,EURRUBF,83.6,84.36,83.46,84.12,3353,2214,281058640.0,84.25
2023-03-30,EuH4,84884.0,85175.0,84884.0,85175.0,2,2,170059.0,85159.0
2023-03-30,EuM3,83260.0,83900.0,82942.0,83690.0,108875,30564,9079699099.0,83714.0
2023-03-30,EuM4,85226.0,86210.0,85226.0,86154.0,3,3,257590.0,86154.0
2023-03-30,EuU3,82934.0,83598.0,82730.0,83395.0,2636,1132,218925250.0,83395.0
2023-03-30,EuZ3,83925.0,83925.0,83924.0,83925.0,7,6,587474.0,83925.0
2023-03-30,FNM3,7334.0,7895.0,7334.0,7893.0,3,3,23122.0,7379.0
2023-03-30,FSM3,9633.0,10200.0,9596.0,10124.0,591,121,5835555.0,10111.0
2023-03-30,FSU3,10000.0,10001.0,10000.0,10001.0,4,2,40003.0,10001.0
2023-03-30,FVM3,14384.0,14590.0,14351.0,14510.0,883,336,12792440.0,14562.0
2023-03-30,GDH4,2016.3,2022.4,2009.0,2017.6,27,24,4201821.15,2018.7
2023-03-30,GDM3,1986.2,1993.9,1980.3,1990.8,107521,31638,16484206119.95,1990.6
2023-03-30,GDU3,1990.9,2000.0,1987.5,1997.0,1215,836,186827329.56,1997.0
2023-03-30,GDZ3,2006.4,2015.2,2004.6,2011.0,54,47,8375954.16,2011.0
2023-03-30,GKM3,15128.0,15159.0,14988.0,15092.0,7250,3238,109379001.0,15081.0
2023-03-30,GKU3,15209.0,15216.0,14986.0,15108.0,52,30,783178.0,15108.0
2023-03-30,GKZ3,15635.0,15635.0,15630.0,15630.0,3,2,46895.0,15630.0
2023-03-30,GUM3,1.2253,1.238,1.2252,1.238,29,12,2761917.06,1.238
2023-03-30,GZH4,18100.0,18387.0,18084.0,18084.0,5,4,90896.0,18084.0
2023-03-30,GZM3,17351.0,17475.0,17280.0,17439.0,47149,16375,819897844.0,17406.0
2023-03-30,GZM4,18555.0,19194.0,18455.0,18456.0,18,14,335207.0,18456.0
2023-03-30,GZM5,20506.0,20506.0,20506.0,20506.0,1,1,20506.0,19969.0
2023-03-30,GZU3,17082.0,17152.0,16990.0,17040.0,598,348,10205083.0,17040.0
2023-03-30,GZU4,19454.0,19932.0,18902.0,18902.0,14,10,268990.0,18902.0
2023-03-30,GZZ3,17354.0,17590.0,17354.0,17500.0,7,7,122247.0,17496.0
2023-03-30,GZZ4,19103.0,19103.0,19103.0,19103.0,1,1,19103.0,19103.0
2023-03-30,HKM3,9.93,9.979,9.896,9.935,142,36,1408883.0,9.935
2023-03-30,HKU3,10.154,10.154,10.082,10.082,2,2,20236.0,10.085
2023-03-30,HOM3,25490.0,25490.0,25460.0,25460.0,3,3,76440.0,25460.0
2023-03-30,HOU3,25490.0,25490.0,25490.0,25490.0,1,1,25490.0,25490.0
2023-03-30,HSM3,21426.0,21590.0,20827.0,21344.0,13058,2695,27132875.45,21344.0
2023-03-30,HSU3,22538.0,22675.0,22053.0,22200.0,324,72,714060.34,22200.0
2023-03-30,HSZ3,22350.0,22500.0,22331.0,22331.0,16,9,35320.79,22400.0
2023-03-30,HYM3,8256.0,8370.0,8207.0,8365.0,403,142,3340849.0,8358.0
2023-03-30,HYU3,8200.0,8250.0,8000.0,8250.0,29,19,235082.0,8248.0
2023-03-30,IRM3,35541.0,36560.0,35330.0,35683.0,333,167,11902207.0,35628.0
2023-03-30,JPM3,133.31,133.34,132.68,133.0,26,24,2012222.46,133.0
2023-03-30,LKH4,43860.0,44000.0,42976.0,44000.0,9,9,392932.0,44000.0
2023-03-30,LKM3,44019.0,44530.0,43815.0,44451.0,5935,3589,262553887.0,44512.0
2023-03-30,LKU3,42816.0,43446.0,42616.0,43253.0,67,58,2882567.0,43253.0
2023-03-30,LKZ3,42000.0,43200.0,41229.0,42833.0,89,53,3778884.0,42833.0
2023-03-30,MAM3,6753.0,6753.0,6753.0,6753.0,1,1,6753.0,6763.0
2023-03-30,MCM3,15394.0,15499.0,15268.0,15456.0,362,162,5572804.0,15461.0
2023-03-30,MCU3,16002.0,16002.0,16002.0,16002.0,2,1,32004.0,16002.0
2023-03-30,MEM3,11015.0,11056.0,10980.0,10989.0,1179,571,12976843.0,10996.0
2023-03-30,MGM3,40380.0,41553.0,40201.0,40515.0,1535,1062,62581458.0,40536.0
2023-03-30,MGU3,41279.0,41962.0,40951.0,41122.0,13,12,536926.0,41226.0
2023-03-30,MLM3,4910.0,4931.0,4896.0,4928.0,1039,234,5103945.0,4920.0
2023-03-30,MMH4,2510.85,2510.85,2498.1,2498.1,11,7,275479.0,2498.1
2023-03-30,MMM3,2441.2,2452.45,2432.0,2447.05,32362,8349,790794358.0,2448.15
2023-03-30,MMM4,2572.95,2572.95,2480.0,2480.0,56,23,1395572.0,2480.2
2023-03-30,MMM5,2774.45,2774.45,2774.45,2774.45,1,1,27744.5,2779.6
2023-03-30,MMU3,2442.9,2457.55,2440.0,2455.5,107,61,2620450.5,2455.5
2023-03-30,MMU4,2609.95,2609.95,2609.95,2609.95,1,1,26099.5,2609.4
2023-03-30,MMU5,2854.35,2854.35,2854.35,2854.35,1,1,28543.5,2834.1
2023-03-30,MMZ3,2474.9,2482.35,2454.65,2466.25,18,14,444732.0,2466.25
2023-03-30,MMZ5,2868.95,2868.95,2868.95,2868.95,1,1,28689.5,2862.8
2023-03-30,MNM3,4573.0,4599.0,4560.0,4583.0,6103,2101,27974939.0,4574.0
2023-03-30,MNU3,4585.0,4612.0,4568.0,4574.0,102,24,467399.0,4574.0
2023-03-30,MTM3,26149.0,26245.0,26098.0,26245.0,366,167,9582868.0,26208.0
2023-03-30,MTU3,24980.0,24980.0,24980.0,24980.0,1,1,24980.0,24980.0
2023-03-30,MXM3,244375.0,245500.0,243350.0,245100.0,16156,11158,3950692625.0,245150.0
2023-03-30,MXU3,244650.0,245225.0,244000.0,245100.0,27,26,6607925.0,245125.0
2023-03-30,MXZ3,250500.0,252600.0,250500.0,250900.0,15,14,3780075.0,250900.0
2023-03-30,N2M3,28985.0,28985.0,27048.0,28900.0,72,70,120613.68,28900.0
2023-03-30,NAH4,12879.0,12879.0,12879.0,12879.0,1,1,9938.6,12557.0
2023-03-30,NAM3,12636.0,12790.0,12617.0,12740.0,63553,6564,623422848.53,12736.0
2023-03-30,NAU3,12650.0,12776.0,12580.0,12776.0,229,107,2244836.33,12759.0
2023-03-30,NAZ3,12647.0,12792.0,12511.0,12792.0,87,67,852759.84,12791.0
2023-03-30,NGJ3,2.265,2.317,2.21,2.213,1055459,193809,18406521084.15,2.212
2023-03-30,NGK3,2.544,2.595,2.5,2.506,40243,28127,789380866.07,2.503
2023-03-30,NGM3,2.919,2.979,2.856,2.862,5607,2508,125851604.22,2.861
2023-03-30,NGN3,3.117,3.129,3.011,3.011,197,121,4642973.11,3.015
2023-03-30,NGQ3,3.184,3.409,3.16,3.184,279,175,6956723.58,3.18
2023-03-30,NGU3,3.464,3.464,3.363,3.415,79,25,2074958.65,3.415
2023-03-30,NKM3,112100.0,112399.0,111801.0,111809.0,161,109,18033632.0,111814.0
2023-03-30,NKU3,113844.0,113844.0,113844.0,113844.0,1,1,113844.0,113844.0
2023-03-30,NMM3,13271.0,13470.0,13108.0,13130.0,2349,1222,31149078.0,13148.0
2023-03-30,NMU3,13460.0,13621.0,13312.0,13352.0,61,32,821329.0,13352.0
2023-03-30,OGM3,6497.0,6497.0,6200.0,6425.0,6,6,37969.0,6417.0
2023-03-30,OZM3,17705.0,18249.0,17585.0,18211.0,1658,764,29760754.0,18145.0
2023-03-30,PDM3,1500.0,1550.46,1500.0,1533.05,582,291,68650672.3,1537.02
2023-03-30,PDU3,1565.14,1609.36,1565.14,1609.36,18,13,2214973.35,1610.03
2023-03-30,PHM3,7091.0,7112.0,7059.0,7080.0,624,135,4415398.0,7069.0
2023-03-30,PIM3,6652.0,6797.0,6652.0,6714.0,229,84,1536793.0,6707.0
2023-03-30,PIU3,6849.0,6850.0,6849.0,6850.0,5,2,34246.0,6849.0
2023-03-30,POM3,5681.0,5736.0,5665.0,5707.0,9165,1795,52224634.0,5710.0
2023-03-30,POU3,5787.0,5803.0,5774.0,5798.0,10,6,57914.0,5798.0
2023-03-30,PSM3,1712.0,1750.0,1701.0,1723.0,772,163,1336192.0,1723.0
2023-03-30,PTM3,989.3,1006.5,987.1,1001.5,724,426,55681901.55,1001.5
2023-03-30,PZM3,94873.0,95444.0,94771.0,95444.0,246,196,23371357.0,95071.0
2023-03-30,RIM3,99710.0,100420.0,99330.0,99950.0,101529,58846,15660654078.52,99950.0
2023-03-30,RIU3,99790.0,100300.0,99420.0,99840.0,134,118,20671491.46,99840.0
2023-03-30,RIZ3,100290.0,100290.0,99390.0,100200.0,8,5,1236185.66,99910.0
2023-03-30,RLM3,4158.0,4181.0,4142.0,4149.0,323,77,1343726.0,4149.0
2023-03-30,RLU3,4320.0,4320.0,4206.0,4260.0,21,9,89524.0,4260.0
2023-03-30,RMM3,998.5,1004.5,994.0,999.0,9677,3232,149266852.97,999.5
2023-03-30,RMU3,996.5,1002.5,996.0,999.5,267,85,4120994.29,999.5
2023-03-30,RNH4,39278.0,39332.0,39278.0,39278.0,7,4,275000.0,39278.0
2023-03-30,RNM3,38425.0,38715.0,38253.0,38333.0,2073,1074,79720328.0,38431.0
2023-03-30,RNM4,37381.0,37381.0,34000.0,37100.0,18,17,641388.0,37100.0
2023-03-30,RNU3,38353.0,38517.0,38175.0,38175.0,4,4,153559.0,38212.0
2023-03-30,RNU4,38482.0,38482.0,38480.0,38480.0,4,3,153926.0,38481.0
2023-03-30,RNZ3,38001.0,38001.0,38001.0,38001.0,1,1,38001.0,38001.0
2023-03-30,RTM3,6062.0,6069.0,6011.0,6041.0,508,118,3071974.0,6040.0
2023-03-30,RTU3,6121.0,6121.0,6000.0,6000.0,10,5,60374.0,6000.0
2023-03-30,SAK3,35.1,35.63,35.06,35.63,14,7,504250.96,35.66
2023-03-30,SEM3,1451.0,1516.0,1451.0,1498.0,30,16,45230.0,1499.0
2023-03-30,SFM3,397.8,401.69,397.31,400.3,75411,13628,2328231979.67,400.3
2023-03-30,SFU3,395.67,399.29,395.23,398.34,1880,609,57680450.79,398.11
2023-03-30,SFZ3,394.0,397.5,394.0,396.81,91,44,2784623.4,396.91
2023-03-30,SGM3,32001.0,32713.0,31700.0,32334.0,945,480,30452833.0,32392.0
2023-03-30,SGU3,30000.0,30000.0,30000.0,30000.0,1,1,30000.0,31913.0
2023-03-30,SNM3,24125.0,24330.0,23890.0,24182.0,1993,1111,48125751.0,24196.0
2023-03-30,SNU3,24100.0,24100.0,24100.0,24100.0,3,1,72300.0,24100.0
2023-03-30,SOM3,4771.0,4897.0,4746.0,4829.0,511,88,2445244.0,4828.0
2023-03-30,SOU3,4799.0,4799.0,4799.0,4799.0,1,1,4799.0,4800.0
2023-03-30,SPM3,19942.0,20047.0,19769.0,19850.0,8366,4169,166407648.0,19856.0
2023-03-30,SPU3,20123.0,20144.0,20018.0,20028.0,39,28,782313.0,20045.0
2023-03-30,SRH4,21214.0,22101.0,20916.0,21248.0,205,90,4394833.0,21248.0
2023-03-30,SRM3,19996.0,20121.0,19831.0,19928.0,281452,68726,5615012286.0,19916.0
2023-03-30,SRU3,20329.0,20450.0,20160.0,20236.0,4102,1714,83229659.0,20239.0
2023-03-30,SRZ3,20723.0,21015.0,20329.0,20500.0,459,224,9447442.0,20500.0
2023-03-30,SSM3,2621.0,2687.0,2481.0,2651.0,3182,533,8366256.0,2653.0
2023-03-30,SVH4,24.98,24.98,24.98,24.98,5,1,96384.1,24.98
2023-03-30,SVM3,23.45,23.92,23.4,23.74,86452,16004,1580102536.17,23.74
2023-03-30,SVU3,23.84,24.24,23.79,24.11,2874,860,53336480.21,24.1
2023-03-30,SVZ3,24.29,24.63,24.01,24.43,123,65,2323002.85,24.43
2023-03-30,SXM3,4139.6,4160.0,4110.0,4148.0,102,50,355880.0,4148.0
2023-03-30,SXU3,4020.0,4080.0,4020.0,4080.0,24,13,81937.49,4070.0
2023-03-30,SiH4,79000.0,79146.0,78578.0,78590.0,65,40,5120475.0,78590.0
2023-03-30,SiH5,83823.0,84311.0,83823.0,84311.0,2,2,168134.0,84311.0
2023-03-30,SiM3,77344.0,77567.0,76853.0,77431.0,1079713,206583,83386238783.0,77445.0
2023-03-30,SiM4,80835.0,80835.0,80574.0,80574.0,3,3,242137.0,80574.0
2023-03-30,SiU3,77481.0,77625.0,77019.0,77520.0,4305,2499,333097494.0,77514.0
2023-03-30,SiU4,81931.0,81931.0,80108.0,81017.0,8,8,647802.0,81017.0
2023-03-30,SiZ3,78148.0,78205.0,77798.0,78171.0,157,118,12255733.0,78171.0
2023-03-30,SiZ4,83923.0,83923.0,83923.0,83923.0,1,1,83923.0,83553.0
2023-03-30,TIM3,25398.0,25625.0,25355.0,25415.0,254,150,6464130.0,25465.0
2023-03-30,TIU3,25950.0,26000.0,25732.0,25732.0,3,3,77682.0,25756.0
2023-03-30,TNM3,105415.0,105848.0,105415.0,105848.0,5,5,528363.0,105848.0
2023-03-30,TTM3,37372.0,38509.0,37124.0,38100.0,2027,1127,76728486.0,38030.0
2023-03-30,TTU3,36729.0,37995.0,36415.0,37447.0,21,21,783494.0,37474.0
2023-03-30,TYM3,3.95,3.97,3.9,3.949,326,27,1286866.0,3.949
2023-03-30,TYU3,3.85,3.85,3.8,3.8,2,2,7650.0,3.938
2023-03-30,UCM3,6.856,6.865,6.82,6.86,4193,1798,321395402.95,6.86
2023-03-30,USDRUBF,77.21,77.41,76.91,77.21,24231,6852,1869090530.0,77.17
2023-03-30,VBM3,1863.0,1875.0,1856.0,1867.0,68452,6914,127717008.0,1868.0
2023-03-30,VBU3,1885.0,1893.0,1878.0,1886.0,1768,324,3333983.0,1888.0
2023-03-30,VBZ3,1916.0,1955.0,1916.0,1923.0,6,6,11548.0,1927.0
2023-03-30,VIJ3,34.3,34.5,34.3,34.5,11,6,58432.34,34.5
2023-03-30,W4H3,13690.0,13690.0,13510.0,13510.0,20,14,271430.0,13510.0
2023-03-30,W4J3,13780.0,13820.0,13510.0,13640.0,47,26,644890.0,13640.0
2023-03-30,W4K3,13840.0,14000.0,13760.0,13910.0,68,17,940250.0,13890.0
2023-03-30,W4M3,14250.0,14250.0,13800.0,13900.0,1038,22,14557910.0,13950.0
2023-03-30,W4Z3,14420.0,14420.0,14420.0,14420.0,500,1,7210000.0,14420.0
2023-03-30,YNM3,19513.0,19616.0,19442.0,19447.0,3427,1612,66870540.0,19453.0
2023-03-30,YNU3,19899.0,19986.0,19894.0,19943.0,25,17,497952.0,19859.0
2023-03-31,AFM3,3230.0,3260.0,3051.0,3136.0,30271,4553,95136748.0,3149.0
2023-03-31,AFU3,3269.0,3296.0,3087.0,3184.0,708,277,2264375.0,3184.0
2023-03-31,AFZ3,3251.0,3251.0,3250.0,3250.0,4,2,13002.0,3250.0
2023-03-31,AKM3,14690.0,14889.0,14490.0,14757.0,1085,322,15874922.0,14695.0
2023-03-31,ALM3,6746.0,6787.0,6582.0,6693.0,9074,2354,60575279.0,6700.0
2023-03-31,ALU3,6668.0,6851.0,6511.0,6600.0,200,93,1334320.0,6620.0
2023-03-31,ALZ3,6673.0,6680.0,6670.0,6670.0,5,5,33368.0,6670.0
2023-03-31,AUM3,0.67,0.671,0.6699,0.6703,7,4,363447.71,0.6703
2023-03-31,BRF4,92.9,92.99,92.9,92.99,2,2,143989.47,92.89
2023-03-31,BRG4,93.0,93.24,93.0,93.24,2,2,144260.58,93.24
2023-03-31,BRH4,94.1,94.1,94.1,94.1,1,1,72889.39,94.1
2023-03-31,BRJ3,78.84,79.81,78.33,79.57,238064,75258,14582663621.81,79.58
2023-03-31,BRK3,79.56,82.06,79.2,81.8,139169,44902,8699466055.71,81.8
2023-03-31,BRM3,80.45,82.6,79.9,82.45,4752,1583,299650099.58,82.43
2023-03-31,BRN3,81.44,83.69,81.01,83.5,184,137,11755687.59,83.5
2023-03-31,BRQ3,83.5,85.4,83.1,85.4,61,44,3999574.82,85.4
2023-03-31,BRU3,85.98,87.49,85.89,87.49,31,26,2074566.85,87.49
2023-03-31,BRV3,88.85,89.0,87.52,89.0,10,8,687127.76,89.0
2023-03-31,BRX3,89.2,92.0,89.2,90.8,5,4,353215.32,90.8
2023-03-31,BRZ3,90.2,91.0,90.2,91.0,9,7,632108.26,91.0
2023-03-31,CFM3,0.9095,0.9095,0.9095,0.9095,1,1,76749.43,0.9095
2023-03-31,CHM3,104993.0,105659.0,102600.0,102849.0,246,190,25513172.0,102705.0
2023-03-31,CNYRUBF,11.2,11.35,11.19,11.29,36407,2207,410527070.0,11.28
2023-03-31,CRH4,11.979,12.174,11.832,11.9,23,19,275482.0,11.9
2023-03-31,CRM3,11.309,11.463,11.296,11.394,1532225,56020,17439915284.0,11.397
2023-03-31,CRM4,12.036,12.15,11.906,12.099,52,52,623073.0,12.099
2023-03-31,CRU3,11.457,11.609,11.455,11.542,4966,1106,57294268.0,11.544
2023-03-31,CRZ3,11.697,11.823,11.652,11.71,213,90,2493140.0,11.71
2023-03-31,CSM3,6193.0,6193.0,5973.0,5973.0,3,3,18140.0,5727.0
2023-03-31,CoJ3,8801.0,9497.5,8801.0,8942.0,12,11,838310.38,8942.0
2023-03-31,CoM3,10051.0,10051.0,8535.0,8535.0,6,2,431899.23,8939.5
2023-03-31,DXM3,12511.0,12885.0,12510.0,12872.0,90,24,966538.07,12872.0
2023-03-31,DXU3,12392.0,12393.0,12392.0,12393.0,2,2,20863.76,12392.0
2023-03-31,ECU3,1.3534,1.5128,1.3534,1.5128,18,6,1473892.02,1.4331
2023-03-31,EDM3,1.0793,1.0803,1.0745,1.0761,46412,14357,3871725107.39,1.0762
2023-03-31,EDU3,1.0771,1.0777,1.0725,1.073,658,381,54789188.52,1.0734
2023-03-31,EURRUBF,84.21,84.79,83.92,84.19,5075,2455,428077370.0,84.18
2023-03-31,EuM3,83650.0,84385.0,83455.0,83866.0,68918,22918,5782684096.0,83851.0
2023-03-31,EuU3,83367.0,84000.0,83193.0,83556.0,3373,1457,281830650.0,83540.0
2023-03-31,EuZ3,84329.0,84800.0,84291.0,84711.0,21,17,1776017.0,84498.0
2023-03-31,FNM3,7893.0,7893.0,7893.0,7893.0,5,3,39465.0,7575.0
2023-03-31,FSM3,10213.0,10318.0,9888.0,9920.0,925,230,9328706.0,9917.0
2023-03-31,FSU3,10100.0,10221.0,10100.0,10221.0,7,4,70942.0,10200.0
2023-03-31,FVM3,14516.0,14757.0,14295.0,14474.0,1428,515,20692077.0,14499.0
2023-03-31,FVU3,14765.0,14765.0,14353.0,14353.0,7,5,101239.0,14524.0
2023-03-31,GDH4,2028.9,2028.9,2021.1,2022.0,29,13,4545253.81,2025.5
2023-03-31,GDM3,1991.2,2004.6,1989.5,1999.0,129653,41355,20043370832.28,1998.6
2023-03-31,GDU3,1999.0,2010.6,1995.8,2004.9,1850,1222,286996975.53,2005.2
2023-03-31,GDZ3,2019.0,2022.7,2011.2,2014.0,83,69,12968974.33,2014.9
2023-03-31,GKM3,15091.0,15125.0,14920.0,15078.0,14172,5661,213137532.0,15068.0
2023-03-31,GKU3,15088.0,15088.0,14899.0,15000.0,57,34,855205.0,15000.0
2023-03-31,GKZ3,15600.0,15600.0,15600.0,15600.0,4,4,62400.0,15500.0
2023-03-31,GOM3,5499.9,5499.9,5035.0,5035.0,2,2,105349.0,5394.7
2023-03-31,GUM3,1.238,1.238,1.2347,1.2375,5,5,478955.32,1.2375
2023-03-31,GZH4,17931.0,17976.0,17931.0,17965.0,24,18,431170.0,17965.0
2023-03-31,GZH5,19300.0,19300.0,19300.0,19300.0,1,1,19300.0,19300.0
2023-03-31,GZM3,17399.0,17538.0,16826.0,17197.0,109505,28460,1888174226.0,17200.0
2023-03-31,GZM4,18688.0,19901.0,18458.0,18508.0,86,62,1628994.0,18519.0
2023-03-31,GZU3,17060.0,17187.0,16621.0,16857.0,793,428,13453152.0,16887.0
2023-03-31,GZU4,18660.0,18701.0,18660.0,18700.0,11,9,205624.0,18699.0
2023-03-31,GZU5,19543.0,19543.0,19543.0,19543.0,1,1,19543.0,19538.0
2023-03-31,GZZ3,17498.0,17498.0,17250.0,17308.0,11,11,191010.0,17308.0
2023-03-31,GZZ4,19104.0,19104.0,19103.0,19103.0,8,3,152829.0,19102.0
2023-03-31,GZZ5,20273.0,20273.0,20199.0,20199.0,3,3,60745.0,20199.0
2023-03-31,HKM3,9.935,10.017,9.916,9.966,499,75,4976141.0,9.966
2023-03-31,HKU3,10.169,10.169,10.155,10.155,3,2,30479.0,10.155
2023-03-31,HOM3,25450.0,25460.0,25450.0,25460.0,10,2,254590.0,25460.0
2023-03-31,HOU3,25450.0,25450.0,25450.0,25450.0,1,1,25450.0,25600.0
2023-03-31,HOZ3,26960.0,26960.0,25960.0,25960.0,18,2,476280.0,26460.0
2023-03-31,HSM3,21350.0,21490.0,21174.0,21243.0,7585,477,15951327.28,21244.0
2023-03-31,HSU3,22371.0,22675.0,22159.0,22485.0,168,52,372644.57,22478.0
2023-03-31,HSZ3,22618.0,22620.0,22350.0,22350.0,4,4,8900.83,22350.0
2023-03-31,HYM3,8352.0,8360.0,8268.0,8307.0,210,88,1743329.0,8298.0
2023-03-31,HYU3,8279.0,8279.0,8279.0,8279.0,1,1,8279.0,8279.0
2023-03-31,IRM3,35662.0,35662.0,34899.0,35297.0,220,99,7751774.0,35305.0
2023-03-31,JPM3,133.87,134.38,133.45,133.45,17,16,1317595.12,133.45
2023-03-31,LKH4,44000.0,47001.0,43419.0,43419.0,19,15,863447.0,43419.0
2023-03-31,LKM3,44519.0,44550.0,43521.0,44129.0,8253,4738,362917522.0,44046.0
2023-03-31,LKU3,43359.0,43420.0,42400.0,42893.0,110,78,4709959.0,42893.0
2023-03-31,LKZ3,42748.0,43785.0,42100.0,42474.0,24,21,1024338.0,42619.0
2023-03-31,MCM3,15430.0,15497.0,14906.0,15374.0,467,194,7099448.0,15374.0
2023-03-31,MEM3,11002.0,11095.0,10885.0,11072.0,5060,2621,55660080.0,11037.0
2023-03-31,MGM3,40556.0,40628.0,39800.0,40136.0,862,606,34599515.0,40141.0
2023-03-31,MGU3,40923.0,40923.0,40600.0,40691.0,14,10,570306.0,40830.0
2023-03-31,MLM3,4930.0,4958.0,4846.0,4876.0,2784,572,13614171.0,4875.0
2023-03-31,MLU3,5000.0,5000.0,5000.0,5000.0,4,1,20000.0,4966.0
2023-03-31,MMH4,2495.2,2495.2,2495.0,2495.0,3,3,74854.0,2495.0
2023-03-31,MMM3,2446.7,2451.9,2400.0,2428.0,71374,17251,1729633029.0,2427.95
2023-03-31,MMM4,2480.85,2575.0,2477.4,2484.2,64,24,1605025.0,2484.2
2023-03-31,MMU3,2453.4,2455.0,2409.05,2432.9,287,134,6960059.5,2432.9
2023-03-31,MMZ3,2465.35,2465.35,2458.0,2458.0,5,5,123120.5,2458.0
2023-03-31,MNM3,4583.0,4740.0,4565.0,4636.0,28333,5043,132346002.0,4644.0
2023-03-31,MNU3,4602.0,4718.0,4581.0,4649.0,822,148,3840568.0,4649.0
2023-03-31,MNZ3,4730.0,4763.0,4525.0,4763.0,102,13,472070.0,4738.0
2023-03-31,MTM3,26213.0,26297.0,25855.0,26142.0,1035,531,26930975.0,26098.0
2023-03-31,MXM3,245200.0,245500.0,240100.0,242825.0,26477,16271,6424604775.0,242825.0
2023-03-31,MXU3,245150.0,245350.0,240575.0,242850.0,41,41,9947025.0,242850.0
2023-03-31,MXZ3,249450.0,249450.0,249000.0,249000.0,6,4,1494450.0,249000.0
2023-03-31,N2M3,29234.0,29234.0,28825.0,29112.0,189,30,318718.5,29112.0
2023-03-31,N2Z3,28301.0,30250.0,28301.0,28612.0,15,8,25038.96,29234.0
2023-03-31,NAM3,12736.0,12883.0,12690.0,12873.0,93571,12627,927125572.3,12874.0
2023-03-31,NAU3,12704.0,12835.0,12551.0,12835.0,478,153,4710700.48,12830.0
2023-03-31,NAZ3,12791.0,12893.0,12706.0,12777.0,57,50,564445.58,12776.0
2023-03-31,NGJ3,2.212,2.281,2.17,2.262,1121112,186893,19306891267.47,2.261
2023-03-31,NGK3,2.503,2.571,2.465,2.556,35421,24094,689652448.34,2.554
2023-03-31,NGM3,2.863,2.944,2.833,2.919,6008,2649,133909715.37,2.922
2023-03-31,NGN3,3.011,3.085,2.99,3.037,327,200,7664292.21,3.037
2023-03-31,NGQ3,3.177,3.194,3.081,3.133,745,226,18019512.04,3.131
2023-03-31,NGU3,3.353,3.378,3.221,3.344,450,167,11533060.65,3.344
2023-03-31,NKM3,111880.0,112086.0,110020.0,111665.0,508,365,56320861.0,111541.0
2023-03-31,NMM3,13147.0,13250.0,12938.0,13001.0,1672,806,21851466.0,13014.0
2023-03-31,NMU3,13373.0,13373.0,13141.0,13237.0,88,37,1167218.0,13223.0
2023-03-31,OGM3,6212.0,6800.0,6002.0,6543.0,37,25,235977.0,6499.0
2023-03-31,OZM3,18185.0,18344.0,17669.0,18000.0,1415,655,25432805.0,17948.0
2023-03-31,PDM3,1539.01,1569.94,1515.0,1531.15,832,394,99687523.44,1531.15
2023-03-31,PDU3,1610.02,1642.86,1600.0,1600.0,37,24,4650354.49,1600.1
2023-03-31,PHM3,7061.0,7090.0,6899.0,7055.0,2017,403,14191729.0,7068.0
2023-03-31,PIM3,6700.0,6788.0,6543.0,6626.0,354,103,2357761.0,6633.0
2023-03-31,POM3,5713.0,5810.0,5693.0,5720.0,23332,4289,134066921.0,5716.0
2023-03-31,POU3,5847.0,5895.0,5800.0,5816.0,30,27,175265.0,5816.0
2023-03-31,PSM3,1728.0,1733.0,1700.0,1729.0,513,132,881830.0,1716.0
2023-03-31,PTM3,1003.4,1012.4,998.0,1011.1,638,386,49659184.84,1011.1
2023-03-31,PTU3,1035.0,1037.7,1031.5,1035.2,6,6,480752.37,1036.6
2023-03-31,PZM3,95184.0,95618.0,94201.0,95063.0,517,401,49086157.0,95031.0
2023-03-31,RBM3,12710.0,12710.0,12710.0,12710.0,4,3,50840.0,12710.0
2023-03-31,RIH4,98740.0,99970.0,97340.0,97470.0,8,8,1217895.71,97760.0
2023-03-31,RIM3,100020.0,100240.0,97430.0,98380.0,139003,75788,21227033277.33,98400.0
2023-03-31,RIM4,99000.0,99000.0,97230.0,97230.0,10,8,1515712.02,97510.0
2023-03-31,RIU3,99870.0,100200.0,97480.0,98580.0,370,331,56426333.29,98580.0
2023-03-31,RIZ3,99060.0,99060.0,97700.0,98010.0,14,14,2133467.01,98240.0
2023-03-31,RLM3,4147.0,4200.0,4072.0,4115.0,1296,279,5348592.0,4097.0
2023-03-31,RLU3,4255.0,4255.0,4180.0,4244.0,7,4,29689.0,4190.0
2023-03-31,RMM3,999.5,1002.5,975.0,984.0,22765,6703,347490544.35,984.5
2023-03-31,RMU3,1000.5,1002.5,977.5,986.0,360,134,5516123.43,986.0
2023-03-31,RMZ3,1000.0,1000.0,971.0,971.0,5,5,76607.44,976.5
2023-03-31,RNM3,38437.0,38500.0,37417.0,37716.0,2539,1321,96044981.0,37715.0
2023-03-31,RNM4,38050.0,38051.0,37500.0,37500.0,5,4,188601.0,37503.0
2023-03-31,RNU3,38477.0,38477.0,37554.0,37651.0,30,28,1138355.0,37656.0
2023-03-31,RNU4,38501.0,38800.0,38501.0,38800.0,4,3,154901.0,38803.0
2023-03-31,RNZ3,37430.0,37430.0,37430.0,37430.0,2,2,74860.0,37431.0
2023-03-31,RTM3,6046.0,6098.0,6023.0,6057.0,465,111,2818148.0,6055.0
2023-03-31,SAK3,35.67,35.67,35.67,35.67,1,1,36240.72,35.67
2023-03-31,SEM3,1505.0,1507.0,1467.0,1485.0,61,17,90633.0,1484.0
2023-03-31,SFH4,398.0,398.0,398.0,398.0,1,1,30829.08,398.0
2023-03-31,SFM3,400.3,403.39,399.0,402.91,76806,14518,2387845478.68,403.09
2023-03-31,SFU3,398.05,401.0,396.78,400.68,2084,691,64415747.17,400.84
2023-03-31,SFZ3,396.81,399.99,395.89,398.0,118,44,3630814.44,398.01
2023-03-31,SGM3,32365.0,32599.0,31816.0,32400.0,841,495,27097755.0,32325.0
2023-03-31,SNM3,24187.0,24335.0,23646.0,23894.0,2974,1269,71098624.0,23836.0
2023-03-31,SNU3,23996.0,23996.0,23996.0,23996.0,12,6,287952.0,23996.0
2023-03-31,SOM3,4837.0,4868.0,4746.0,4784.0,710,149,3396810.0,4793.0
2023-03-31,SPM3,19852.0,19946.0,19322.0,19734.0,15688,7334,307204084.0,19685.0
2023-03-31,SPU3,20069.0,20135.0,19543.0,19759.0,76,72,1499631.0,19885.0
2023-03-31,SRH4,21261.0,21273.0,20849.0,21080.0,62,26,1310026.0,21090.0
2023-03-31,SRM3,19921.0,19968.0,19404.0,19769.0,414040,95447,8140184234.0,19770.0
2023-03-31,SRU3,20242.0,20290.0,19745.0,20124.0,8363,3113,167356092.0,20104.0
2023-03-31,SRZ3,20522.0,20579.0,20121.0,20455.0,271,156,5501168.0,20455.0
2023-03-31,SSM3,2657.0,2694.0,2599.0,2636.0,3170,293,8352037.0,2636.0
2023-03-31,SVH4,25.1,25.47,24.82,25.47,65,11,1273325.69,25.08
2023-03-31,SVM3,23.77,24.14,23.75,24.09,64401,13704,1193775172.68,24.08
2023-03-31,SVU3,24.14,24.47,24.11,24.41,1310,698,24610989.8,24.4
2023-03-31,SVZ3,24.44,24.73,24.42,24.63,94,63,1789430.65,24.63
2023-03-31,SXM3,4146.1,4274.5,4146.1,4259.9,3043,107,10896141.9,4259.9
2023-03-31,SXU3,4050.0,4191.8,4049.3,4162.5,29,18,100684.11,4162.5
2023-03-31,SXZ3,4019.0,4050.0,4010.0,4050.0,15,11,50755.99,4050.0
2023-03-31,SiH4,78634.0,79178.0,78621.0,79003.0,18,14,1421512.0,79003.0
2023-03-31,SiH5,84389.0,84575.0,84389.0,84575.0,3,3,253523.0,84575.0
2023-03-31,SiM3,77405.0,78235.0,77293.0,77800.0,887813,201112,69019994116.0,77787.0
2023-03-31,SiM4,80629.0,80977.0,80629.0,80977.0,4,4,323084.0,80880.0
2023-03-31,SiU3,77450.0,78252.0,77356.0,77842.0,5729,3215,445464615.0,77853.0
2023-03-31,SiU4,80950.0,81900.0,80950.0,80952.0,4,4,325060.0,80952.0
2023-03-31,SiZ3,78137.0,78749.0,78050.0,78453.0,192,148,15066712.0,78453.0
2023-03-31,SiZ4,83582.0,83586.0,83582.0,83586.0,2,2,167168.0,83586.0
2023-03-31,TIM3,25497.0,25689.0,25100.0,25251.0,683,340,17334054.0,25278.0
2023-03-31,TNM3,105930.0,105930.0,105000.0,105000.0,7,7,739843.0,105000.0
2023-03-31,TTM3,38021.0,38242.0,37200.0,37780.0,1786,1076,67348700.0,37750.0
2023-03-31,TTU3,37847.0,37847.0,37000.0,37000.0,13,11,485323.0,37250.0
2023-03-31,TYM3,3.949,4.002,3.86,3.968,1044,57,4145184.0,3.968
2023-03-31,UCM3,6.857,6.864,6.84,6.84,2205,793,170406362.06,6.84
2023-03-31,USDRUBF,77.18,77.98,77.09,77.51,23687,6297,1836528890.0,77.46
2023-03-31,VBM3,1867.0,1876.0,1817.0,1836.0,164253,13642,302605640.0,1837.0
2023-03-31,VBU3,1882.0,1898.0,1842.0,1864.0,6202,840,11686531.0,1860.0
2023-03-31,VBZ3,1925.0,1925.0,1908.0,1908.0,9,7,17254.0,1917.0
2023-03-31,W4H3,13510.0,13580.0,13510.0,13580.0,19,6,256760.0,13572.0
2023-03-31,W4J3,13690.0,13840.0,13660.0,13700.0,78,21,1069060.0,13700.0
2023-03-31,W4K3,13880.0,14070.0,13770.0,13940.0,129,33,1795530.0,13940.0
2023-03-31,W4M3,13950.0,14270.0,13940.0,14000.0,49,27,686280.0,14010.0
2023-03-31,YNM3,19455.0,19517.0,19204.0,19280.0,5299,2170,102442895.0,19256.0
2023-03-31,YNU3,19861.0,19885.0,19600.0,19720.0,61,45,1202036.0,19671.0
2023-04-03,AFM3,3134.0,3203.0,3134.0,3184.0,10009,1395,31705114.0,3193.0
2023-04-03,AFU3,3170.0,3227.0,3170.0,3225.0,343,113,1099365.0,3225.0
2023-04-03,AKM3,14784.0,15108.0,14762.0,14933.0,1311,334,19586328.0,14953.0
2023-04-03,ALM3,6713.0,6848.0,6691.0,6760.0,8271,1961,56117224.0,6792.0
2023-04-03,ALU3,6627.0,7692.0,6624.0,6775.0,378,193,2590022.0,6775.0
2023-04-03,ALZ3,6740.0,6802.0,6651.0,6751.0,15,7,101661.0,6751.0
2023-04-03,AUM3,0.6717,0.6717,0.6717,0.6717,1,1,52915.79,0.6763
2023-04-03,BRF4,92.24,98.14,91.9,97.0,8,8,602209.54,96.9
2023-04-03,BRG4,95.52,97.08,95.52,97.08,3,3,227978.27,97.08
2023-04-03,BRH4,97.15,100.0,96.78,100.0,4,4,307954.6,99.4
2023-04-03,BRJ3,79.6,79.88,79.56,79.75,66456,10539,4176184273.58,79.74
2023-04-03,BRJ4,96.0,96.0,95.49,95.49,4,4,301778.32,95.49
2023-04-03,BRK3,81.86,86.75,81.66,86.03,236250,78231,15918921902.82,86.02
2023-04-03,BRM3,82.5,87.36,82.26,86.45,9863,6809,670356741.1,86.44
2023-04-03,BRN3,83.45,88.2,83.45,87.36,382,245,26164843.8,87.36
2023-04-03,BRQ3,85.49,89.2,85.3,88.46,179,123,12498776.56,88.46
2023-04-03,BRU3,87.69,92.05,86.32,90.14,118,94,8408473.75,90.14
2023-04-03,BRV3,89.0,94.71,89.0,91.0,24,24,1721476.54,91.0
2023-04-03,BRX3,93.51,95.0,92.01,92.01,12,12,886105.08,92.31
2023-04-03,BRZ3,91.5,96.5,91.5,94.0,14,12,1034524.52,94.0
2023-04-03,CHM3,102167.0,104672.0,102167.0,104142.0,208,170,21592849.0,104142.0
2023-04-03,CNYRUBF,11.3,11.45,11.21,11.45,47964,2197,542820160.0,11.44
2023-04-03,CRH4,11.98,12.186,11.91,11.962,25,16,299768.0,11.987
2023-04-03,CRM3,11.39,11.546,11.301,11.54,1631888,57943,18619011410.0,11.537
2023-04-03,CRM4,12.09,12.09,12.09,12.09,1,1,12090.0,12.13
2023-04-03,CRU3,11.543,11.694,11.445,11.689,13571,2145,156403562.0,11.688
2023-04-03,CRZ3,11.757,11.883,11.632,11.883,63,41,739588.0,11.883
2023-04-03,CSM3,6001.0,6001.0,5934.0,5934.0,5,5,29936.0,5999.0
2023-04-03,CoJ3,9196.0,9250.0,8991.0,9198.5,6,6,432347.04,9197.5
2023-04-03,DXM3,12701.0,12982.0,12701.0,12929.0,17,8,188229.35,12919.0
2023-04-03,DXU3,12455.0,12788.0,12455.0,12788.0,5,4,53754.68,12753.0
2023-04-03,DXZ3,12395.0,12895.0,12395.0,12702.0,6,4,64805.93,12702.0
2023-04-03,EDM3,1.0754,1.0801,1.0684,1.0782,68820,17605,5825946173.99,1.0782
2023-04-03,EDU3,1.0723,1.0763,1.0672,1.075,775,389,65521403.76,1.075
2023-04-03,EURRUBF,84.21,85.84,83.45,85.84,4734,2348,400043510.0,85.86
2023-04-03,EuH4,85133.0,85300.0,85133.0,85300.0,2,2,170433.0,85668.0
2023-04-03,EuM3,83950.0,85315.0,83100.0,85278.0,121963,35849,10263841546.0,85289.0
2023-04-03,EuM4,86377.0,86377.0,86377.0,86377.0,2,2,172754.0,86377.0
2023-04-03,EuU3,83497.0,84925.0,82740.0,84925.0,4487,2018,376394448.0,84925.0
2023-04-03,EuZ3,84656.0,85000.0,84656.0,85000.0,19,18,1614506.0,85059.0
2023-04-03,FNM3,7777.0,7777.0,7777.0,7777.0,2,2,15554.0,7777.0
2023-04-03,FSM3,9939.0,10233.0,9939.0,10109.0,163,69,1644578.0,10103.0
2023-04-03,FVM3,14516.0,14620.0,14379.0,14543.0,507,224,7338922.0,14423.0
2023-04-03,GDH4,2018.4,2034.6,2012.8,2034.6,28,18,4466574.54,2034.6
2023-04-03,GDM3,1998.2,2006.1,1973.0,2004.8,150993,45818,23681619361.88,2004.9
2023-04-03,GDU3,2002.5,2013.0,1980.8,2011.5,3103,1850,488412368.7,2011.7
2023-04-03,GDZ3,2013.2,2019.4,1992.9,2018.0,121,97,19128659.2,2018.0
2023-04-03,GKM3,15079.0,15270.0,15060.0,15160.0,9763,3688,147961037.0,15204.0
2023-04-03,GKU3,15000.0,15211.0,15000.0,15056.0,71,44,1071307.0,15110.0
2023-04-03,GKZ3,15500.0,15500.0,15500.0,15500.0,1,1,15500.0,15500.0
2023-04-03,GOM3,5680.0,5680.0,5680.0,5680.0,1,1,56800.0,5551.5
2023-04-03,GUM3,1.2315,1.2455,1.2299,1.2373,17,14,1657634.12,1.2373
2023-04-03,GZH4,18129.0,18129.0,18129.0,18129.0,2,1,36258.0,18124.0
2023-04-03,GZH5,19103.0,19103.0,19103.0,19103.0,1,1,19103.0,19103.0
2023-04-03,GZM3,17184.0,17448.0,17124.0,17205.0,78542,21500,1357417654.0,17264.0
2023-04-03,GZM4,18699.0,18699.0,18630.0,18630.0,11,6,205072.0,18630.0
2023-04-03,GZU3,16891.0,17097.0,16891.0,16922.0,685,387,11635648.0,16996.0
2023-04-03,GZU4,18460.0,18757.0,18444.0,18757.0,5,5,92609.0,18757.0
2023-04-03,GZU5,19193.0,19193.0,19013.0,19013.0,4,4,76582.0,19013.0
2023-04-03,GZZ3,17460.0,17574.0,17321.0,17526.0,29,16,506607.0,17481.0
2023-04-03,GZZ4,19100.0,19200.0,19100.0,19200.0,2,2,38300.0,19099.0
2023-04-03,GZZ5,20189.0,20189.0,20189.0,20189.0,1,1,20189.0,20189.0
2023-04-03,HKM3,9.956,10.08,9.896,10.078,438,84,4371271.0,10.078
2023-04-03,HKU3,10.116,10.9,10.116,10.2,29,19,301733.0,10.244
2023-04-03,HOM3,25480.0,25480.0,25480.0,25480.0,1,1,25480.0,25460.0
2023-04-03,HSM3,21245.0,21321.0,20853.0,21289.0,4041,359,8468859.35,21289.0
2023-04-03,HSU3,22176.0,22496.0,22000.0,22140.0,50,22,109691.16,22140.0
2023-04-03,HSZ3,22351.0,23111.0,22351.0,22411.0,17,14,38269.04,23012.0
2023-04-03,HYM3,8307.0,8529.0,8307.0,8529.0,870,281,7334195.0,8524.0
2023-04-03,HYU3,8462.0,8473.0,8462.0,8472.0,4,3,33879.0,8469.0
2023-04-03,IRM3,35322.0,36163.0,35309.0,35974.0,125,73,4478739.0,35979.0
2023-04-03,JPM3,134.29,135.23,133.2,133.45,49,28,3817167.78,133.45
2023-04-03,LKH4,43201.0,44402.0,43201.0,44402.0,3,3,132005.0,44402.0
2023-04-03,LKM3,44151.0,45708.0,44145.0,45300.0,9903,5625,447787538.0,45380.0
2023-04-03,LKU3,42902.0,44759.0,42902.0,43759.0,367,251,16166261.0,43800.0
2023-04-03,LKZ3,42894.0,44449.0,42100.0,44446.0,64,39,2793105.0,44299.0
2023-04-03,MCM3,15375.0,16400.0,15173.0,15610.0,741,315,11600240.0,15611.0
2023-04-03,MCU3,16077.0,16519.0,16077.0,16519.0,2,2,32596.0,16318.0
2023-04-03,MEM3,11069.0,11200.0,11020.0,11147.0,3791,1623,42196810.0,11136.0
2023-04-03,MEU3,11236.0,11346.0,11220.0,11269.0,61,25,690242.0,11285.0
2023-04-03,MGM3,40148.0,41051.0,40148.0,40464.0,599,462,24259939.0,40495.0
2023-04-03,MGU3,41742.0,41742.0,41117.0,41117.0,13,12,536612.0,41117.0
2023-04-03,MLM3,4876.0,4938.0,4846.0,4884.0,1176,254,5752493.0,4878.0
2023-04-03,MLU3,4945.0,4946.0,4945.0,4946.0,7,3,34617.0,4963.0
2023-04-03,MMH4,2528.0,2528.0,2526.0,2526.0,4,4,101060.0,2526.0
2023-04-03,MMH5,2859.45,2895.55,2674.25,2683.1,8,8,226945.5,2806.1
2023-04-03,MMM3,2427.75,2469.0,2427.2,2458.35,52202,13122,1281735054.0,2458.25
2023-04-03,MMM4,2536.6,2536.6,2536.6,2536.6,1,1,25366.0,2536.6
2023-04-03,MMU3,2435.3,2472.05,2435.3,2466.7,221,126,5443016.0,2466.7
2023-04-03,MMU4,2589.95,2626.4,2589.95,2604.2,20,13,519785.5,2604.2
2023-04-03,MMZ3,2455.0,2481.1,2455.0,2481.0,78,15,1927205.0,2481.0
2023-04-03,MMZ4,2681.05,2681.05,2681.05,2681.05,6,2,160863.0,2737.4
2023-04-03,MMZ5,2868.95,2868.95,2868.95,2868.95,1,1,28689.5,2880.35
2023-04-03,MNM3,4635.0,4719.0,4591.0,4623.0,11265,2692,52350603.0,4626.0
2023-04-03,MNU3,4640.0,4705.0,4597.0,4605.0,690,140,3193999.0,4605.0
2023-04-03,MNZ3,4701.0,4701.0,4700.0,4700.0,8,3,37607.0,4699.0
2023-04-03,MTM3,26081.0,26199.0,26002.0,26067.0,258,141,6735092.0,26067.0
2023-04-03,MTU3,24700.0,24700.0,24700.0,24700.0,2,2,49400.0,24700.0
2023-04-03,MXM3,242925.0,247000.0,242800.0,245800.0,22304,13552,5481810175.0,245975.0
2023-04-03,MXU3,242975.0,246950.0,242975.0,246325.0,37,35,9086675.0,246075.0
2023-04-03,MXZ3,250975.0,250975.0,250975.0,250975.0,1,1,250975.0,251125.0
2023-04-03,N2M3,29116.0,29284.0,29010.0,29010.0,37,10,62472.76,29100.0
2023-04-03,N2U3,28924.0,28924.0,28900.0,28900.0,40,3,66981.1,28924.0
2023-04-03,N2Z3,28923.0,29234.0,28923.0,29234.0,12,5,20286.32,29234.0
2023-04-03,NAH4,13262.0,13299.0,12740.0,12740.0,11,9,112158.44,12776.0
2023-04-03,NAM3,12874.0,12987.0,12833.0,12856.0,73683,8570,749421780.43,12865.0
2023-04-03,NAU3,12826.0,12955.0,12761.0,12852.0,656,186,6652320.05,12845.0
2023-04-03,NAZ3,12799.0,12976.0,12772.0,12803.0,337,90,3409603.39,12803.0
2023-04-03,NGJ3,2.26,2.296,2.152,2.197,1164464,197564,20377096798.27,2.205
2023-04-03,NGK3,2.55,2.581,2.449,2.492,54193,32546,1070030314.63,2.499
2023-04-03,NGM3,2.919,2.98,2.808,2.88,8059,4210,183095334.25,2.887
2023-04-03,NGN3,3.032,3.065,2.933,2.99,705,376,16622695.45,2.99
2023-04-03,NGQ3,3.107,3.122,3.027,3.089,242,174,5886272.7,3.089
2023-04-03,NGU3,3.344,3.37,3.215,3.275,147,44,3782576.62,3.275
2023-04-03,NKM3,112689.0,127200.0,111931.0,113896.0,644,576,73381914.0,113505.0
2023-04-03,NKU3,118349.0,118349.0,118349.0,118349.0,1,1,118349.0,116140.0
2023-04-03,NMM3,13066.0,13456.0,13066.0,13403.0,1757,1134,23331977.0,13408.0
2023-04-03,NMU3,13424.0,13499.0,13424.0,13499.0,7,7,94198.0,13596.0
2023-04-03,OGM3,6490.0,6738.0,6335.0,6495.0,51,42,331065.0,6493.0
2023-04-03,OZM3,17982.0,18568.0,17981.0,18568.0,1611,674,29493572.0,18508.0
2023-04-03,PDM3,1539.97,1557.0,1510.0,1536.01,403,242,48534416.25,1536.01
2023-04-03,PDU3,1628.49,1628.49,1587.17,1610.0,8,8,1012287.31,1610.0
2023-04-03,PDZ3,1604.0,1671.0,1602.0,1671.0,4,3,515844.9,1673.7
2023-04-03,PHM3,7051.0,7312.0,7031.0,7260.0,4500,709,32388063.0,7267.0
2023-04-03,PHU3,7269.0,7269.0,7269.0,7269.0,10,2,72690.0,7273.0
2023-04-03,PIM3,6628.0,6768.0,6622.0,6707.0,155,50,1040127.0,6708.0
2023-04-03,POM3,5719.0,5776.0,5661.0,5766.0,13772,3049,78760151.0,5756.0
2023-04-03,POU3,5818.0,5863.0,5766.0,5863.0,38,18,221318.0,5849.0
2023-04-03,PSM3,1715.0,1907.0,1451.0,1738.0,1778,332,3031306.0,1738.0
2023-04-03,PTM3,1011.9,1015.6,990.0,1009.9,543,301,43035306.33,1009.9
2023-04-03,PTU3,1030.0,1041.2,1030.0,1041.2,11,11,896102.12,1039.9
2023-04-03,PZM3,95220.0,96898.0,94250.0,96387.0,809,624,77242816.0,96600.0
2023-04-03,RBM3,12876.0,12876.0,12750.0,12750.0,4,2,51126.0,12750.0
2023-04-03,RIH4,101400.0,101400.0,100410.0,101090.0,12,12,1907145.04,101090.0
2023-04-03,RIM3,98390.0,100330.0,98330.0,98400.0,107719,58949,16853772480.08,98400.0
2023-04-03,RIU3,98600.0,100300.0,98520.0,98660.0,245,219,38347332.52,98660.0
2023-04-03,RIZ3,99540.0,100000.0,98700.0,99090.0,13,13,2036358.37,99090.0
2023-04-03,RLM3,4104.0,4145.0,4070.0,4081.0,1121,219,4595347.0,4082.0
2023-04-03,RLU3,4180.0,4180.0,4165.0,4165.0,5,3,20870.0,4165.0
2023-04-03,RMH4,1011.0,1011.0,1011.0,1011.0,1,1,15929.09,1012.5
2023-04-03,RMM3,984.5,1002.5,978.5,984.5,20769,6501,324824797.27,984.5
2023-04-03,RMU3,987.5,1001.5,986.0,988.5,347,140,5435901.57,988.5
2023-04-03,RMZ3,977.0,1004.5,964.5,977.0,13,9,200555.34,981.0
2023-04-03,RNH4,38917.0,40050.0,38917.0,40050.0,4,4,159037.0,40048.0
2023-04-03,RNM3,37764.0,39168.0,37764.0,38823.0,4649,2107,180276290.0,38900.0
2023-04-03,RNM4,39440.0,40000.0,38310.0,39457.0,31,30,1224043.0,39454.0
2023-04-03,RNU3,37924.0,39400.0,37924.0,38994.0,196,87,7649344.0,38994.0
2023-04-03,RNZ3,37570.0,41901.0,37570.0,39335.0,101,55,4024402.0,39799.0
2023-04-03,RNZ4,39213.0,40067.0,39213.0,40067.0,14,11,557572.0,40063.0
2023-04-03,RTM3,6048.0,6150.0,6023.0,6150.0,769,154,4699659.0,6149.0
2023-04-03,SAK3,35.89,37.94,35.89,37.36,19,17,714187.04,37.36
2023-04-03,SEM3,1480.0,1524.0,1470.0,1524.0,102,18,154438.0,1524.0
2023-04-03,SFH4,399.99,399.99,395.0,399.98,3,3,94138.54,399.98
2023-04-03,SFM3,403.1,407.25,402.7,404.76,96079,27416,3066284506.56,404.81
2023-04-03,SFU3,400.8,404.77,400.36,402.31,1216,641,38581217.65,402.4
2023-04-03,SFZ3,399.0,400.99,397.96,399.69,225,81,7085523.47,399.69
2023-04-03,SGM3,32255.0,32872.0,31847.0,32600.0,1376,768,44532777.0,32600.0
2023-04-03,SLJ3,84.29,84.29,74.17,83.96,9,8,74684.0,81.9
2023-04-03,SNM3,23786.0,24683.0,23786.0,24424.0,3584,1898,87264498.0,24393.0
2023-04-03,SOM3,4786.0,5303.0,4782.0,4966.0,2826,617,13911008.0,4957.0
2023-04-03,SPM3,19730.0,20037.0,19598.0,19630.0,9917,4959,196268111.0,19666.0
2023-04-03,SPU3,20046.0,20198.0,19804.0,19856.0,68,64,1359160.0,19856.0
2023-04-03,SRH4,21219.0,21890.0,21026.0,21141.0,124,57,2643238.0,21141.0
2023-04-03,SRM3,19769.0,20153.0,19661.0,19742.0,313761,77140,6234053529.0,19799.0
2023-04-03,SRU3,20128.0,20481.0,20000.0,20086.0,6166,2389,124718023.0,20136.0
2023-04-03,SRZ3,20489.0,20730.0,20333.0,20457.0,195,98,4003584.0,20457.0
2023-04-03,SSM3,2629.0,2657.0,2601.0,2623.0,865,135,2273042.0,2622.0
2023-04-03,SVH4,25.69,25.69,25.12,25.19,18,5,359066.3,25.19
2023-04-03,SVM3,24.1,24.18,23.57,24.08,75748,14247,1429451278.99,24.08
2023-04-03,SVU3,24.41,24.48,23.93,24.37,2357,993,45017264.35,24.38
2023-04-03,SVZ3,24.61,25.37,24.35,24.93,337,138,6555594.23,24.87
2023-04-03,SXM3,4227.2,4279.6,4226.9,4259.9,570,75,2089980.38,4259.9
2023-04-03,SXU3,4151.5,4159.3,4139.7,4148.3,14,8,49887.06,4148.3
2023-04-03,SXZ3,4065.0,4141.0,4050.0,4100.0,28,11,98187.61,4100.0
2023-04-03,SiH4,79448.0,79975.0,78609.0,79051.0,255,131,20200693.0,79432.0
2023-04-03,SiH5,84700.0,84725.0,84700.0,84725.0,2,2,169425.0,84725.0
2023-04-03,SiM3,77843.0,78972.0,77448.0,78940.0,817621,203860,63953418528.0,78953.0
2023-04-03,SiM4,80949.0,82550.0,80345.0,81115.0,32,25,2599996.0,81138.0
2023-04-03,SiU3,77868.0,78931.0,77520.0,78921.0,9186,5000,718523935.0,78920.0
2023-04-03,SiU4,81446.0,81467.0,79612.0,81467.0,16,15,1300864.0,81806.0
2023-04-03,SiZ3,78530.0,79250.0,78199.0,79227.0,587,391,46269856.0,79229.0
2023-04-03,SiZ4,83486.0,83487.0,83486.0,83487.0,4,4,333947.0,83497.0
2023-04-03,TIM3,25242.0,25801.0,25233.0,25235.0,428,230,10887270.0,25235.0
2023-04-03,TNM3,105930.0,107804.0,105930.0,107804.0,22,20,2350271.0,107804.0
2023-04-03,TTM3,37809.0,39355.0,37793.0,39125.0,2297,1085,89100541.0,39279.0
2023-04-03,TTU3,38094.0,38996.0,37950.0,38996.0,65,47,2495095.0,38996.0
2023-04-03,TYH4,3.5,3.5,3.5,3.5,1,1,3500.0,3.606
2023-04-03,TYM3,3.966,4.023,3.912,4.005,1289,57,5154467.0,4.005
2023-04-03,TYU3,3.799,3.85,3.799,3.83,4,4,15319.0,3.83
2023-04-03,UCM3,6.84,6.87,6.838,6.851,1376,581,107962272.23,6.852
2023-04-03,USDRUBF,77.54,78.85,77.38,78.71,24525,5771,1912156150.0,78.78
2023-04-03,VBM3,1839.0,2019.0,1833.0,2003.0,451881,33788,872641839.0,2004.0
2023-04-03,VBU3,1863.0,2045.0,1860.0,2030.0,14224,1966,28148093.0,2027.0
2023-04-03,VBZ3,1929.0,2098.0,1929.0,2063.0,78,30,156150.0,2063.0
2023-04-03,W4J3,13650.0,13790.0,13470.0,13680.0,10,9,136750.0,13680.0
2023-04-03,W4K3,13940.0,13980.0,13720.0,13860.0,69,19,956060.0,13860.0
2023-04-03,W4M3,13960.0,14120.0,13610.0,13920.0,4531,50,62329890.0,13920.0
2023-04-03,W4Q3,14580.0,14580.0,14580.0,14580.0,2,2,29160.0,14390.0
2023-04-03,W4U3,14500.0,14500.0,14350.0,14500.0,4,4,57700.0,14500.0
2023-04-03,YNM3,19299.0,19550.0,19275.0,19440.0,3177,1418,61662568.0,19457.0
2023-04-03,YNU3,19703.0,19919.0,19691.0,19855.0,150,77,2965247.0,19852.0
2023-04-04,AEM3,22.9,22.9,19.511,21.556,102,36,2200928.0,21.556
2023-04-04,AFM3,3193.0,3285.0,3183.0,3213.0,9046,1355,29270410.0,3213.0
2023-04-04,AFU3,3216.0,3295.0,3198.0,3225.0,297,116,960261.0,3226.0
2023-04-04,AFZ3,3348.0,3350.0,3348.0,3350.0,8,4,26792.0,3339.0
2023-04-04,AKM3,14920.0,15077.0,14741.0,14775.0,1133,269,16877062.0,14777.0
2023-04-04,AKU3,15072.0,15073.0,15072.0,15073.0,4,3,60289.0,15061.0
2023-04-04,ALM3,6764.0,6812.0,6683.0,6683.0,7798,1732,52752016.0,6720.0
2023-04-04,ALU3,6745.0,6862.0,6710.0,6710.0,109,59,737309.0,6710.0
2023-04-04,ALZ3,6697.0,6750.0,6590.0,6670.0,27,20,180636.0,6670.0
2023-04-04,AUM3,0.675,0.675,0.675,0.675,1,1,53633.0,0.675
2023-04-04,BRF4,96.8,96.95,96.41,96.5,4,4,307225.73,96.5
2023-04-04,BRG4,98.0,98.03,98.0,98.0,20,18,1557383.14,98.0
2023-04-04,BRH4,96.19,99.0,96.19,99.0,5,5,388676.37,99.0
2023-04-04,BRK3,86.22,87.33,85.8,86.06,182517,66320,12566736341.09,86.01
2023-04-04,BRM3,86.6,87.7,86.03,86.3,11219,7174,776423690.98,86.25
2023-04-04,BRN3,87.37,88.51,86.5,86.76,798,281,55527232.53,86.67
2023-04-04,BRQ3,88.45,89.48,88.25,88.25,122,93,8635795.39,88.25
2023-04-04,BRU3,90.12,91.7,90.01,90.01,48,41,3469062.06,90.01
2023-04-04,BRV3,91.9,93.73,91.9,91.9,33,15,2416925.58,91.9
2023-04-04,BRX3,94.2,94.4,93.8,93.8,8,8,598591.99,93.7
2023-04-04,BRZ3,93.09,94.6,93.0,93.92,15,15,1120381.49,93.92
2023-04-04,CAM3,1.3444,1.3444,1.3444,1.3444,3,1,238175.37,1.3444
2023-04-04,CFM3,0.9082,0.9113,0.9082,0.9085,21,3,1660555.51,0.9069
2023-04-04,CHM3,103781.0,104534.0,102815.0,103081.0,227,133,23587642.0,103081.0
2023-04-04,CNYRUBF,11.45,11.59,11.44,11.53,73460,2806,845472950.0,11.51
2023-04-04,CRH4,12.053,12.195,11.962,12.195,34,23,408855.0,12.165
2023-04-04,CRM3,11.537,11.665,11.516,11.605,1678167,56162,19460362044.0,11.602
2023-04-04,CRM4,12.199,12.38,12.199,12.37,8,8,98541.0,12.369
2023-04-04,CRU3,11.696,11.815,11.68,11.753,8314,1450,97722003.0,11.752
2023-04-04,CRZ3,11.853,11.972,11.816,11.957,84,40,1000147.0,11.933
2023-04-04,CoJ3,8999.5,9376.5,8999.5,9009.5,3,3,217595.32,9197.5
2023-04-04,DXM3,12847.0,12905.0,12846.0,12850.0,67,10,750065.93,12850.0
2023-04-04,DXU3,12753.0,12788.0,12753.0,12788.0,2,2,22229.1,12850.0
2023-04-04,DXZ3,12786.0,12786.0,12786.0,12786.0,1,1,11128.04,12850.0
2023-04-04,EDM3,1.0781,1.088,1.0776,1.0864,76116,17585,6545689689.33,1.0866
2023-04-04,EDU3,1.0754,1.0835,1.0744,1.0818,910,615,77996711.72,1.082
2023-04-04,EDZ3,1.077,1.077,1.077,1.077,1,1,85574.44,1.0715
2023-04-04,EURRUBF,85.72,87.13,85.56,86.96,5308,2962,459377390.0,87.03
2023-04-04,EuH4,86907.0,86907.0,86800.0,86848.0,6,6,521204.0,86848.0
2023-04-04,EuM3,85299.0,86721.0,85100.0,86589.0,96113,32079,8273070791.0,86618.0
2023-04-04,EuM4,86377.0,86377.0,86377.0,86377.0,8,5,691016.0,86883.0
2023-04-04,EuU3,84896.0,86126.0,84718.0,85929.0,6135,2514,524607732.0,86075.0
2023-04-04,EuU4,89325.0,89325.0,89325.0,89325.0,1,1,89325.0,86913.0
2023-04-04,EuZ3,85000.0,86900.0,85000.0,86720.0,26,21,2239327.0,86720.0
2023-04-04,FSM3,10089.0,10779.0,10018.0,10250.0,1229,341,12887291.0,10250.0
2023-04-04,FSU3,10402.0,10402.0,10400.0,10400.0,7,2,72804.0,10400.0
2023-04-04,FVM3,14510.0,14530.0,14253.0,14256.0,769,275,11077953.0,14285.0
2023-04-04,FVU3,14738.0,14738.0,14738.0,14738.0,1,1,14738.0,14615.0
2023-04-04,GDH4,2027.4,2062.7,2027.4,2062.7,37,16,6038734.47,2062.7
2023-04-04,GDM3,2004.0,2035.0,1996.0,2027.9,171777,51750,27493453083.37,2027.7
2023-04-04,GDU3,2010.4,2041.0,2003.3,2034.1,1450,950,233022897.49,2033.8
2023-04-04,GDZ3,2016.8,2050.4,2014.0,2040.1,131,94,21128669.68,2040.3
2023-04-04,GKM3,15165.0,15410.0,15103.0,15220.0,8589,2747,131170041.0,15286.0
2023-04-04,GKU3,15080.0,15219.0,15046.0,15170.0,66,31,1002617.0,15179.0
2023-04-04,GKZ3,15600.0,15700.0,15600.0,15700.0,2,2,31300.0,15600.0
2023-04-04,GUM3,1.2443,1.2525,1.2443,1.249,21,19,2085918.6,1.249
2023-04-04,GZH4,18066.0,18603.0,18066.0,18540.0,7,7,128480.0,18248.0
2023-04-04,GZH5,19592.0,19592.0,19301.0,19301.0,2,2,38893.0,19301.0
2023-04-04,GZM3,17218.0,17888.0,17218.0,17395.0,179580,41174,3170131737.0,17406.0
2023-04-04,GZM4,18900.0,19098.0,18851.0,18952.0,112,20,2123188.0,18941.0
2023-04-04,GZU3,16900.0,17584.0,16880.0,17138.0,2067,1252,35847003.0,17170.0
2023-04-04,GZU4,18422.0,19263.0,18352.0,18989.0,62,15,1146501.0,18989.0
2023-04-04,GZU5,19773.0,19773.0,19404.0,19404.0,5,5,97429.0,19397.0
2023-04-04,GZZ3,17351.0,17978.0,17351.0,17786.0,34,25,605955.0,17626.0
2023-04-04,GZZ4,18892.0,19305.0,18892.0,19300.0,25,4,482107.0,19299.0
2023-04-04,GZZ5,20189.0,20189.0,19914.0,19914.0,2,2,40103.0,19914.0
2023-04-04,HKM3,10.08,10.21,10.001,10.21,237,59,2404867.0,10.21
2023-04-04,HKU3,10.395,10.423,10.395,10.423,3,3,31216.0,10.423
2023-04-04,HOM3,25440.0,25490.0,25420.0,25490.0,17,6,432450.0,25490.0
2023-04-04,HSM3,21280.0,21349.0,21060.0,21272.0,8992,347,19335077.38,21328.0
2023-04-04,HSU3,22367.0,22374.0,22100.0,22249.0,41,10,92068.84,22249.0
2023-04-04,HSZ3,23000.0,23520.0,23000.0,23101.0,232,25,546772.4,23102.0
2023-04-04,HYM3,8530.0,8570.0,8410.0,8410.0,609,188,5168328.0,8425.0
2023-04-04,HYU3,8592.0,8597.0,8298.0,8298.0,8,6,67777.0,8377.0
2023-04-04,I2M3,0.9652,1.071,0.9652,0.9663,8,8,81872.0,0.9665
2023-04-04,I2U3,1.0898,1.0898,1.0898,1.0898,1,1,10898.0,0.9827
2023-04-04,IRM3,35921.0,36760.0,35921.0,36000.0,141,96,5131313.0,36322.0
2023-04-04,JPM3,133.7,133.76,132.66,132.86,34,24,2707976.64,132.95
2023-04-04,LKH4,45799.0,51670.0,45300.0,45708.0,95,74,4540826.0,45801.0
2023-04-04,LKM3,45273.0,46369.0,45248.0,45650.0,8360,4141,383885695.0,45685.0
2023-04-04,LKU3,43761.0,44753.0,43761.0,44316.0,353,200,15604304.0,44183.0
2023-04-04,LKZ3,44239.0,45298.0,43936.0,44899.0,38,28,1690968.0,44899.0
2023-04-04,MCM3,15618.0,15969.0,15200.0,15329.0,574,248,8926316.0,15306.0
2023-04-04,MCU3,16330.0,16330.0,16330.0,16330.0,1,1,16330.0,16022.0
2023-04-04,MEM3,11140.0,11249.0,10992.0,11015.0,5165,2328,57344900.0,11001.0
2023-04-04,MEU3,11325.0,11325.0,11191.0,11274.0,233,80,2631473.0,11273.0
2023-04-04,MGM3,40464.0,40862.0,40244.0,40290.0,480,303,19477647.0,40265.0
2023-04-04,MGU3,41000.0,41429.0,40991.0,40991.0,32,15,1321615.0,40990.0
2023-04-04,MLM3,4891.0,4924.0,4755.0,4755.0,4388,839,21162004.0,4764.0
2023-04-04,MLU3,4905.0,4905.0,4900.0,4903.0,16,10,78419.0,4868.0
2023-04-04,MMH4,2523.75,2523.75,2503.1,2515.0,17,6,426270.0,2515.0
2023-04-04,MMH5,2700.4,2749.6,2602.4,2749.55,6,6,161731.0,2749.55
2023-04-04,MMH6,2728.3,3130.75,2728.3,3130.75,2,2,58590.5,3031.65
2023-04-04,MMM3,2458.1,2491.95,2456.4,2467.0,59483,15207,1472310844.5,2468.95
2023-04-04,MMM4,2557.9,2577.2,2469.95,2510.0,111,43,2780807.5,2510.0
2023-04-04,MMU3,2462.8,2490.0,2461.2,2469.5,272,120,6743647.0,2469.5
2023-04-04,MMU4,2620.0,2630.0,2620.0,2630.0,2,2,52500.0,2619.95
2023-04-04,MMZ3,2485.0,2521.75,2480.0,2480.0,43,15,1081433.5,2480.0
2023-04-04,MMZ4,2700.8,2750.0,2653.45,2660.8,6,6,161658.5,2749.45
2023-04-04,MMZ5,2789.4,2854.35,2776.95,2776.95,6,6,167889.0,2776.95
2023-04-04,MNM3,4624.0,4664.0,4591.0,4607.0,7057,2093,32621354.0,4604.0
2023-04-04,MNU3,4603.0,4629.0,4562.0,4565.0,226,51,1039995.0,4565.0
2023-04-04,MTM3,26097.0,26130.0,25820.0,25858.0,860,268,22336198.0,25853.0
2023-04-04,MTU3,24626.0,24659.0,24600.0,24600.0,7,6,172301.0,24600.0
2023-04-04,MTZ3,24751.0,24828.0,24751.0,24828.0,3,3,74407.0,25848.0
2023-04-04,MXM3,245800.0,249300.0,245800.0,246825.0,20918,13096,5180767450.0,247125.0
2023-04-04,MXU3,246250.0,248700.0,246050.0,246975.0,47,40,11641425.0,247125.0
2023-04-04,MXZ3,253900.0,256000.0,251425.0,254975.0,5,5,1267750.0,254250.0
2023-04-04,N2H4,28102.0,28102.0,28100.0,28100.0,10,2,16821.06,29092.0
2023-04-04,N2M3,29010.0,29322.0,28500.0,29157.0,1136,23,1989959.53,29157.0
2023-04-04,N2Z3,29234.0,30300.0,29234.0,29234.0,18,7,32359.31,29234.0
2023-04-04,NAH4,13154.0,13170.0,13154.0,13165.0,3,3,31376.38,12820.0
2023-04-04,NAM3,12864.0,13108.0,12836.0,12998.0,86715,19435,895544081.02,13004.0
2023-04-04,NAU3,12818.0,13093.0,12772.0,12974.0,730,295,7512034.17,12974.0
2023-04-04,NAZ3,12857.0,13004.0,12821.0,12929.0,76,19,781823.96,12929.0
2023-04-04,NGJ3,2.197,2.235,2.172,2.186,784231,138026,13709557247.37,2.186
2023-04-04,NGK3,2.489,2.53,2.456,2.471,38140,22866,755222171.14,2.471
2023-04-04,NGM3,2.866,3.12,2.85,2.866,6040,2872,139011316.17,2.865
2023-04-04,NGN3,2.985,3.023,2.969,3.011,317,182,7563079.3,3.003
2023-04-04,NGQ3,3.091,3.128,3.088,3.105,71,68,1754490.46,3.105
2023-04-04,NGU3,3.34,3.34,3.134,3.134,311,104,7925281.08,3.142
2023-04-04,NKM3,113505.0,117335.0,112923.0,116858.0,597,516,69051462.0,116374.0
2023-04-04,NKU3,118000.0,118000.0,118000.0,118000.0,1,1,118000.0,118000.0
2023-04-04,NMM3,13469.0,13488.0,13240.0,13240.0,1015,622,13585964.0,13322.0
2023-04-04,NMU3,13657.0,13660.0,13565.0,13580.0,22,17,299194.0,13565.0
2023-04-04,OGM3,6359.0,6550.0,6359.0,6540.0,29,25,187699.0,6540.0
2023-04-04,OZM3,18562.0,18881.0,18016.0,18234.0,2247,891,41442889.0,18216.0
2023-04-04,PDM3,1536.0,1549.0,1523.0,1536.8,273,110,33269560.39,1536.8
2023-04-04,PDU3,1610.0,1610.0,1600.65,1600.65,4,2,510953.73,1601.34
2023-04-04,PHM3,7260.0,7433.0,7259.0,7370.0,1752,466,12882570.0,7379.0
2023-04-04,PHU3,7442.0,7542.0,7433.0,7433.0,14,7,104235.0,7433.0
2023-04-04,PIM3,6721.0,6773.0,6588.0,6618.0,378,84,2517626.0,6606.0
2023-04-04,POM3,5750.0,5815.0,5716.0,5792.0,12670,3079,73026855.0,5788.0
2023-04-04,POU3,5845.0,5902.0,5823.0,5890.0,29,19,169662.0,5881.0
2023-04-04,PSM3,1738.0,1775.0,1726.0,1727.0,3123,487,5468343.0,1727.0
2023-04-04,PTM3,1008.1,1034.3,1003.7,1031.0,955,522,77394854.26,1031.1
2023-04-04,PTU3,1037.1,1061.2,1037.1,1055.5,9,9,749566.9,1057.1
2023-04-04,PZM3,96241.0,97653.0,95801.0,97200.0,573,443,55383061.0,97364.0
2023-04-04,PZU3,96690.0,96971.0,96690.0,96971.0,2,2,193661.0,96971.0
2023-04-04,RBM3,12711.0,12840.0,12711.0,12732.0,3,3,38283.0,12732.0
2023-04-04,RIH4,100580.0,100590.0,100580.0,100590.0,2,2,319685.29,100180.0
2023-04-04,RIM3,98350.0,99300.0,97670.0,98180.0,91627,53039,14342842487.98,98170.0
2023-04-04,RIU3,98820.0,99480.0,98010.0,98400.0,237,213,37203710.42,98450.0
2023-04-04,RIZ3,97990.0,99300.0,97990.0,98620.0,6,6,942783.16,98620.0
2023-04-04,RLM3,4084.0,4142.0,4076.0,4086.0,1145,286,4699413.0,4086.0
2023-04-04,RLU3,4190.0,4190.0,4190.0,4190.0,3,1,12570.0,4172.0
2023-04-04,RMM3,985.5,992.5,978.0,982.0,16851,5169,263829777.72,982.0
2023-04-04,RMU3,989.5,995.5,983.0,986.0,384,121,6029612.55,986.0
2023-04-04,RMZ3,999.5,999.5,981.0,981.0,3,3,47077.86,981.0
2023-04-04,RNH4,40018.0,40018.0,40018.0,40018.0,1,1,40018.0,40021.0
2023-04-04,RNM3,38812.0,39343.0,38719.0,38731.0,2653,1101,103621781.0,38761.0
2023-04-04,RNM4,39457.0,39990.0,39457.0,39990.0,5,4,198246.0,39555.0
2023-04-04,RNU3,38732.0,39399.0,38675.0,39131.0,27,24,1055407.0,39067.0
2023-04-04,RNU4,39704.0,41701.0,38133.0,40044.0,22,19,873353.0,40048.0
2023-04-04,RNZ3,39800.0,39800.0,39303.0,39304.0,15,8,596001.0,39306.0
2023-04-04,RNZ4,40490.0,40490.0,40000.0,40000.0,2,2,80490.0,40003.0
2023-04-04,RTM3,6165.0,6245.0,6143.0,6150.0,940,162,5814987.0,6150.0
2023-04-04,SAK3,37.02,38.39,37.02,37.71,13,13,497301.52,37.71
2023-04-04,SEM3,1524.0,1582.0,1519.0,1528.0,197,29,307388.0,1528.0
2023-04-04,SFH4,399.99,401.0,399.99,400.0,8,5,254376.81,400.0
2023-04-04,SFM3,404.9,409.48,404.36,405.73,86880,27189,2810583140.94,406.1
2023-04-04,SFU3,402.59,407.0,402.08,403.65,1651,679,53157276.04,403.65
2023-04-04,SFZ3,399.0,402.0,398.48,400.85,79,50,2516729.11,400.65
2023-04-04,SGM3,32616.0,35202.0,32498.0,34127.0,1835,1148,62340934.0,34186.0
2023-04-04,SNM3,24452.0,25945.0,24424.0,25105.0,3901,1939,98112721.0,25143.0
2023-04-04,SNU3,24927.0,25500.0,24927.0,25500.0,28,12,701867.0,25500.0
2023-04-04,SOM3,4957.0,5050.0,4844.0,4910.0,1180,238,5806394.0,4905.0
2023-04-04,SPM3,19607.0,19812.0,19542.0,19620.0,7866,3903,154710588.0,19565.0
2023-04-04,SPU3,19851.0,19978.0,19757.0,19772.0,111,84,2203987.0,19772.0
2023-04-04,SRH4,21211.0,21324.0,21152.0,21152.0,16,13,339597.0,21117.0
2023-04-04,SRM3,19749.0,19960.0,19600.0,19680.0,258423,61475,5117741104.0,19655.0
2023-04-04,SRU3,20088.0,20290.0,19936.0,20017.0,2438,1160,49163155.0,19988.0
2023-04-04,SRZ3,20452.0,20610.0,20271.0,20290.0,70,38,1431616.0,20355.0
2023-04-04,SSM3,2623.0,2654.0,2602.0,2630.0,1042,165,2750002.0,2610.0
2023-04-04,SVH4,25.2,26.25,24.8,25.38,52,17,1051230.7,26.02
2023-04-04,SVM3,24.08,24.83,23.85,24.72,84468,16145,1635315807.94,24.7
2023-04-04,SVU3,24.36,25.12,24.19,25.04,2752,1111,53981665.87,25.0
2023-04-04,SVZ3,24.8,25.68,24.76,25.44,238,100,4739679.7,25.44
2023-04-04,SXM3,4257.1,4289.7,4248.1,4269.7,564,40,2094089.14,4269.7
2023-04-04,SXU3,4148.3,4148.3,4148.3,4148.3,4,1,14441.08,4153.0
2023-04-04,SXZ3,4141.0,4141.0,4053.0,4140.0,7,6,25078.39,4140.0
2023-04-04,SiH4,79599.0,80385.0,79501.0,79794.0,63,59,5037381.0,79794.0
2023-04-04,SiH5,84751.0,84847.0,84751.0,84847.0,3,3,254355.0,84847.0
2023-04-04,SiM3,78926.0,79777.0,78816.0,79566.0,982425,236583,78002567388.0,79582.0
2023-04-04,SiM4,81400.0,81911.0,80573.0,80573.0,12,11,975569.0,80735.0
2023-04-04,SiU3,78896.0,79688.0,78782.0,79516.0,11510,5813,912772026.0,79536.0
2023-04-04,SiU4,82680.0,82950.0,82200.0,82580.0,9,9,744238.0,82580.0
2023-04-04,SiZ3,79226.0,79890.0,79151.0,79763.0,355,275,28281225.0,79791.0
2023-04-04,SiZ4,84100.0,84829.0,84100.0,84650.0,8,8,676307.0,84650.0
2023-04-04,TIM3,25286.0,25950.0,25286.0,25335.0,1830,759,46690093.0,25335.0
2023-04-04,TNM3,107800.0,113995.0,105300.0,112084.0,51,39,5623206.0,111680.0
2023-04-04,TTM3,39212.0,39418.0,38730.0,39001.0,1132,690,44222017.0,38987.0
2023-04-04,TTU3,39078.0,39078.0,38350.0,38400.0,32,25,1236927.0,38400.0
2023-04-04,TYH4,3.777,3.777,3.777,3.777,1,1,3777.0,3.785
2023-04-04,TYM3,4.01,4.041,3.954,3.981,323,17,1296200.0,3.981
2023-04-04,TYU3,3.89,4.1,3.89,4.1,50,6,204214.0,3.937
2023-04-04,TYZ3,3.421,3.444,3.42,3.444,17,3,58313.0,3.834
2023-04-04,UCM3,6.847,6.876,6.841,6.867,4013,1379,317204717.51,6.867
2023-04-04,USDRUBF,78.77,79.8,78.65,79.46,33451,8653,2652688150.0,79.46
2023-04-04,VBM3,2003.0,2121.0,1990.0,2034.0,673576,41632,1389180107.0,2027.0
2023-04-04,VBU3,2041.0,2145.0,2020.0,2030.0,20183,2374,42118295.0,2031.0
2023-04-04,VBZ3,2072.0,2205.0,1990.0,2110.0,189,36,389980.0,2110.0
2023-04-04,W4F4,14320.0,14840.0,14320.0,14840.0,2,2,29160.0,14840.0
2023-04-04,W4H4,14710.0,14710.0,14710.0,14710.0,500,1,7355000.0,14710.0
2023-04-04,W4J3,13750.0,13780.0,13520.0,13520.0,5,5,68580.0,13590.0
2023-04-04,W4K3,13850.0,13850.0,13600.0,13830.0,49,12,671550.0,13830.0
2023-04-04,W4M3,13980.0,14200.0,13900.0,14200.0,2752,33,38560600.0,14190.0
2023-04-04,W4U3,14580.0,14600.0,14580.0,14600.0,103,4,1503780.0,14600.0
2023-04-04,W4Z3,14730.0,14730.0,14730.0,14730.0,1,1,14730.0,14730.0
2023-04-04,YNM3,19471.0,19587.0,19268.0,19317.0,4927,2157,95762621.0,19325.0
2023-04-04,YNU3,19816.0,19945.0,19673.0,19674.0,111,71,2197581.0,19733.0
2023-04-05,AEH4,24.493,24.493,24.493,24.493,1,1,24493.0,22.901
2023-04-05,AEM3,21.67,21.999,21.57,21.862,151,30,3284493.0,21.862
2023-04-05,AFM3,3208.0,3247.0,3164.0,3226.0,8505,1035,27249329.0,3226.0
2023-04-05,AFU3,3244.0,3255.0,3198.0,3255.0,113,70,364505.0,3255.0
2023-04-05,AFZ3,3183.0,3183.0,3183.0,3183.0,1,1,3183.0,3223.0
2023-04-05,AKM3,14801.0,14858.0,14639.0,14849.0,565,194,8323386.0,14847.0
2023-04-05,ALM3,6720.0,6803.0,6640.0,6768.0,5915,1904,39835642.0,6768.0
2023-04-05,ALU3,6741.0,6799.0,6679.0,6799.0,74,39,499908.0,6798.0
2023-04-05,ALZ3,6723.0,6750.0,6723.0,6750.0,8,4,53918.0,6750.0
2023-04-05,AUM3,0.6756,0.6756,0.67,0.6743,27,3,1452175.99,0.67
2023-04-05,BRF4,97.5,97.5,95.99,95.99,2,2,154359.16,96.05
2023-04-05,BRG4,98.65,98.65,98.65,98.65,1,1,78699.32,98.65
2023-04-05,BRH4,99.2,99.6,99.2,99.6,13,10,1032624.37,99.6
2023-04-05,BRJ4,97.11,97.5,97.0,97.26,5,5,387609.1,97.26
2023-04-05,BRK3,85.93,87.08,85.8,86.48,168042,60152,11591290541.8,86.47
2023-04-05,BRM3,86.11,87.44,86.1,86.72,5763,4155,398881922.43,86.75
2023-04-05,BRN3,86.61,87.78,86.51,86.95,199,117,13836824.23,86.95
2023-04-05,BRQ3,88.46,89.19,88.16,88.16,43,31,3040474.23,88.37
2023-04-05,BRU3,90.2,90.5,90.0,90.0,14,13,1008875.01,90.0
2023-04-05,BRV3,92.34,92.34,92.3,92.3,3,3,220940.46,92.3
2023-04-05,BRX3,93.39,93.7,93.37,93.7,5,5,372746.79,93.6
2023-04-05,BRZ3,94.63,94.63,94.59,94.59,2,2,150952.71,94.3
2023-04-05,CFM3,0.892,0.9042,0.8636,0.8999,304,30,23659619.51,0.8999
2023-04-05,CFU3,0.89,0.89,0.89,0.89,10,6,781957.6,0.8959
2023-04-05,CHM3,103100.0,103800.0,102517.0,103800.0,119,100,12256953.0,103447.0
2023-04-05,CHU3,104500.0,104500.0,104500.0,104500.0,1,1,104500.0,104500.0
2023-04-05,CNYRUBF,11.51,11.6,11.51,11.58,54824,1548,634198560.0,11.57
2023-04-05,CRH4,12.165,12.395,12.14,12.225,26,13,317978.0,12.225
2023-04-05,CRM3,11.6,11.677,11.59,11.66,1172804,42507,13651138047.0,11.661
2023-04-05,CRM4,12.369,12.5,12.369,12.439,16,12,199056.0,12.43
2023-04-05,CRU3,11.761,11.827,11.743,11.81,7911,1516,93178970.0,11.811
2023-04-05,CRU4,12.5,12.5,12.5,12.5,1,1,12500.0,12.5
2023-04-05,CRZ3,11.972,11.982,11.972,11.982,9,3,107828.0,11.982
2023-04-05,CoJ3,8998.0,9253.5,8998.0,9253.5,2,2,145603.89,9238.0
2023-04-05,DXM3,12850.0,12850.0,12752.0,12752.0,6,6,67055.59,12752.0
2023-04-05,DXU3,12850.0,12850.0,12850.0,12850.0,2,1,22445.6,12850.0
2023-04-05,DXZ3,12850.0,12850.0,12850.0,12850.0,3,1,33668.4,12549.0
2023-04-05,EDM3,1.0862,1.0886,1.0829,1.0845,47556,11190,4120802492.83,1.0846
2023-04-05,EDU3,1.0808,1.0836,1.0798,1.081,514,316,44360009.97,1.0809
2023-04-05,EURRUBF,86.84,87.41,86.78,87.1,2825,1571,246161540.0,87.33
2023-04-05,EuM3,86566.0,87165.0,86352.0,86980.0,79059,19102,6868402845.0,86978.0
2023-04-05,EuU3,85860.0,86677.0,85821.0,86595.0,3230,1457,278739470.0,86591.0
2023-04-05,EuZ3,86713.0,87000.0,86713.0,87000.0,2,2,173713.0,87000.0
2023-04-05,FNM3,7898.0,7898.0,7559.0,7559.0,9,7,69426.0,7564.0
2023-04-05,FSM3,10301.0,10524.0,10131.0,10299.0,394,112,4061758.0,10299.0
2023-04-05,FSU3,10350.0,10350.0,10350.0,10350.0,5,1,51750.0,10350.0
2023-04-05,FVM3,14274.0,14326.0,14150.0,14257.0,414,251,5891538.0,14267.0
2023-04-05,FVU3,14487.0,14487.0,14487.0,14487.0,1,1,14487.0,14487.0
2023-04-05,GDH4,2060.6,2071.8,1988.0,2061.5,96,58,15728136.94,2061.5
2023-04-05,GDM3,2028.6,2042.4,2020.2,2032.0,184606,57237,29947698609.83,2031.1
2023-04-05,GDU3,2035.3,2048.7,2027.2,2038.6,2022,1534,328850824.82,2037.7
2023-04-05,GDZ3,2042.9,2054.9,2040.1,2043.2,132,100,21575859.41,2043.2
2023-04-05,GKM3,15246.0,15320.0,15042.0,15249.0,8569,3604,129864060.0,15205.0
2023-04-05,GKU3,15172.0,15188.0,15005.0,15119.0,48,29,723788.0,15141.0
2023-04-05,GOM3,5887.9,5887.9,5426.0,5426.0,19,4,1086368.0,5425.9
2023-04-05,GUM3,1.2521,1.255,1.2442,1.251,23,12,2292595.38,1.2499
2023-04-05,GZH4,18236.0,18236.0,18030.0,18030.0,5,5,90762.0,18200.0
2023-04-05,GZH5,19499.0,19499.0,19499.0,19499.0,3,1,58497.0,19499.0
2023-04-05,GZM3,17401.0,17694.0,17299.0,17588.0,112175,28205,1962717129.0,17558.0
2023-04-05,GZM4,18931.0,18950.0,18355.0,18910.0,47,25,877899.0,18899.0
2023-04-05,GZU3,17179.0,17462.0,17086.0,17305.0,829,516,14346084.0,17305.0
2023-04-05,GZZ3,17566.0,17874.0,17566.0,17566.0,10,7,177263.0,17611.0
2023-04-05,GZZ5,20608.0,20646.0,20608.0,20646.0,2,2,41254.0,20646.0
2023-04-05,HKM3,10.141,10.25,10.139,10.25,364,52,3712712.0,10.25
2023-04-05,HKU3,10.425,10.54,10.415,10.54,14,5,146410.0,10.54
2023-04-05,HOM3,25450.0,25490.0,25450.0,25490.0,29,4,738410.0,25490.0
2023-04-05,HSM3,21252.0,21342.0,21101.0,21250.0,3961,236,8540758.16,21250.0
2023-04-05,HSU3,22250.0,22250.0,22007.0,22057.0,15,6,33652.31,22101.0
2023-04-05,HSZ3,23103.0,23333.0,22778.0,23287.0,28,14,65516.37,23286.0
2023-04-05,HYM3,8427.0,8993.0,8339.0,8710.0,4640,1093,40264900.0,8687.0
2023-04-05,HYU3,8600.0,8698.0,8452.0,8452.0,18,16,154590.0,8471.0
2023-04-05,I2H4,1.1264,1.1264,1.1264,1.1264,1,1,11264.0,1.0146
2023-04-05,I2M3,1.0384,1.0384,0.9648,0.9813,104,37,1014668.0,0.9686
2023-04-05,IRM3,36012.0,36428.0,35999.0,36197.0,116,69,4203485.0,36305.0
2023-04-05,JPM3,133.0,133.0,132.48,132.48,29,18,2326537.92,132.48
2023-04-05,LKH4,45708.0,45709.0,45306.0,45331.0,11,11,501700.0,45404.0
2023-04-05,LKM3,45650.0,45888.0,45100.0,45850.0,6289,3930,285791845.0,45739.0
2023-04-05,LKU3,43840.0,44228.0,43500.0,44228.0,145,97,6351250.0,44017.0
2023-04-05,LKZ3,45448.0,45448.0,44044.0,44700.0,31,17,1377896.0,44700.0
2023-04-05,MCM3,15380.0,15400.0,14791.0,15001.0,1104,365,16603035.0,15027.0
2023-04-05,MCU3,15150.0,15670.0,15150.0,15526.0,6,3,93212.0,15526.0
2023-04-05,MEM3,11027.0,11056.0,10921.0,10999.0,1547,495,16993367.0,10999.0
2023-04-05,MEU3,11262.0,11262.0,11110.0,11164.0,111,62,1242550.0,11164.0
2023-04-05,MGM3,40227.0,41138.0,40141.0,40997.0,468,333,18984840.0,40956.0
2023-04-05,MGU3,41051.0,41100.0,41000.0,41100.0,3,3,123151.0,41554.0
2023-04-05,MLM3,4768.0,4808.0,4714.0,4716.0,2747,515,13052409.0,4718.0
2023-04-05,MLU3,4850.0,4850.0,4820.0,4821.0,27,10,130764.0,4816.0
2023-04-05,MMH4,2498.0,2580.3,2498.0,2580.3,33,16,841553.0,2544.0
2023-04-05,MMH5,2648.95,2648.95,2648.95,2648.95,1,1,26489.5,2648.95
2023-04-05,MMM3,2467.0,2479.6,2444.15,2476.45,60689,15217,1493251398.5,2477.75
2023-04-05,MMM4,2500.35,2529.45,2480.0,2529.45,12,11,300450.5,2529.45
2023-04-05,MMM6,2800.0,2800.0,2800.0,2800.0,1,1,28000.0,3120.25
2023-04-05,MMU3,2467.6,2473.55,2450.5,2469.6,217,128,5340793.0,2477.95
2023-04-05,MMU4,2560.0,2585.45,2461.95,2536.4,54,27,1341606.5,2536.4
2023-04-05,MMZ3,2480.0,2483.0,2468.7,2483.0,36,24,890654.0,2483.0
2023-04-05,MMZ4,2700.0,2895.3,2645.85,2645.85,38,21,1072384.5,2645.85
2023-04-05,MNM3,4607.0,4632.0,4557.0,4592.0,6367,1560,29222895.0,4599.0
2023-04-05,MNU3,4589.0,4599.0,4550.0,4580.0,198,42,905024.0,4580.0
2023-04-05,MNZ3,4650.0,4650.0,4650.0,4650.0,4,1,18600.0,4650.0
2023-04-05,MTM3,25854.0,25880.0,25573.0,25719.0,829,306,21350735.0,25744.0
2023-04-05,MXM3,246875.0,248300.0,244825.0,248000.0,22660,14054,5581227650.0,248125.0
2023-04-05,MXU3,246925.0,247900.0,245000.0,247900.0,46,40,11345050.0,248125.0
2023-04-05,MXZ3,249250.0,250000.0,249250.0,250000.0,2,2,499250.0,251175.0
2023-04-05,N2H4,30999.0,30999.0,28101.0,30500.0,32,5,57424.3,28452.0
2023-04-05,N2M3,28567.0,29322.0,28465.0,28465.0,77,20,133582.35,28516.0
2023-04-05,N2Z3,30289.0,30289.0,30289.0,30289.0,1,1,1830.67,29234.0
2023-04-05,NAH4,12862.0,13207.0,12795.0,13207.0,4,4,41264.94,12787.0
2023-04-05,NAM3,12990.0,13008.0,12815.0,12857.0,65312,8018,672984617.66,12855.0
2023-04-05,NAU3,12913.0,13050.0,12825.0,12857.0,622,224,6426236.06,12857.0
2023-04-05,NAZ3,12917.0,13094.0,12849.0,12900.0,49,17,505412.18,12897.0
2023-04-05,NGJ3,2.186,2.238,2.161,2.215,740550,112705,12998536324.29,2.213
2023-04-05,NGK3,2.468,2.505,2.445,2.49,26205,14041,517718943.38,2.489
2023-04-05,NGM3,2.867,2.9,2.84,2.881,3710,2124,84863394.83,2.881
2023-04-05,NGN3,3.0,3.058,2.98,3.039,195,117,4682996.42,3.039
2023-04-05,NGQ3,3.095,3.144,3.068,3.099,198,117,4882054.35,3.099
2023-04-05,NGU3,3.177,3.199,3.14,3.199,99,31,2516966.36,3.196
2023-04-05,NKM3,116302.0,116788.0,114700.0,116750.0,377,339,43570735.0,116101.0
2023-04-05,NMM3,13291.0,13437.0,13153.0,13400.0,1978,1353,26310857.0,13408.0
2023-04-05,NMU3,13495.0,13495.0,13435.0,13460.0,22,8,295808.0,13596.0
2023-04-05,OGM3,6649.0,6649.0,6214.0,6540.0,21,20,136925.0,6540.0
2023-04-05,OZM3,18234.0,18573.0,17786.0,18482.0,3040,1146,55598927.0,18486.0
2023-04-05,PDM3,1536.0,1544.7,1510.18,1520.0,417,214,50891837.18,1520.0
2023-04-05,PDU3,1603.99,1604.0,1589.08,1589.08,8,8,1021302.73,1590.0
2023-04-05,PDZ3,1590.23,1679.14,1590.23,1679.14,2,2,260817.26,1650.94
2023-04-05,PHM3,7371.0,7379.0,7293.0,7349.0,756,188,5543956.0,7349.0
2023-04-05,PHU3,7428.0,7428.0,7152.0,7337.0,28,15,206799.0,7337.0
2023-04-05,PIM3,6597.0,6790.0,6489.0,6579.0,612,137,4042994.0,6591.0
2023-04-05,POM3,5783.0,6017.0,5783.0,5938.0,31276,5260,185185703.0,5945.0
2023-04-05,POU3,5878.0,6100.0,5833.0,5988.0,113,59,680624.0,5996.0
2023-04-05,PSM3,1741.0,1761.0,1730.0,1759.0,2555,322,4475608.0,1759.0
2023-04-05,PTM3,1030.3,1039.3,1016.1,1024.5,1205,354,98712434.22,1022.5
2023-04-05,PTU3,1055.5,1056.5,1055.5,1055.5,10,7,842118.58,1055.5
2023-04-05,PZM3,97397.0,98215.0,96745.0,97152.0,633,519,61670647.0,97173.0
2023-04-05,PZU3,97670.0,97670.0,97602.0,97602.0,2,2,195272.0,97602.0
2023-04-05,RBM3,12712.0,12712.0,12712.0,12712.0,1,1,12712.0,12720.0
2023-04-05,RIH4,98490.0,100250.0,98490.0,100250.0,6,6,954828.97,100250.0
2023-04-05,RIH5,97460.0,97460.0,97460.0,97460.0,1,1,155500.35,107350.0
2023-04-05,RIM3,98250.0,98280.0,96910.0,98050.0,92046,55494,14327812771.86,98060.0
2023-04-05,RIM4,97510.0,100240.0,95010.0,100240.0,8,8,1254629.08,102060.0
2023-04-05,RIU3,98360.0,98690.0,97300.0,98340.0,206,187,32166411.33,98350.0
2023-04-05,RIZ3,98860.0,98930.0,98340.0,98720.0,22,22,3467310.08,98720.0
2023-04-05,RLM3,4086.0,4110.0,4066.0,4084.0,1809,313,7391959.0,4080.0
2023-04-05,RMM3,981.0,982.5,969.0,979.5,15029,4957,234015182.16,980.0
2023-04-05,RMU3,986.0,989.0,976.0,982.5,430,127,6722508.86,982.5
2023-04-05,RMZ3,995.0,997.5,978.5,980.0,11,11,173194.32,980.0
2023-04-05,RNH4,39218.0,39218.0,38500.0,38500.0,38,10,1465078.0,38647.0
2023-04-05,RNM3,38715.0,38919.0,38346.0,38893.0,2342,1293,90367428.0,38801.0
2023-04-05,RNM4,39800.0,39800.0,39650.0,39700.0,3,3,119150.0,39697.0
2023-04-05,RNU3,38800.0,38943.0,38697.0,38697.0,15,15,582355.0,38958.0
2023-04-05,RNZ3,39303.0,41020.0,38565.0,38722.0,54,17,2181712.0,38975.0
2023-04-05,RTM3,6150.0,6212.0,6146.0,6205.0,488,109,3017287.0,6205.0
2023-04-05,SAK3,38.73,38.75,37.99,38.15,19,14,740582.72,38.15
2023-04-05,SEM3,1527.0,1535.0,1447.0,1501.0,184,28,274740.0,1501.0
2023-04-05,SFH4,403.0,403.0,403.0,403.0,2,2,64299.46,403.0
2023-04-05,SFM3,405.6,406.17,402.84,403.97,59125,13184,1908468458.07,403.67
2023-04-05,SFU3,403.0,403.89,400.87,401.87,627,318,20135267.64,401.87
2023-04-05,SFZ3,400.45,402.63,399.16,400.82,31,26,991643.65,400.82
2023-04-05,SGM3,34202.0,34766.0,33875.0,34645.0,1383,924,47350013.0,34699.0
2023-04-05,SGU3,32007.0,32149.0,31885.0,32149.0,3,3,96041.0,32308.0
2023-04-05,SLJ3,77.55,78.77,77.55,78.77,2,2,15632.0,81.36
2023-04-05,SNM3,25093.0,25613.0,24704.0,25343.0,2674,1708,67127195.0,25341.0
2023-04-05,SNU3,24795.0,24795.0,24795.0,24795.0,1,1,24795.0,25291.0
2023-04-05,SOM3,4910.0,4917.0,4826.0,4915.0,892,187,4343505.0,4915.0
2023-04-05,SPM3,19579.0,19815.0,19419.0,19791.0,7839,3551,153469751.0,19737.0
2023-04-05,SPU3,19768.0,19993.0,19617.0,19993.0,27,27,532355.0,19939.0
2023-04-05,SRH4,21005.0,21089.0,20773.0,20864.0,104,48,2177779.0,20960.0
2023-04-05,SRM3,19671.0,19864.0,19465.0,19843.0,250986,63684,4931289098.0,19795.0
2023-04-05,SRU3,19991.0,20170.0,19788.0,20167.0,2481,1198,49490204.0,20109.0
2023-04-05,SRZ3,20388.0,20400.0,20150.0,20400.0,139,79,2821462.0,20400.0
2023-04-05,SSM3,2618.0,2631.0,2568.0,2608.0,1343,178,3494781.0,2613.0
2023-04-05,SVH4,25.63,26.02,25.4,25.42,87,21,1775461.54,25.54
2023-04-05,SVM3,24.74,25.0,24.66,24.93,101739,17429,2017412485.85,24.93
2023-04-05,SVU3,25.04,25.3,24.94,25.2,3114,1291,62489031.87,25.19
2023-04-05,SVZ3,25.41,25.93,24.08,25.42,415,190,8392051.59,25.42
2023-04-05,SXM3,4259.8,4259.8,4156.0,4225.6,374,36,1377450.4,4233.4
2023-04-05,SXU3,4100.0,4160.0,4100.0,4141.0,12,6,43293.47,4141.0
2023-04-05,SXZ3,4100.0,4140.0,4100.0,4140.0,3,3,10812.61,4140.0
2023-04-05,SiH4,80096.0,80908.0,79736.0,80210.0,89,62,7142776.0,80227.0
2023-04-05,SiM3,79590.0,80171.0,79407.0,80054.0,758644,192673,60538131664.0,80025.0
2023-04-05,SiU3,79541.0,80100.0,79375.0,79970.0,6940,3754,553442239.0,79960.0
2023-04-05,SiU4,82558.0,83234.0,82558.0,83124.0,4,4,332040.0,83124.0
2023-04-05,SiZ3,79881.0,80277.0,79710.0,80217.0,735,354,58809776.0,80217.0
2023-04-05,SiZ4,84790.0,84800.0,84790.0,84800.0,2,2,169590.0,84800.0
2023-04-05,TIM3,25335.0,25457.0,25238.0,25286.0,219,119,5541730.0,25286.0
2023-04-05,TNM3,110850.0,118875.0,109557.0,118875.0,33,29,3783635.0,118875.0
2023-04-05,TRM3,19.75,19.85,19.75,19.85,120,10,9819957.55,19.85
2023-04-05,TTM3,38920.0,39320.0,38147.0,39249.0,1354,752,52521823.0,39217.0
2023-04-05,TTU3,38101.0,38405.0,37500.0,38405.0,26,18,991752.0,38352.0
2023-04-05,TYH4,3.6,3.601,3.6,3.601,3,2,10802.0,3.693
2023-04-05,TYM3,4.014,4.083,4.014,4.083,626,31,2541873.0,4.083
2023-04-05,TYZ3,4.091,4.091,3.589,3.996,32,20,128868.0,3.891
2023-04-05,UCM3,6.872,6.879,6.854,6.868,4267,2001,339219121.12,6.868
2023-04-05,USDRUBF,79.43,79.91,79.31,79.78,18696,4783,1488566670.0,79.78
2023-04-05,VBM3,2028.0,2069.0,1900.0,1928.0,825352,46547,1616025528.0,1928.0
2023-04-05,VBU3,2028.0,2059.0,1893.0,1941.0,53809,4756,105558245.0,1943.0
2023-04-05,VBZ3,2090.0,2093.0,1973.0,1973.0,154,28,308552.0,1973.0
2023-04-05,VIJ3,34.55,34.55,34.55,34.55,4,3,22050.16,34.55
2023-04-05,W4J3,13590.0,13700.0,13590.0,13630.0,32,17,436910.0,13630.0
2023-04-05,W4K3,13830.0,13830.0,13710.0,13710.0,3,3,41250.0,13740.0
2023-04-05,W4M3,14190.0,14190.0,14010.0,14020.0,22,17,309610.0,14020.0
2023-04-05,YNM3,19329.0,19420.0,19218.0,19351.0,2643,1156,51084538.0,19342.0
2023-04-05,YNU3,19727.0,19770.0,19630.0,19750.0,70,47,1381080.0,19719.0
2023-04-06,AEM3,21.863,22.3,21.863,22.299,1730,98,38103964.0,22.299
2023-04-06,AFM3,3224.0,3269.0,3211.0,3211.0,4152,659,13436742.0,3222.0
2023-04-06,AFU3,3260.0,3284.0,3249.0,3249.0,98,40,319714.0,3249.0
2023-04-06,AFZ3,3300.0,3300.0,3242.0,3242.0,2,2,6542.0,3251.0
2023-04-06,AKM3,14849.0,14864.0,14713.0,14731.0,231,104,3416392.0,14731.0
2023-04-06,AKU3,15096.0,15108.0,14974.0,14974.0,42,14,632614.0,14974.0
2023-04-06,ALM3,6761.0,6880.0,6683.0,6720.0,10832,2341,73469128.0,6720.0
2023-04-06,ALU3,6798.0,6904.0,6610.0,6688.0,209,89,1414384.0,6685.0
2023-04-06,ALZ3,6740.0,6804.0,6740.0,6804.0,12,10,81484.0,6804.0
2023-04-06,AUM3,0.685,0.685,0.671,0.6736,4,4,219940.3,0.6724
2023-04-06,BRF4,96.05,96.05,94.99,95.09,6,6,464773.96,95.09
2023-04-06,BRG4,98.34,98.34,98.34,98.34,1,1,80000.48,98.34
2023-04-06,BRH4,99.76,99.76,99.35,99.35,5,5,405151.89,99.35
2023-04-06,BRK3,86.41,86.88,85.93,86.66,140068,48709,9849871127.18,86.61
2023-04-06,BRM3,86.72,87.12,86.18,86.78,7501,4735,528398639.32,86.74
2023-04-06,BRN3,87.09,87.32,86.23,87.12,343,139,24215974.8,87.12
2023-04-06,BRQ3,88.56,88.59,87.89,88.3,49,40,3519183.03,88.3
2023-04-06,BRU3,90.48,90.48,89.84,90.02,13,13,952610.91,90.02
2023-04-06,BRX3,91.99,93.0,91.99,92.89,3,3,226057.88,92.89
2023-04-06,BRZ3,93.36,93.36,93.36,93.36,1,1,75949.2,93.36
2023-04-06,CAM3,1.3429,1.3429,1.3428,1.3428,3,2,241498.5,1.3428
2023-04-06,CFM3,0.9019,0.9046,0.9003,0.9005,25,9,2012947.1,0.9005
2023-04-06,CHM3,103826.0,104435.0,103001.0,103104.0,300,185,31048688.0,103105.0
2023-04-06,CHU3,105595.0,105595.0,105595.0,105595.0,1,1,105595.0,104979.0
2023-04-06,CNYRUBF,11.6,11.82,11.58,11.81,70874,2810,831190760.0,11.8
2023-04-06,CRH4,12.365,12.4,12.3,12.4,21,13,260080.0,12.4
2023-04-06,CRM3,11.658,11.878,11.655,11.872,2184185,67013,25746256205.0,11.872
2023-04-06,CRM4,12.43,12.9,12.43,12.65,31,20,391656.0,12.65
2023-04-06,CRU3,11.81,12.023,11.81,12.023,24952,2138,298176783.0,12.019
2023-04-06,CRU4,12.6,12.6,12.6,12.6,1,1,12600.0,12.676
2023-04-06,CRZ3,11.983,12.16,11.983,12.16,94,35,1133956.0,12.168
2023-04-06,CoJ3,9218.5,9219.0,8801.0,8957.0,9,9,659500.37,8957.5
2023-04-06,DXM3,12740.0,13143.0,12726.0,13143.0,25,13,287276.26,12820.0
2023-04-06,EDM3,1.0841,1.0864,1.0819,1.0854,55605,15347,4903378063.23,1.086
2023-04-06,EDU3,1.0807,1.0838,1.0793,1.083,1053,631,92623716.94,1.083
2023-04-06,EURRUBF,87.29,89.05,87.14,89.01,6834,3518,603942480.0,89.09
2023-04-06,EuH4,89008.0,89008.0,89008.0,89008.0,1,1,89008.0,89008.0
2023-04-06,EuM3,86927.0,88499.0,86801.0,88490.0,111915,30780,9820183809.0,88480.0
2023-04-06,EuM4,88700.0,88700.0,88700.0,88700.0,1,1,88700.0,88700.0
2023-04-06,EuU3,86554.0,88182.0,86423.0,88175.0,4696,2200,409813266.0,88170.0
2023-04-06,EuZ3,87986.0,89888.0,87030.0,88376.0,51,32,4491356.0,88403.0
2023-04-06,FSM3,10310.0,10538.0,10188.0,10210.0,399,129,4126403.0,10210.0
2023-04-06,FSU3,10499.0,10499.0,10201.0,10201.0,2,2,20700.0,10201.0
2023-04-06,FVM3,14298.0,14392.0,14150.0,14300.0,848,295,12132069.0,14300.0
2023-04-06,GDH4,2065.9,2065.9,2047.2,2052.1,29,16,4852125.63,2052.1
2023-04-06,GDM3,2032.5,2034.4,2008.3,2015.7,132804,38380,21843294339.59,2015.5
2023-04-06,GDU3,2039.2,2040.9,2016.9,2023.9,1262,833,208571357.72,2023.3
2023-04-06,GDZ3,2045.8,2054.9,2021.4,2033.2,148,99,24539027.19,2033.2
2023-04-06,GKM3,15264.0,15561.0,15222.0,15395.0,18955,6715,292797191.0,15397.0
2023-04-06,GKU3,15155.0,15482.0,15154.0,15370.0,117,56,1799807.0,15370.0
2023-04-06,GKZ3,15746.0,15746.0,15746.0,15746.0,1,1,15746.0,15746.0
2023-04-06,GOM3,5100.0,5100.0,5100.0,5100.0,6,2,306000.0,5425.8
2023-04-06,GUM3,1.2408,1.2478,1.2408,1.2478,11,9,1113368.42,1.2474
2023-04-06,GZH4,18289.0,18289.0,18289.0,18289.0,3,1,54867.0,18256.0
2023-04-06,GZM3,17569.0,17769.0,17416.0,17433.0,82616,22622,1454143405.0,17440.0
2023-04-06,GZM4,18949.0,18949.0,18637.0,18799.0,3,3,56385.0,18799.0
2023-04-06,GZU3,17340.0,17500.0,17122.0,17142.0,906,552,15660931.0,17150.0
2023-04-06,GZU4,18890.0,19350.0,18890.0,19350.0,10,10,191175.0,19000.0
2023-04-06,GZZ3,17858.0,17858.0,17670.0,17670.0,2,2,35528.0,17626.0
2023-04-06,GZZ4,19106.0,19106.0,19106.0,19106.0,1,1,19106.0,19106.0
2023-04-06,HKM3,10.122,10.361,10.122,10.361,326,72,3359086.0,10.361
2023-04-06,HKU3,10.659,10.668,10.55,10.56,6,6,63567.0,10.56
2023-04-06,HOM3,25420.0,25420.0,25410.0,25410.0,6,2,152480.0,25490.0
2023-04-06,HOU3,25710.0,25710.0,25710.0,25710.0,1,1,25710.0,25710.0
2023-04-06,HSM3,21203.0,21345.0,21037.0,21285.0,6115,357,13333689.49,21285.0
2023-04-06,HSU3,22064.0,22264.0,22064.0,22264.0,7,2,15936.97,22264.0
2023-04-06,HSZ3,23032.0,23104.0,22842.0,23100.0,28,14,66257.97,23098.0
2023-04-06,HYM3,8688.0,8731.0,8552.0,8578.0,1179,379,10173240.0,8578.0
2023-04-06,HYU3,8453.0,8453.0,8350.0,8350.0,32,15,268779.0,8373.0
2023-04-06,I2M3,0.99,0.99,0.9733,0.988,80,21,783681.0,0.988
2023-04-06,IRM3,36197.0,36483.0,36160.0,36160.0,44,27,1599096.0,36160.0
2023-04-06,JPM3,131.12,134.0,131.12,133.44,77,39,6275477.32,133.34
2023-04-06,LKH4,45699.0,45799.0,45300.0,45300.0,16,12,729302.0,45300.0
2023-04-06,LKM3,45878.0,46844.0,45777.0,46475.0,10317,5089,479600524.0,46420.0
2023-04-06,LKU3,44234.0,44703.0,43993.0,44048.0,519,257,23062612.0,44044.0
2023-04-06,LKZ3,44849.0,46066.0,44502.0,44702.0,104,36,4713526.0,44702.0
2023-04-06,MCM3,15075.0,16040.0,15006.0,15230.0,940,333,14406840.0,15191.0
2023-04-06,MEM3,11000.0,11104.0,10934.0,10934.0,2775,982,30555306.0,10938.0
2023-04-06,MEU3,11215.0,11230.0,11141.0,11230.0,29,16,324304.0,11129.0
2023-04-06,MGM3,41199.0,41870.0,40714.0,41170.0,1367,887,56593352.0,41016.0
2023-04-06,MGU3,41880.0,42340.0,41880.0,42339.0,6,5,252393.0,41751.0
2023-04-06,MLM3,4727.0,4800.0,4688.0,4691.0,2641,649,12512288.0,4695.0
2023-04-06,MLU3,4825.0,4834.0,4781.0,4781.0,45,23,216325.0,4782.0
2023-04-06,MMH4,2537.95,2537.95,2491.1,2510.0,73,18,1831307.5,2510.0
2023-04-06,MMH5,2749.95,2752.65,2660.6,2660.6,5,5,135844.0,2759.1
2023-04-06,MMM3,2477.05,2497.65,2473.75,2487.8,71352,17388,1774632011.5,2482.45
2023-04-06,MMM4,2517.65,2517.65,2472.5,2472.5,9,8,224072.5,2480.25
2023-04-06,MMM6,3177.3,3177.3,3177.3,3177.3,1,1,31773.0,3077.3
2023-04-06,MMU3,2481.0,2497.75,2476.45,2478.0,265,130,6583221.0,2478.0
2023-04-06,MMU4,2540.0,2540.0,2338.95,2443.1,163,93,3947277.0,2453.6
2023-04-06,MMU5,2758.55,2758.55,2756.25,2756.25,2,2,55148.0,2881.3
2023-04-06,MMZ3,2471.0,2500.0,2470.15,2491.5,17,8,422827.0,2491.5
2023-04-06,MMZ4,2656.15,2667.95,2636.8,2667.95,4,4,106080.0,2667.95
2023-04-06,MMZ5,2772.65,2772.65,2772.65,2772.65,1,1,27726.5,2886.1
2023-04-06,MNM3,4600.0,4630.0,4599.0,4612.0,4434,1201,20443018.0,4603.0
2023-04-06,MNU3,4587.0,4604.0,4565.0,4590.0,88,29,403389.0,4589.0
2023-04-06,MTM3,25795.0,26149.0,25793.0,26001.0,601,256,15630780.0,26034.0
2023-04-06,MTU3,24496.0,24669.0,24410.0,24669.0,3,3,73575.0,24669.0
2023-04-06,MTZ3,24367.0,25637.0,24367.0,25637.0,3,3,74416.0,25670.0
2023-04-06,MXM3,248100.0,250000.0,247775.0,248750.0,24658,16445,6141847250.0,248600.0
2023-04-06,MXU3,247875.0,249725.0,247850.0,248600.0,38,38,9451925.0,248500.0
2023-04-06,MXZ3,253600.0,253600.0,253600.0,253600.0,1,1,253600.0,252900.0
2023-04-06,N2M3,28530.0,28573.0,28530.0,28573.0,37,9,65019.43,28573.0
2023-04-06,NAH4,13209.0,13209.0,12122.0,13157.0,13,13,135883.0,12729.0
2023-04-06,NAM3,12845.0,12949.0,12773.0,12877.0,68071,8380,710779369.12,12896.0
2023-04-06,NAU3,12831.0,12890.0,12751.0,12849.0,466,118,4865121.41,12889.0
2023-04-06,NAZ3,12849.0,12849.0,12659.0,12834.0,37,22,385584.26,12834.0
2023-04-06,NGJ3,2.215,2.244,2.184,2.189,671022,109879,12075362726.37,2.192
2023-04-06,NGK3,2.491,2.511,2.457,2.462,29250,14216,591349504.35,2.467
2023-04-06,NGM3,2.891,2.914,2.84,2.857,4934,2533,115255790.53,2.863
2023-04-06,NGN3,3.04,3.06,3.013,3.027,418,162,10311975.05,3.027
2023-04-06,NGQ3,3.099,3.105,3.078,3.09,242,106,6094320.83,3.09
2023-04-06,NGU3,3.156,3.297,3.155,3.19,62,46,1618036.8,3.19
2023-04-06,NKM3,116608.0,118220.0,116251.0,117453.0,430,378,50454214.0,117222.0
2023-04-06,NKU3,118974.0,118974.0,118974.0,118974.0,1,1,118974.0,118974.0
2023-04-06,NMM3,13418.0,13653.0,13078.0,13219.0,4923,2006,65731110.0,13126.0
2023-04-06,NMU3,13615.0,13875.0,13350.0,13400.0,85,43,1156633.0,13328.0
2023-04-06,OGM3,6459.0,6548.0,6414.0,6452.0,28,17,181264.0,6470.0
2023-04-06,OZM3,18500.0,18835.0,17347.0,17981.0,8524,3150,155134644.0,17980.0
2023-04-06,PDM3,1515.0,1520.0,1490.5,1508.0,391,265,47858635.66,1508.0
2023-04-06,PDU3,1594.21,1594.21,1565.09,1565.09,10,10,1281746.84,1569.21
2023-04-06,PHM3,7349.0,7354.0,7289.0,7339.0,397,147,2911070.0,7330.0
2023-04-06,PHU3,7561.0,7561.0,7434.0,7434.0,11,4,81901.0,7412.0
2023-04-06,PIM3,6592.0,6694.0,6510.0,6622.0,503,91,3324840.0,6621.0
2023-04-06,POM3,5948.0,5965.0,5906.0,5950.0,7986,1777,47460506.0,5932.0
2023-04-06,POU3,6050.0,6050.0,6008.0,6024.0,21,12,126609.0,6024.0
2023-04-06,PSM3,1754.0,1790.0,1734.0,1738.0,4453,665,7838723.0,1747.0
2023-04-06,PTM3,1024.7,1029.6,1020.2,1026.4,348,198,29010023.66,1026.4
2023-04-06,PTU3,1055.5,1055.5,1051.4,1051.4,6,6,514487.49,1052.4
2023-04-06,PZM3,97260.0,97418.0,96602.0,96744.0,264,211,25614783.0,96685.0
2023-04-06,RIH4,100590.0,100590.0,100590.0,100590.0,1,1,163661.94,100040.0
2023-04-06,RIM3,98040.0,98420.0,96490.0,96710.0,110576,66024,17552493202.84,96670.0
2023-04-06,RIU3,98260.0,98690.0,96960.0,97140.0,247,225,39311292.45,97090.0
2023-04-06,RIZ3,99030.0,99180.0,98150.0,98160.0,14,14,2245970.91,98160.0
2023-04-06,RLM3,4082.0,4200.0,4082.0,4164.0,3469,546,14423416.0,4164.0
2023-04-06,RLU3,4256.0,4330.0,4256.0,4330.0,3,2,12842.0,4246.0
2023-04-06,RMM3,979.5,984.5,966.0,968.0,16575,5404,263143255.49,968.0
2023-04-06,RMU3,983.0,986.0,972.0,972.0,654,156,10437255.83,972.0
2023-04-06,RMZ3,979.0,979.0,979.0,979.0,1,1,15928.51,979.0
2023-04-06,RNM3,38991.0,39166.0,38678.0,38715.0,2036,958,79261239.0,38713.0
2023-04-06,RNM4,39621.0,39621.0,36199.0,38400.0,52,41,1963663.0,38401.0
2023-04-06,RNU3,39298.0,39299.0,39200.0,39200.0,21,15,823561.0,39164.0
2023-04-06,RNZ3,40419.0,40419.0,40419.0,40419.0,1,1,40419.0,39986.0
2023-04-06,RTM3,6212.0,6250.0,6172.0,6172.0,269,71,1671002.0,6172.0
2023-04-06,RTU3,6235.0,6235.0,6235.0,6235.0,1,1,6235.0,6235.0
2023-04-06,SAK3,38.85,39.45,38.3,39.45,15,11,594339.68,39.45
2023-04-06,SEM3,1500.0,1550.0,1498.0,1550.0,53,17,80697.0,1549.0
2023-04-06,SFH4,398.51,401.06,398.51,401.06,4,4,129884.2,398.51
2023-04-06,SFM3,403.73,405.7,402.73,405.2,62315,13939,2048714564.35,405.46
2023-04-06,SFU3,401.48,403.72,400.81,403.3,627,354,20519930.61,403.3
2023-04-06,SFZ3,401.3,402.0,399.88,402.0,49,33,1598495.06,402.0
2023-04-06,SGM3,34700.0,35819.0,34521.0,35001.0,1338,762,47146195.0,35065.0
2023-04-06,SGU3,32700.0,32900.0,32700.0,32900.0,2,2,65600.0,32845.0
2023-04-06,SNM3,25325.0,25868.0,25105.0,25252.0,2734,1601,69803596.0,25151.0
2023-04-06,SNU3,25291.0,25518.0,25291.0,25401.0,26,16,660477.0,25401.0
2023-04-06,SOM3,4917.0,4948.0,4835.0,4880.0,942,193,4603310.0,4877.0
2023-04-06,SPM3,19789.0,19907.0,19593.0,19622.0,7321,3497,144692460.0,19614.0
2023-04-06,SPU3,20009.0,20052.0,19842.0,19842.0,27,25,538472.0,19825.0
2023-04-06,SRH4,21074.0,21277.0,20797.0,20797.0,292,64,6123548.0,20809.0
2023-04-06,SRM3,19840.0,19993.0,19681.0,19708.0,228774,60209,4538010995.0,19695.0
2023-04-06,SRU3,20166.0,20290.0,20008.0,20019.0,2724,1175,54872404.0,20014.0
2023-04-06,SRZ3,20448.0,20591.0,20344.0,20344.0,251,115,5135804.0,20344.0
2023-04-06,SSM3,2626.0,2683.0,2564.0,2680.0,1319,143,3456689.0,2644.0
2023-04-06,SVH4,25.88,25.89,25.72,25.73,19,9,398538.09,25.73
2023-04-06,SVM3,24.94,25.15,24.7,24.9,79455,12985,1611811733.79,24.92
2023-04-06,SVU3,25.23,25.38,24.97,25.19,1524,734,31245271.57,25.19
2023-04-06,SVZ3,25.58,25.78,25.31,25.59,110,63,2292850.66,25.59
2023-04-06,SXM3,4250.6,4365.3,4225.2,4243.0,142,35,544465.16,4243.0
2023-04-06,SXU3,4160.0,4160.0,4143.0,4143.0,4,2,14809.42,4143.0
2023-04-06,SXZ3,4140.0,4220.0,4060.0,4220.0,26,13,96548.31,4199.0
2023-04-06,SiH4,80200.0,81819.0,80199.0,81438.0,188,133,15238815.0,81440.0
2023-04-06,SiH5,84847.0,85555.0,84847.0,85555.0,3,3,255249.0,85555.0
2023-04-06,SiM3,80066.0,81388.0,79978.0,81388.0,1076765,254528,86943270003.0,81323.0
2023-04-06,SiM4,80795.0,82897.0,80297.0,81702.0,38,31,3107025.0,82070.0
2023-04-06,SiU3,79956.0,81363.0,79949.0,81363.0,14973,8472,1208413910.0,81314.0
2023-04-06,SiU4,83015.0,83814.0,83015.0,83085.0,10,9,833374.0,83085.0
2023-04-06,SiZ3,80199.0,81360.0,80110.0,81360.0,1069,565,86328229.0,81360.0
2023-04-06,SiZ4,85000.0,85878.0,84782.0,85100.0,37,29,3151672.0,85100.0
2023-04-06,TIM3,25350.0,25500.0,25314.0,25335.0,385,156,9785317.0,25335.0
2023-04-06,TNM3,119000.0,124497.0,115400.0,122155.0,78,74,9412541.0,122150.0
2023-04-06,TNU3,117000.0,120108.0,117000.0,120108.0,2,2,237108.0,121971.0
2023-04-06,TRM3,19.89,19.9093,19.89,19.89,36,3,3003734.07,19.89
2023-04-06,TTM3,39257.0,39665.0,39022.0,39441.0,1149,619,45323321.0,39441.0
2023-04-06,TTU3,38597.0,39409.0,38597.0,38850.0,38,25,1483175.0,38850.0
2023-04-06,TYM3,4.0,4.27,4.0,4.245,1245,86,5192106.0,4.213
2023-04-06,TYU3,4.09,4.09,3.949,4.077,5,5,20222.0,4.02
2023-04-06,UCM3,6.874,6.874,6.851,6.859,3505,2059,283695133.01,6.859
2023-04-06,USDRUBF,79.84,81.37,79.79,81.37,34010,7956,2744147140.0,81.35
2023-04-06,VBM3,1930.0,1942.0,1876.0,1897.0,390380,19640,746114556.0,1895.0
2023-04-06,VBU3,1941.0,1948.0,1885.0,1908.0,7308,969,14034736.0,1907.0
2023-04-06,VBZ3,1985.0,1998.0,1951.0,1951.0,30,11,59461.0,1957.0
2023-04-06,VIJ3,34.55,34.55,34.5,34.5,2,2,11234.56,34.5
2023-04-06,W4J3,13600.0,13730.0,13300.0,13640.0,87,18,1185940.0,13610.0
2023-04-06,W4K3,13820.0,13820.0,13740.0,13740.0,4,4,55120.0,13740.0
2023-04-06,W4M3,14080.0,14120.0,13970.0,14110.0,23,19,323400.0,14110.0
2023-04-06,W4U3,13850.0,13850.0,13850.0,13850.0,2,2,27700.0,14180.0
2023-04-06,YNM3,19358.0,19627.0,19332.0,19436.0,4819,2058,94071525.0,19408.0
2023-04-06,YNU3,19759.0,20014.0,19742.0,19807.0,254,131,5052465.0,19805.0
2023-04-07,AEM3,22.151,24.159,22.016,22.143,1268,183,28563344.0,22.143
2023-04-07,AFM3,3221.0,3277.0,3210.0,3263.0,5065,954,16449940.0,3247.0
2023-04-07,AFU3,3242.0,3270.0,3235.0,3258.0,222,96,721480.0,3255.0
2023-04-07,AKM3,14763.0,14800.0,14686.0,14748.0,170,53,2505850.0,14748.0
2023-04-07,AKU3,14949.0,14949.0,14613.0,14613.0,16,8,236363.0,14648.0
2023-04-07,ALM3,6738.0,6779.0,6688.0,6736.0,3649,729,24583373.0,6747.0
2023-04-07,ALU3,6768.0,6768.0,6645.0,6719.0,99,36,664992.0,6719.0
2023-04-07,ALZ3,6752.0,6752.0,6700.0,6740.0,13,7,87600.0,6740.0
2023-04-07,BRF4,94.69,94.69,94.68,94.68,2,2,153607.47,94.68
2023-04-07,BRG4,98.25,98.25,98.25,98.25,1,1,79695.49,98.25
2023-04-07,BRH4,99.53,99.53,99.53,99.53,3,3,242201.28,99.53
2023-04-07,BRK3,86.52,86.95,86.3,86.44,46859,17115,3290990830.43,86.46
2023-04-07,BRM3,86.62,87.15,86.5,86.73,2667,1934,187800839.28,86.69
2023-04-07,BRN3,86.89,87.42,86.89,87.14,82,56,5801693.66,87.14
2023-04-07,BRQ3,88.39,88.6,88.0,88.0,41,25,2937498.65,88.03
2023-04-07,BRU3,89.6,90.15,89.6,89.71,17,16,1239064.08,89.71
2023-04-07,BRV3,91.15,92.81,91.15,91.65,6,6,447852.14,91.65
2023-04-07,BRX3,93.12,93.12,93.07,93.07,3,3,226521.75,93.07
2023-04-07,BRZ3,93.09,93.09,92.69,92.69,2,2,150695.44,92.69
2023-04-07,CFM3,0.885,0.9068,0.885,0.9068,2,2,163248.75,0.9005
2023-04-07,CHM3,103197.0,103425.0,100975.0,101662.0,299,232,30496030.0,101660.0
2023-04-07,CHU3,102150.0,103258.0,102150.0,103258.0,2,2,205408.0,103258.0
2023-04-07,CNYRUBF,11.82,12.14,11.74,11.83,202003,6318,2405785740.0,11.82
2023-04-07,CRH4,12.48,12.767,12.333,12.333,93,41,1170326.0,12.407
2023-04-07,CRM3,11.87,12.195,11.781,11.883,5448540,179042,65172089278.0,11.88
2023-04-07,CRM4,12.66,12.88,12.55,12.655,34,20,429874.0,12.655
2023-04-07,CRU3,12.045,12.342,11.931,12.027,31660,3669,383667087.0,12.027
2023-04-07,CRU4,12.8,12.8,12.3,12.302,18,15,225187.0,12.686
2023-04-07,CRZ3,12.179,12.48,12.039,12.199,519,197,6368510.0,12.199
2023-04-07,CoJ3,9331.5,9331.5,9331.5,9331.5,1,1,75692.46,8964.5
2023-04-07,DXM3,12889.0,13141.0,12726.0,12726.0,8,7,92190.46,12888.0
2023-04-07,EDM3,1.0861,1.0926,1.0827,1.0857,57481,19122,5064352707.68,1.0857
2023-04-07,EDU3,1.0831,1.0921,1.0813,1.0855,1700,1157,149592665.43,1.0855
2023-04-07,EURRUBF,88.85,91.15,88.17,88.75,9329,4558,833378270.0,88.91
2023-04-07,EuH4,90545.0,90545.0,88800.0,88800.0,3,3,268670.0,88800.0
2023-04-07,EuM3,88500.0,90484.0,87584.0,88150.0,175067,50456,15566263192.0,88155.0
2023-04-07,EuM4,89500.0,89500.0,88800.0,88800.0,3,3,267800.0,88800.0
2023-04-07,EuU3,88211.0,90124.0,87234.0,87800.0,9493,4248,842258432.0,87800.0
2023-04-07,EuZ3,89800.0,89999.0,88553.0,89002.0,65,46,5799574.0,88998.0
2023-04-07,FSM3,10122.0,10398.0,10122.0,10172.0,297,81,3037210.0,10206.0
2023-04-07,FVM3,14311.0,14445.0,14183.0,14274.0,924,424,13209988.0,14331.0
2023-04-07,FVU3,14600.0,14600.0,14054.0,14054.0,10,5,141958.0,14305.0
2023-04-07,GDH4,2052.8,2053.6,2038.8,2038.8,27,12,4481830.88,2039.3
2023-04-07,GDM3,2016.0,2020.6,2004.7,2007.9,60690,22497,9913498241.0,2007.8
2023-04-07,GDU3,2024.3,2028.1,2012.4,2015.1,1241,953,203609966.74,2015.0
2023-04-07,GDZ3,2037.0,2038.3,2025.7,2025.7,82,59,13525374.82,2025.7
2023-04-07,GKM3,15415.0,15540.0,15362.0,15505.0,8724,3282,134914466.0,15516.0
2023-04-07,GKU3,15341.0,15469.0,15341.0,15447.0,24,17,369785.0,15448.0
2023-04-07,GKZ3,15942.0,15942.0,15942.0,15942.0,1,1,15942.0,15942.0
2023-04-07,GUM3,1.2497,1.2529,1.2417,1.2424,18,14,1820269.27,1.2424
2023-04-07,GZH4,18034.0,18034.0,17837.0,17837.0,4,2,71939.0,18153.0
2023-04-07,GZH5,19500.0,19600.0,19500.0,19600.0,2,2,39100.0,19500.0
2023-04-07,GZM3,17442.0,17550.0,17000.0,17537.0,88259,23765,1537345744.0,17496.0
2023-04-07,GZM4,18622.0,18885.0,18600.0,18600.0,8,6,149278.0,18600.0
2023-04-07,GZU3,17167.0,17290.0,16790.0,17259.0,576,343,9886874.0,17246.0
2023-04-07,GZU4,18704.0,19399.0,18452.0,18452.0,17,12,319348.0,18509.0
2023-04-07,GZZ3,17493.0,17769.0,17224.0,17512.0,27,20,473860.0,17614.0
2023-04-07,GZZ4,19062.0,19062.0,19062.0,19062.0,1,1,19062.0,19062.0
2023-04-07,HKM3,10.33,10.64,10.3,10.35,758,104,7923574.0,10.35
2023-04-07,HOM3,25410.0,25700.0,25410.0,25700.0,12,9,306810.0,25490.0
2023-04-07,HOU3,25490.0,25800.0,25490.0,25800.0,3,3,77030.0,25810.0
2023-04-07,HSM3,21343.0,21599.0,21300.0,21300.0,3033,278,6824307.48,21300.0
2023-04-07,HSU3,22264.0,22635.0,22264.0,22290.0,19,12,44886.96,22290.0
2023-04-07,HSZ3,22760.0,23412.0,22003.0,23000.0,69,23,161456.85,22999.0
2023-04-07,HYM3,8572.0,8630.0,8501.0,8513.0,893,216,7651407.0,8513.0
2023-04-07,I2M3,0.9733,1.0587,0.9661,0.985,23,15,228935.0,0.985
2023-04-07,IRM3,36270.0,36633.0,36270.0,36362.0,75,34,2733092.0,36363.0
2023-04-07,IRU3,37080.0,37080.0,37080.0,37080.0,1,1,37080.0,37080.0
2023-04-07,JPM3,133.63,133.63,132.25,132.26,44,24,3645647.44,132.26
2023-04-07,LKM3,46419.0,46989.0,46051.0,46617.0,8145,5151,379205883.0,46619.0
2023-04-07,LKU3,43903.0,44639.0,43787.0,44319.0,162,127,7160261.0,44359.0
2023-04-07,LKZ3,45063.0,45300.0,44577.0,44900.0,18,15,807642.0,44900.0
2023-04-07,MCM3,15211.0,15599.0,15064.0,15500.0,703,247,10813914.0,15518.0
2023-04-07,MEM3,10940.0,10965.0,10844.0,10906.0,2239,588,24413065.0,10909.0
2023-04-07,MEU3,11123.0,11139.0,11062.0,11080.0,17,14,188668.0,11083.0
2023-04-07,MGM3,40995.0,41133.0,40247.0,40527.0,823,560,33424173.0,40723.0
2023-04-07,MGU3,41214.0,41513.0,41000.0,41324.0,28,14,1153361.0,41324.0
2023-04-07,MLM3,4705.0,4735.0,4669.0,4670.0,1896,384,8916530.0,4674.0
2023-04-07,MMH5,2700.0,2720.0,2700.0,2700.0,5,5,135300.0,2730.0
2023-04-07,MMH6,3130.75,3130.75,3130.75,3130.75,1,1,31307.5,3015.0
2023-04-07,MMM3,2486.1,2496.95,2471.0,2493.85,64934,16820,1614550420.5,2493.45
2023-04-07,MMU3,2480.95,2497.7,2473.55,2495.0,344,166,8555826.0,2495.0
2023-04-07,MMU4,2492.05,2536.4,2489.35,2489.35,22,13,554486.5,2489.35
2023-04-07,MMU5,2832.95,2832.95,2832.95,2832.95,1,1,28329.5,2832.95
2023-04-07,MMZ3,2480.0,2482.0,2480.0,2480.0,161,12,3992920.5,2481.8
2023-04-07,MMZ4,2667.95,2667.95,2667.95,2667.95,1,1,26679.5,2667.8
2023-04-07,MMZ5,2752.4,2752.4,2752.4,2752.4,1,1,27524.0,2852.5
2023-04-07,MNM3,4617.0,4635.0,4590.0,4624.0,4774,1093,22036188.0,4623.0
2023-04-07,MNU3,4587.0,4600.0,4555.0,4580.0,85,37,389304.0,4580.0
2023-04-07,MTM3,26001.0,26133.0,25806.0,26094.0,686,256,17820414.0,26094.0
2023-04-07,MTU3,24405.0,24405.0,24400.0,24400.0,2,2,48805.0,24467.0
2023-04-07,MXM3,248800.0,249825.0,247225.0,249600.0,26328,16985,6554626475.0,249525.0
2023-04-07,MXU3,248750.0,249675.0,247700.0,249300.0,33,33,8221125.0,249475.0
2023-04-07,MXZ3,252400.0,253000.0,252400.0,253000.0,5,3,1262600.0,253000.0
2023-04-07,N2H4,30355.0,30355.0,30355.0,30355.0,1,1,1898.71,28490.0
2023-04-07,N2M3,28652.0,28652.0,28429.0,28531.0,9,6,16093.28,28554.0
2023-04-07,N2Z3,31000.0,31000.0,31000.0,31000.0,1,1,1939.05,28801.0
2023-04-07,NAH4,13205.0,13205.0,13205.0,13205.0,2,2,21422.48,12904.0
2023-04-07,NAM3,12890.0,13008.0,12876.0,12989.0,31946,4007,335131856.48,12974.0
2023-04-07,NAU3,12890.0,12958.0,12870.0,12908.0,372,127,3894615.6,12908.0
2023-04-07,NAZ3,12890.0,13180.0,12833.0,12903.0,38,22,397641.19,12903.0
2023-04-07,NGJ3,2.188,2.188,2.106,2.121,578986,99795,10059296492.53,2.122
2023-04-07,NGK3,2.46,2.46,2.382,2.394,32901,15016,645738824.88,2.394
2023-04-07,NGM3,2.857,2.863,2.768,2.772,7838,3675,179064383.96,2.773
2023-04-07,NGN3,3.022,3.033,2.95,2.955,238,143,5763626.25,2.955
2023-04-07,NGQ3,3.075,3.088,3.03,3.049,331,192,8211441.77,3.049
2023-04-07,NGU3,3.16,3.16,3.136,3.159,28,26,715669.55,3.159
2023-04-07,NKM3,117200.0,118690.0,116250.0,118434.0,358,307,41956025.0,118461.0
2023-04-07,NKU3,119075.0,119475.0,117294.0,119475.0,5,5,591657.0,119462.0
2023-04-07,NMM3,13179.0,13226.0,12902.0,13138.0,3430,1420,44880973.0,13140.0
2023-04-07,NMU3,13316.0,13414.0,13138.0,13344.0,38,21,501167.0,13344.0
2023-04-07,OGM3,6450.0,6548.0,6450.0,6520.0,13,10,84632.0,6520.0
2023-04-07,OZM3,17943.0,18006.0,17487.0,17800.0,1876,699,33292553.0,17754.0
2023-04-07,PDM3,1510.0,1523.1,1507.78,1511.0,229,113,28189941.43,1511.0
2023-04-07,PDU3,1580.22,1592.86,1580.22,1592.86,5,5,644697.17,1589.76
2023-04-07,PHM3,7341.0,7366.0,7212.0,7237.0,613,148,4463179.0,7237.0
2023-04-07,PHU3,7342.0,7425.0,7247.0,7344.0,5,5,36701.0,7335.0
2023-04-07,PIM3,6618.0,6665.0,6578.0,6615.0,53,18,349961.0,6615.0
2023-04-07,POM3,5944.0,5996.0,5857.0,5964.0,16514,3178,98013703.0,5963.0
2023-04-07,POU3,6030.0,6072.0,5957.0,6052.0,80,57,481536.0,6052.0
2023-04-07,PSM3,1742.0,1752.0,1695.0,1730.0,2301,424,3948242.0,1716.0
2023-04-07,PSU3,1860.0,1860.0,1860.0,1860.0,3,3,5580.0,1812.0
2023-04-07,PTM3,1027.9,1030.0,1016.6,1019.3,218,118,18079828.02,1019.3
2023-04-07,PTU3,1051.4,1057.0,1051.4,1057.0,6,4,513230.84,1053.9
2023-04-07,PZM3,96999.0,96999.0,95650.0,96306.0,405,325,38987916.0,96282.0
2023-04-07,RBM3,12650.0,12650.0,12630.0,12630.0,7,5,88508.0,12684.0
2023-04-07,RIH4,99500.0,99500.0,99110.0,99110.0,2,2,322205.0,99310.0
2023-04-07,RIM3,96710.0,97490.0,95100.0,97400.0,154067,91373,24091935394.87,97390.0
2023-04-07,RIU3,97230.0,97860.0,95620.0,97790.0,275,264,43120766.67,97830.0
2023-04-07,RIZ3,97700.0,98170.0,96510.0,97660.0,39,38,6157342.31,97880.0
2023-04-07,RLM3,4163.0,4224.0,4122.0,4155.0,3348,881,13978079.0,4162.0
2023-04-07,RLU3,4330.0,4330.0,4330.0,4330.0,1,1,4330.0,4329.0
2023-04-07,RMM3,969.0,974.5,951.5,973.0,33288,10451,520636955.68,973.0
2023-04-07,RMU3,973.5,980.0,958.0,980.0,829,239,13030232.11,980.0
2023-04-07,RMZ3,976.0,980.0,975.0,980.0,6,6,95034.35,980.0
2023-04-07,RNH4,39400.0,39400.0,39400.0,39400.0,1,1,39400.0,39400.0
2023-04-07,RNM3,38680.0,38931.0,38500.0,38800.0,1542,953,59630814.0,38825.0
2023-04-07,RNM4,38500.0,38864.0,38500.0,38864.0,5,3,192864.0,38864.0
2023-04-07,RNU3,39126.0,39217.0,38899.0,39096.0,17,14,664401.0,39096.0
2023-04-07,RNZ3,39748.0,39748.0,39566.0,39566.0,3,3,119061.0,39566.0
2023-04-07,RTM3,6179.0,6198.0,6128.0,6160.0,411,77,2527619.0,6161.0
2023-04-07,SAK3,40.0,40.25,38.93,39.4,9,9,360232.96,39.4
2023-04-07,SEM3,1438.0,1551.0,1438.0,1520.0,72,15,108610.0,1519.0
2023-04-07,SFH4,409.0,409.0,405.93,405.93,2,2,66103.05,405.93
2023-04-07,SFM3,405.4,407.9,405.4,407.44,41382,8854,1365227267.42,407.42
2023-04-07,SFU3,403.31,405.35,403.31,405.01,800,453,26253122.49,405.01
2023-04-07,SFZ3,403.97,405.0,402.31,404.0,91,54,2982993.69,404.0
2023-04-07,SGM3,35110.0,35637.0,34337.0,34721.0,1322,886,46340975.0,34802.0
2023-04-07,SLJ3,75.17,75.17,75.17,75.17,1,1,7517.0,81.2
2023-04-07,SNM3,25128.0,25775.0,25059.0,25344.0,2056,1265,52181651.0,25410.0
2023-04-07,SNU3,25320.0,25320.0,25320.0,25320.0,1,1,25320.0,25320.0
2023-04-07,SOM3,4866.0,4915.0,4799.0,4914.0,690,155,3351350.0,4916.0
2023-04-07,SPM3,19646.0,19838.0,19571.0,19838.0,4674,2049,92013820.0,19793.0
2023-04-07,SPU3,19844.0,19928.0,19775.0,19928.0,10,10,198416.0,19961.0
2023-04-07,SRH4,20971.0,20998.0,20858.0,20992.0,72,30,1508270.0,20992.0
2023-04-07,SRM3,19705.0,19903.0,19610.0,19882.0,192497,52839,3801897370.0,19853.0
2023-04-07,SRU3,20045.0,20171.0,19941.0,20156.0,3419,1472,68597997.0,20128.0
2023-04-07,SRZ3,20351.0,20484.0,20264.0,20484.0,101,62,2053884.0,20441.0
2023-04-07,SSM3,2679.0,2686.0,2609.0,2652.0,1262,124,3343185.0,2652.0
2023-04-07,SSU3,2710.0,2850.0,2710.0,2850.0,2,2,5560.0,2759.0
2023-04-07,SVH4,25.86,26.06,25.84,25.84,30,12,629882.4,25.84
2023-04-07,SVM3,24.93,25.3,24.73,24.86,45467,9410,921988212.62,24.85
2023-04-07,SVU3,25.21,25.49,24.97,25.06,1484,804,30413047.33,25.07
2023-04-07,SVZ3,25.57,25.72,25.2,25.35,160,109,3299474.36,25.35
2023-04-07,SXM3,4248.9,4442.6,4248.9,4254.2,593,59,2288309.94,4254.3
2023-04-07,SXU3,4170.0,4300.0,4138.7,4180.0,14,8,52203.0,4180.0
2023-04-07,SXZ3,4230.0,4230.0,3951.0,4189.8,7,7,25054.11,4150.0
2023-04-07,SiH4,81580.0,83450.0,80185.0,81352.0,228,166,18724268.0,81352.0
2023-04-07,SiH5,85775.0,85995.0,85500.0,85500.0,5,5,428325.0,85500.0
2023-04-07,SiM3,81352.0,83172.0,80520.0,80991.0,2473249,608159,202105702498.0,80993.0
2023-04-07,SiM4,82100.0,83444.0,80249.0,81517.0,97,72,7978451.0,81523.0
2023-04-07,SiU3,81325.0,82698.0,80355.0,80727.0,55178,23650,4518595347.0,80751.0
2023-04-07,SiU4,84804.0,84891.0,81104.0,81825.0,29,25,2405403.0,82279.0
2023-04-07,SiZ3,81390.0,82846.0,80643.0,80980.0,2084,1161,170456908.0,81103.0
2023-04-07,SiZ4,85050.0,85100.0,82867.0,84582.0,48,24,4061440.0,84000.0
2023-04-07,TIM3,25277.0,26273.0,25256.0,26042.0,1679,632,43447630.0,26042.0
2023-04-07,TNM3,122850.0,122955.0,120555.0,122200.0,21,20,2559976.0,122050.0
2023-04-07,TTM3,39401.0,39840.0,39232.0,39820.0,865,461,34243972.0,39829.0
2023-04-07,TTU3,38850.0,39358.0,38850.0,39001.0,31,14,1211274.0,39133.0
2023-04-07,TYH4,3.614,3.652,3.614,3.652,3,2,10880.0,3.934
2023-04-07,TYM3,4.2,4.29,4.106,4.106,2783,284,11706650.0,4.107
2023-04-07,TYU3,4.15,4.15,4.0,4.0,6,2,24750.0,4.0
2023-04-07,TYZ3,3.99,3.99,3.341,3.341,13,5,45375.0,3.884
2023-04-07,UCM3,6.855,6.87,6.821,6.83,12362,6113,999170323.29,6.83
2023-04-07,USDRUBF,81.31,83.42,80.79,81.01,88667,20376,7257052870.0,81.11
2023-04-07,VBM3,1897.0,1916.0,1881.0,1895.0,174060,9624,330708783.0,1896.0
2023-04-07,VBU3,1909.0,1922.0,1895.0,1897.0,4703,547,8966576.0,1905.0
2023-04-07,VBZ3,1949.0,1981.0,1940.0,1981.0,42,24,82407.0,1964.0
2023-04-07,VIJ3,34.9,40.0,34.65,39.9,151,51,937186.57,38.0
2023-04-07,W4J3,13670.0,13690.0,13540.0,13540.0,15,8,205090.0,13600.0
2023-04-07,W4K3,13830.0,13880.0,13760.0,13880.0,14,14,193870.0,13880.0
2023-04-07,W4M3,14110.0,14110.0,13960.0,14080.0,12,12,168570.0,14080.0
2023-04-07,YNM3,19430.0,19600.0,19377.0,19471.0,3478,1870,67675376.0,19470.0
2023-04-07,YNU3,19805.0,19982.0,19770.0,19837.0,117,71,2322194.0,19860.0
2023-04-10,AEM3,22.141,22.469,21.801,22.307,3480,91,77556340.0,22.307
2023-04-10,AFM3,3269.0,3522.0,3253.0,3498.0,26656,3046,91099069.0,3495.0
2023-04-10,AFU3,3248.0,3494.0,3247.0,3494.0,1102,294,3768085.0,3484.0
2023-04-10,AFZ3,3380.0,3380.0,3320.0,3320.0,3,2,10080.0,3346.0
2023-04-10,AKM3,14757.0,15321.0,14745.0,15300.0,796,251,11940274.0,15204.0
2023-04-10,ALM3,6756.0,6896.0,6746.0,6892.0,5896,1819,40318735.0,6885.0
2023-04-10,ALU3,6718.0,6940.0,6718.0,6800.0,162,89,1109402.0,6826.0
2023-04-10,ALZ3,6750.0,6825.0,6736.0,6810.0,23,15,156386.0,6811.0
2023-04-10,BRG4,97.31,97.31,97.31,97.31,1,1,79357.57,97.36
2023-04-10,BRH4,99.69,99.69,99.69,99.69,2,2,162596.98,99.5
2023-04-10,BRJ4,95.0,97.93,95.0,97.93,2,2,157336.93,97.93
2023-04-10,BRK3,86.49,86.8,85.34,85.97,123567,39733,8688001297.11,85.99
2023-04-10,BRM3,86.62,86.95,85.59,86.29,6524,4573,460125474.86,86.28
2023-04-10,BRN3,87.01,87.32,86.24,86.6,226,138,15994435.89,86.6
2023-04-10,BRQ3,87.97,88.29,87.12,87.67,51,37,3651549.22,87.66
2023-04-10,BRU3,89.9,89.99,88.6,89.61,14,14,1021324.01,89.48
2023-04-10,BRV3,90.75,90.75,90.75,90.75,1,1,74007.8,90.75
2023-04-10,BRX3,94.37,94.43,93.01,93.01,8,7,612499.19,93.01
2023-04-10,CFM3,0.9089,0.9097,0.904,0.9097,12,6,983541.37,0.904
2023-04-10,CHM3,101538.0,104000.0,101271.0,103412.0,372,272,38340398.0,103698.0
2023-04-10,CNYRUBF,11.83,11.92,11.78,11.85,42590,2170,505011880.0,11.83
2023-04-10,CRH4,12.381,12.46,12.381,12.45,3,3,37291.0,12.45
2023-04-10,CRM3,11.87,11.981,11.83,11.901,2584726,91204,30800193502.0,11.899
2023-04-10,CRM4,12.655,12.71,12.655,12.71,3,3,38074.0,12.705
2023-04-10,CRU3,12.029,12.115,11.972,12.028,33978,3080,409401802.0,12.028
2023-04-10,CRU4,12.7,12.7,12.7,12.7,1,1,12700.0,12.717
2023-04-10,CRZ3,12.188,12.28,12.159,12.28,341,213,4158429.0,12.256
2023-04-10,CoJ3,9330.5,9330.5,8780.0,9218.0,4,4,298037.74,8964.5
2023-04-10,DXZ3,12505.0,12505.0,12504.0,12504.0,6,2,66655.97,12755.0
2023-04-10,EDM3,1.0859,1.0869,1.0753,1.077,72658,21667,6411158499.46,1.0768
2023-04-10,EDU3,1.0859,1.0869,1.076,1.0771,1178,671,104102558.93,1.0771
2023-04-10,EURRUBF,88.75,89.49,88.39,88.68,6828,3250,606557760.0,88.85
2023-04-10,EuM3,88088.0,88917.0,87401.0,87677.0,137220,41548,12076546311.0,87671.0
2023-04-10,EuU3,87851.0,88556.0,87080.0,87414.0,5254,2280,461656022.0,87400.0
2023-04-10,EuZ3,88873.0,88873.0,87900.0,88057.0,7,6,616777.0,88057.0
2023-04-10,FNM3,7605.0,7605.0,7605.0,7605.0,1,1,7605.0,7607.0
2023-04-10,FSM3,10260.0,10570.0,10218.0,10511.0,230,88,2397708.0,10512.0
2023-04-10,FSU3,10200.0,10200.0,10200.0,10200.0,1,1,10200.0,10267.0
2023-04-10,FVM3,14294.0,14606.0,14294.0,14590.0,1032,400,14910331.0,14568.0
2023-04-10,GDH4,2040.7,2059.5,2040.6,2046.9,40,25,6679622.37,2046.9
2023-04-10,GDM3,2007.9,2020.8,2000.0,2007.7,126255,38364,20702211941.22,2007.9
2023-04-10,GDU3,2017.3,2028.0,2007.7,2015.2,1343,1101,221054617.17,2015.8
2023-04-10,GDZ3,2028.3,2033.9,2016.9,2021.2,118,83,19505048.47,2021.2
2023-04-10,GKM3,15531.0,15669.0,15424.0,15626.0,18436,7092,286375221.0,15604.0
2023-04-10,GKU3,15505.0,15705.0,15436.0,15547.0,80,55,1242039.0,15493.0
2023-04-10,GKZ3,15770.0,16000.0,15700.0,15700.0,6,6,94997.0,15750.0
2023-04-10,GUM3,1.2466,1.2466,1.239,1.239,5,5,506270.46,1.238
2023-04-10,GZH4,18299.0,18434.0,18299.0,18342.0,8,6,146767.0,18342.0
2023-04-10,GZM3,17528.0,17739.0,17459.0,17677.0,64091,20574,1129809032.0,17666.0
2023-04-10,GZM4,18941.0,18941.0,18631.0,18631.0,7,7,131376.0,18645.0
2023-04-10,GZM5,20100.0,20100.0,20100.0,20100.0,1,1,20100.0,20100.0
2023-04-10,GZU3,17251.0,17470.0,17227.0,17369.0,1209,613,20956864.0,17364.0
2023-04-10,GZU4,19149.0,19149.0,19149.0,19149.0,1,1,19149.0,19149.0
2023-04-10,GZU5,19117.0,20087.0,19117.0,19401.0,9,9,176651.0,19401.0
2023-04-10,GZZ3,17755.0,17904.0,17755.0,17875.0,39,17,696594.0,17875.0
2023-04-10,GZZ4,19185.0,19185.0,19033.0,19033.0,6,6,114593.0,19033.0
2023-04-10,GZZ5,20495.0,20554.0,20050.0,20060.0,8,7,161838.0,20060.0
2023-04-10,HKH4,10.058,11.694,10.053,11.692,6,4,65249.0,11.019
2023-04-10,HKM3,10.342,10.393,10.294,10.375,229,41,2364831.0,10.375
2023-04-10,HKU3,10.508,10.62,10.508,10.57,8,4,84737.0,10.57
2023-04-10,HOM3,25650.0,25690.0,25650.0,25690.0,5,5,128330.0,25490.0
2023-04-10,HSM3,21440.0,21490.0,21284.0,21380.0,2429,195,5413847.87,21380.0
2023-04-10,HSU3,22439.0,22439.0,22230.0,22263.0,31,10,72009.42,22230.0
2023-04-10,HSZ3,22998.0,23332.0,22998.0,23314.0,14,7,33943.19,23314.0
2023-04-10,HYM3,8509.0,8613.0,8399.0,8500.0,1138,387,9675230.0,8511.0
2023-04-10,I2M3,0.9848,0.99,0.9848,0.99,7,2,68988.0,0.99
2023-04-10,IRM3,36412.0,37711.0,36412.0,37087.0,168,107,6220217.0,37070.0
2023-04-10,JPM3,132.19,133.9,132.19,133.7,45,32,3697260.35,133.7
2023-04-10,LKH4,46199.0,49901.0,46197.0,46586.0,121,63,5756075.0,46552.0
2023-04-10,LKM3,46644.0,47194.0,46644.0,47057.0,7519,4472,353409063.0,47093.0
2023-04-10,LKU3,44367.0,44876.0,44367.0,44670.0,235,149,10496797.0,44687.0
2023-04-10,LKZ3,44851.0,45612.0,44851.0,45600.0,10,10,454658.0,45600.0
2023-04-10,MCM3,15510.0,16470.0,15155.0,16071.0,2034,731,32505984.0,16410.0
2023-04-10,MCU3,16560.0,16560.0,16560.0,16560.0,17,3,281520.0,16560.0
2023-04-10,MEM3,10918.0,11055.0,10918.0,10971.0,2317,1296,25445393.0,10976.0
2023-04-10,MEU3,11128.0,11220.0,11128.0,11147.0,7,7,78209.0,11151.0
2023-04-10,MGM3,40649.0,41817.0,40494.0,41800.0,1297,840,53855648.0,41561.0
2023-04-10,MGU3,41490.0,42491.0,41487.0,42265.0,12,12,505243.0,42265.0
2023-04-10,MLM3,4670.0,4839.0,4670.0,4808.0,5753,1098,27465087.0,4801.0
2023-04-10,MLU3,4894.0,4906.0,4862.0,4862.0,6,4,29292.0,4888.0
2023-04-10,MMM3,2493.9,2537.7,2493.9,2535.05,67707,16173,1705305605.0,2534.2
2023-04-10,MMM4,2535.5,2569.6,2535.5,2569.6,12,9,305856.0,2569.6
2023-04-10,MMU3,2495.65,2530.0,2493.8,2529.1,922,315,23234814.5,2529.1
2023-04-10,MMZ3,2517.85,2540.0,2496.1,2527.0,43,31,1081227.5,2527.0
2023-04-10,MMZ4,2667.8,2716.15,2667.8,2716.15,2,2,53839.5,2715.9
2023-04-10,MNM3,4621.0,4656.0,4611.0,4632.0,6962,1573,32270326.0,4634.0
2023-04-10,MNU3,4589.0,4620.0,4589.0,4614.0,137,25,631884.0,4614.0
2023-04-10,MTM3,26089.0,26199.0,26054.0,26199.0,423,214,11062047.0,26142.0
2023-04-10,MTU3,24909.0,24909.0,24264.0,24264.0,3,3,73472.0,24302.0
2023-04-10,MTZ3,24669.0,25621.0,24520.0,25621.0,5,5,123850.0,25707.0
2023-04-10,MXM3,249725.0,253900.0,249600.0,253525.0,22624,14715,5704654700.0,253525.0
2023-04-10,MXU3,249850.0,253550.0,249800.0,253550.0,78,75,19677525.0,253400.0
2023-04-10,MXZ3,255000.0,255000.0,255000.0,255000.0,1,1,255000.0,256075.0
2023-04-10,N2M3,27508.0,28797.0,27507.0,28797.0,2510,13,4440159.27,28690.0
2023-04-10,NAM3,12981.0,12981.0,12819.0,12863.0,37163,4743,390464524.19,12869.0
2023-04-10,NAU3,12921.0,12928.0,12775.0,12829.0,214,97,2243123.9,12829.0
2023-04-10,NAZ3,12851.0,12851.0,12721.0,12789.0,19,16,198281.46,12789.0
2023-04-10,NGJ3,2.122,2.206,2.107,2.194,697485,99623,12307213485.52,2.193
2023-04-10,NGK3,2.392,2.479,2.381,2.458,37308,16339,739721949.87,2.457
2023-04-10,NGM3,2.771,2.87,2.76,2.823,7073,3116,162190155.29,2.825
2023-04-10,NGN3,2.955,3.022,2.95,2.976,293,120,7111012.11,2.976
2023-04-10,NGQ3,3.052,3.095,3.045,3.072,173,123,4319323.79,3.072
2023-04-10,NGU3,3.179,3.205,3.165,3.172,52,30,1352740.3,3.172
2023-04-10,NKM3,118375.0,121909.0,118348.0,121405.0,534,457,64321790.0,121674.0
2023-04-10,NKU3,120906.0,123244.0,120906.0,122045.0,11,11,1342427.0,122238.0
2023-04-10,NMM3,13136.0,13355.0,13099.0,13245.0,3342,1416,44235857.0,13238.0
2023-04-10,NMU3,13329.0,13473.0,13329.0,13356.0,14,11,187671.0,13385.0
2023-04-10,OGM3,6521.0,6571.0,6520.0,6520.0,5,5,32752.0,6521.0
2023-04-10,OZM3,17784.0,18051.0,17683.0,17951.0,1848,707,33066077.0,17932.0
2023-04-10,PDM3,1519.0,1528.97,1492.15,1496.0,235,138,28916811.85,1502.0
2023-04-10,PDU3,1595.0,1595.0,1575.0,1575.0,4,4,517370.16,1575.0
2023-04-10,PHM3,7251.0,7311.0,7241.0,7270.0,632,143,4607774.0,7270.0
2023-04-10,PHU3,7278.0,7278.0,7278.0,7278.0,1,1,7278.0,7278.0
2023-04-10,PIM3,6636.0,6740.0,6629.0,6698.0,259,62,1735805.0,6717.0
2023-04-10,POM3,5973.0,6259.0,5941.0,6211.0,20975,3431,128886129.0,6227.0
2023-04-10,POU3,6065.0,6338.0,6055.0,6314.0,83,73,516428.0,6319.0
2023-04-10,PSM3,1723.0,1740.0,1720.0,1728.0,633,88,1091259.0,1725.0
2023-04-10,PTM3,1023.7,1034.5,1012.3,1014.0,273,187,22756360.01,1014.0
2023-04-10,PTU3,1050.7,1050.7,1050.7,1050.7,1,1,85685.95,1047.5
2023-04-10,PTZ3,1061.2,1061.2,1061.2,1061.2,1,1,86542.24,1064.3
2023-04-10,PZM3,96385.0,97059.0,95660.0,96958.0,318,240,30689169.0,96501.0
2023-04-10,RIH4,99500.0,100440.0,99500.0,100440.0,2,2,326108.14,100440.0
2023-04-10,RIM3,97420.0,98940.0,97270.0,98700.0,108334,64743,17351295393.73,98660.0
2023-04-10,RIU3,98050.0,99280.0,98000.0,99070.0,208,188,33477461.49,99070.0
2023-04-10,RIZ3,98810.0,99240.0,98110.0,99240.0,13,13,2095547.33,99250.0
2023-04-10,RLM3,4162.0,4280.0,4136.0,4253.0,4429,876,18704677.0,4259.0
2023-04-10,RLU3,4332.0,4332.0,4332.0,4332.0,2,1,8664.0,4339.0
2023-04-10,RMH4,956.5,956.5,956.5,956.5,1,1,15600.76,1011.0
2023-04-10,RMM3,974.0,989.0,974.0,986.0,20237,5710,323869305.89,986.0
2023-04-10,RMU3,980.0,993.5,980.0,988.5,353,115,5676688.55,989.5
2023-04-10,RMZ3,1003.0,1003.0,1003.0,1003.0,1,1,16359.19,1006.5
2023-04-10,RNM3,38854.0,39500.0,38729.0,39110.0,2125,1285,83313795.0,39186.0
2023-04-10,RNM4,39889.0,39889.0,38701.0,38701.0,5,5,196256.0,38800.0
2023-04-10,RNU3,39125.0,39609.0,39125.0,39394.0,38,30,1499387.0,39394.0
2023-04-10,RNU4,40100.0,40100.0,39402.0,39402.0,2,2,79502.0,39401.0
2023-04-10,RNZ3,39689.0,39690.0,39689.0,39690.0,2,2,79379.0,39690.0
2023-04-10,RNZ4,40099.0,40099.0,40099.0,40099.0,1,1,40099.0,40098.0
2023-04-10,RTM3,6180.0,6290.0,6160.0,6277.0,389,89,2424115.0,6270.0
2023-04-10,RTU3,6252.0,6252.0,6252.0,6252.0,1,1,6252.0,6252.0
2023-04-10,SAK3,39.4,40.34,38.72,39.04,13,13,516757.92,39.31
2023-04-10,SEM3,1520.0,1550.0,1519.0,1542.0,45,16,68970.0,1542.0
2023-04-10,SEU3,1670.0,1670.0,1670.0,1670.0,3,2,5010.0,1670.0
2023-04-10,SFH4,405.0,405.0,405.0,405.0,1,1,33028.16,404.99
2023-04-10,SFM3,407.44,407.6,404.25,406.13,39338,7213,1302095098.13,406.08
2023-04-10,SFU3,405.08,405.1,401.83,403.48,796,270,26202810.73,403.55
2023-04-10,SFZ3,404.79,407.18,402.04,402.9,30,22,988202.38,402.9
2023-04-10,SGM3,34829.0,35097.0,34433.0,34830.0,673,486,23418767.0,34759.0
2023-04-10,SLJ3,74.45,74.45,74.45,74.45,5,2,37225.0,80.22
2023-04-10,SNM3,25429.0,25739.0,25264.0,25452.0,2896,1277,73928608.0,25453.0
2023-04-10,SOM3,4900.0,4951.0,4863.0,4951.0,416,64,2043242.0,4951.0
2023-04-10,SOU3,4850.0,4969.0,4850.0,4969.0,2,2,9819.0,5068.0
2023-04-10,SPM3,19840.0,20557.0,19774.0,20465.0,14404,6486,291688932.0,20478.0
2023-04-10,SPU3,20087.0,20644.0,20083.0,20598.0,229,200,4667464.0,20603.0
2023-04-10,SRH4,21145.0,21705.0,21143.0,21283.0,129,74,2746596.0,21296.0
2023-04-10,SRM3,19883.0,20745.0,19833.0,20635.0,475143,103224,9686888555.0,20661.0
2023-04-10,SRU3,20162.0,21001.0,20111.0,20930.0,6364,2464,131833412.0,20933.0
2023-04-10,SRZ3,20511.0,21231.0,20503.0,21150.0,303,183,6347716.0,21150.0
2023-04-10,SSM3,2646.0,2703.0,2643.0,2666.0,839,106,2239571.0,2668.0
2023-04-10,SVH4,25.92,26.19,25.92,26.19,9,4,190634.32,26.19
2023-04-10,SVM3,24.85,25.17,24.75,24.91,65121,10667,1325134620.59,24.9
2023-04-10,SVU3,25.05,25.41,25.0,25.23,1669,797,34345875.93,25.19
2023-04-10,SVZ3,25.25,25.62,25.25,25.37,106,50,2193917.49,25.37
2023-04-10,SXM3,4249.9,4249.9,4227.8,4240.0,233,23,878587.5,4240.0
2023-04-10,SXU3,4130.0,4130.0,4122.8,4122.8,2,2,7331.79,4122.8
2023-04-10,SXZ3,4229.9,4230.0,3982.1,3982.1,11,8,40036.1,4196.2
2023-04-10,SiH4,81804.0,81981.0,81055.0,81169.0,90,77,7336467.0,81169.0
2023-04-10,SiH5,85496.0,85496.0,85496.0,85496.0,1,1,85496.0,85496.0
2023-04-10,SiM3,81048.0,81745.0,80613.0,81207.0,1716295,368841,139360364019.0,81233.0
2023-04-10,SiM4,82799.0,83500.0,81804.0,82299.0,27,23,2224681.0,82299.0
2023-04-10,SiU3,80837.0,81549.0,80457.0,81131.0,35388,15684,2868710578.0,81131.0
2023-04-10,SiU4,82158.0,83116.0,81901.0,82371.0,20,15,1645976.0,82371.0
2023-04-10,SiZ3,81008.0,81842.0,80894.0,81384.0,942,527,76608112.0,81360.0
2023-04-10,SiZ4,83924.0,83924.0,83924.0,83924.0,1,1,83924.0,83924.0
2023-04-10,TIM3,26036.0,27808.0,26035.0,27751.0,3040,1192,82881788.0,27638.0
2023-04-10,TIU3,27734.0,28262.0,27590.0,28262.0,7,6,195352.0,28042.0
2023-04-10,TNM3,122500.0,127000.0,122500.0,125700.0,38,35,4761053.0,123903.0
2023-04-10,TTM3,39820.0,40873.0,39742.0,40615.0,1215,717,49178496.0,40690.0
2023-04-10,TTU3,39294.0,40431.0,39294.0,40393.0,23,22,917522.0,40393.0
2023-04-10,TTZ3,40500.0,40500.0,40500.0,40500.0,1,1,40500.0,40600.0
2023-04-10,TYH4,4.18,4.181,3.303,3.716,35,12,134022.0,3.882
2023-04-10,TYM3,4.107,4.163,4.075,4.127,329,48,1357097.0,4.127
2023-04-10,TYU3,4.0,4.0,4.0,4.0,1,1,4000.0,4.0
2023-04-10,UCM3,6.829,6.848,6.802,6.84,9805,3768,791842669.34,6.84
2023-04-10,USDRUBF,81.01,82.02,80.9,81.56,78197,13995,6380689670.0,81.55
2023-04-10,VBM3,1899.0,1930.0,1896.0,1918.0,203368,9705,389777493.0,1916.0
2023-04-10,VBU3,1906.0,1937.0,1901.0,1929.0,4230,464,8146101.0,1932.0
2023-04-10,VBZ3,1996.0,1996.0,1983.0,1983.0,3,2,5975.0,1983.0
2023-04-10,VIJ3,36.0,36.0,35.4,36.0,7,5,40718.55,36.0
2023-04-10,W4J3,13680.0,13680.0,13580.0,13660.0,3,3,40920.0,13660.0
2023-04-10,W4K3,13860.0,13890.0,13850.0,13850.0,11,8,152550.0,13850.0
2023-04-10,W4M3,14050.0,14050.0,13970.0,13970.0,7,7,98010.0,13990.0
2023-04-10,YNM3,19490.0,20250.0,19428.0,20249.0,13630,4793,272296206.0,20206.0
2023-04-10,YNU3,19869.0,20630.0,19855.0,20610.0,480,279,9799361.0,20598.0
2023-04-10,YNZ3,21023.0,21023.0,21023.0,21023.0,1,1,21023.0,21023.0
2023-04-11,AEM3,22.33,22.57,22.308,22.41,796,53,17897205.0,22.44
2023-04-11,AFM3,3497.0,3516.0,3373.0,3403.0,17720,2048,61061490.0,3412.0
2023-04-11,AFU3,3481.0,3505.0,3398.0,3422.0,644,202,2220161.0,3421.0
2023-04-11,AFZ3,3403.0,3403.0,3403.0,3403.0,2,1,6806.0,3403.0
2023-04-11,AKM3,15295.0,15349.0,14547.0,14800.0,1934,645,28872879.0,14800.0
2023-04-11,AKU3,15252.0,15252.0,15252.0,15252.0,1,1,15252.0,15018.0
2023-04-11,ALM3,6878.0,6967.0,6731.0,6756.0,13509,2513,92878898.0,6780.0
2023-04-11,ALU3,6856.0,6930.0,6700.0,6750.0,193,98,1313452.0,6703.0
2023-04-11,ALZ3,6882.0,6961.0,6801.0,6801.0,18,14,123695.0,6801.0
2023-04-11,AUM3,0.6707,0.6707,0.6707,0.6707,1,1,55007.73,0.6707
2023-04-11,BRF4,95.0,95.0,95.0,95.0,1,1,77914.63,95.0
2023-04-11,BRG4,97.43,97.43,97.43,97.43,1,1,79907.6,97.43
2023-04-11,BRK3,85.85,86.3,84.52,85.69,180541,57251,12636153025.62,85.68
2023-04-11,BRM3,86.16,86.59,85.0,86.22,6831,5620,480728927.4,86.21
2023-04-11,BRN3,86.56,87.02,85.69,86.86,410,179,28972506.15,86.86
2023-04-11,BRQ3,87.42,88.3,87.03,88.3,100,69,7176134.52,88.28
2023-04-11,BRU3,89.11,89.68,88.5,89.14,14,14,1021034.32,89.22
2023-04-11,BRV3,90.65,90.65,90.13,90.13,4,4,296485.67,90.44
2023-04-11,BRZ3,94.55,94.55,94.55,94.55,1,1,77545.56,94.18
2023-04-11,CFM3,0.9038,0.9038,0.9035,0.9035,3,2,246430.59,0.9023
2023-04-11,CHM3,103650.0,104445.0,102698.0,102700.0,250,185,25916601.0,102701.0
2023-04-11,CHU3,105854.0,105854.0,105854.0,105854.0,1,1,105854.0,104779.0
2023-04-11,CNYRUBF,11.85,11.99,11.85,11.92,31251,1411,372822700.0,11.91
2023-04-11,CRH4,12.479,12.48,12.476,12.476,3,3,37435.0,12.476
2023-04-11,CRM3,11.898,12.053,11.895,11.984,2204956,63410,26428358011.0,11.983
2023-04-11,CRM4,12.705,12.77,12.45,12.77,15,14,190114.0,12.72
2023-04-11,CRU3,12.027,12.11,12.027,12.057,76783,4183,926251893.0,12.057
2023-04-11,CRU4,12.613,12.613,12.613,12.613,1,1,12613.0,12.795
2023-04-11,CRZ3,12.275,12.28,12.2,12.222,45,15,551232.0,12.222
2023-04-11,CoJ3,8905.5,9319.5,8905.0,9319.5,4,3,298942.02,8994.5
2023-04-11,DXM3,13124.0,13124.0,12932.0,12932.0,135,6,1569824.06,12932.0
2023-04-11,DXU3,12650.0,12650.0,12650.0,12650.0,1,1,11332.5,12860.0
2023-04-11,DXZ3,12814.0,12815.0,12814.0,12815.0,5,2,57400.7,12798.0
2023-04-11,EDM3,1.0772,1.0855,1.0766,1.0833,46336,13763,4112204509.08,1.0832
2023-04-11,EDU3,1.0778,1.0855,1.0778,1.0833,3088,1302,274373073.26,1.0832
2023-04-11,EURRUBF,88.52,90.11,88.5,89.59,3664,1690,328115230.0,89.58
2023-04-11,EuM3,87651.0,89488.0,87611.0,88979.0,106590,30911,9476737770.0,88990.0
2023-04-11,EuU3,87345.0,89218.0,87345.0,88900.0,13383,3797,1189678132.0,88900.0
2023-04-11,EuZ3,88389.0,88389.0,88389.0,88389.0,1,1,88389.0,89232.0
2023-04-11,FSM3,10512.0,11111.0,10363.0,10670.0,1312,334,14144991.0,10670.0
2023-04-11,FSU3,10700.0,10733.0,10650.0,10701.0,16,5,171026.0,10701.0
2023-04-11,FVM3,14581.0,14897.0,14333.0,14425.0,2861,1027,41865520.0,14530.0
2023-04-11,FVU3,14820.0,14820.0,14600.0,14600.0,2,2,29420.0,14651.0
2023-04-11,GDH4,2052.8,2059.0,2050.0,2058.0,12,8,2022516.17,2058.0
2023-04-11,GDM3,2008.0,2026.0,2005.4,2022.1,105323,33872,17434763945.68,2022.0
2023-04-11,GDU3,2015.8,2033.2,2012.6,2029.1,2748,1694,456846618.38,2029.9
2023-04-11,GDZ3,2023.3,2038.3,2022.9,2035.4,86,62,14332051.72,2037.0
2023-04-11,GKM3,15614.0,15810.0,15330.0,15365.0,20771,7485,323059382.0,15392.0
2023-04-11,GKU3,15560.0,15680.0,15410.0,15416.0,151,91,2343991.0,15417.0
2023-04-11,GKZ3,16000.0,16000.0,15743.0,15743.0,2,2,31743.0,15743.0
2023-04-11,GOM3,5988.8,5988.8,5988.8,5988.8,3,3,179664.0,5911.6
2023-04-11,GUM3,1.238,1.2479,1.238,1.2459,10,10,1019295.6,1.2459
2023-04-11,GZH4,18514.0,19038.0,18514.0,18608.0,14,11,261748.0,18650.0
2023-04-11,GZH5,19799.0,19800.0,19799.0,19800.0,2,2,39599.0,19800.0
2023-04-11,GZM3,17673.0,18500.0,17670.0,17875.0,329784,75675,5965994355.0,17904.0
2023-04-11,GZM4,18909.0,19497.0,18801.0,19497.0,69,38,1323117.0,19489.0
2023-04-11,GZM5,20200.0,20200.0,20200.0,20200.0,1,1,20200.0,20200.0
2023-04-11,GZU3,17372.0,18095.0,17361.0,17506.0,4175,2142,74002479.0,17552.0
2023-04-11,GZU4,19199.0,19448.0,19150.0,19448.0,10,7,192584.0,19344.0
2023-04-11,GZU5,19605.0,19608.0,19588.0,19608.0,14,7,274430.0,19608.0
2023-04-11,GZZ3,17955.0,18857.0,17933.0,17990.0,127,49,2350320.0,18148.0
2023-04-11,GZZ4,19700.0,19959.0,19285.0,19893.0,6,6,118111.0,19776.0
2023-04-11,GZZ5,20500.0,20500.0,20041.0,20059.0,9,8,181392.0,20546.0
2023-04-11,HKH4,10.054,11.694,10.054,10.054,4,4,43495.0,10.966
2023-04-11,HKM3,10.352,10.593,10.032,10.451,130,45,1348133.0,10.451
2023-04-11,HKU3,10.601,10.9,10.302,10.661,25,13,266146.0,10.98
2023-04-11,HSM3,21381.0,21432.0,20861.0,21022.0,10561,645,23318064.66,21022.0
2023-04-11,HSU3,22193.0,23521.0,21114.0,21524.0,310,73,712332.16,21524.0
2023-04-11,HSZ3,22722.0,23290.0,22116.0,23261.0,73,14,170991.13,22119.0
2023-04-11,HYM3,8501.0,8524.0,8351.0,8445.0,655,195,5514723.0,8383.0
2023-04-11,HYU3,8300.0,8300.0,8300.0,8300.0,5,2,41500.0,8300.0
2023-04-11,I2M3,0.9897,1.0,0.9897,0.995,6,5,59561.0,0.995
2023-04-11,I2Z3,1.1099,1.1099,1.1099,1.1099,1,1,11099.0,1.0266
2023-04-11,IRM3,37206.0,37452.0,36662.0,36662.0,163,86,6034158.0,36967.0
2023-04-11,JPM3,133.53,134.36,133.06,133.5,22,20,1811225.59,133.5
2023-04-11,LKH4,47104.0,49301.0,46568.0,46568.0,56,29,2704922.0,46570.0
2023-04-11,LKM3,47079.0,47486.0,46153.0,46950.0,11658,6219,548931899.0,46899.0
2023-04-11,LKU3,44723.0,45027.0,43979.0,44709.0,376,256,16790745.0,44767.0
2023-04-11,LKZ3,45600.0,46600.0,44611.0,44799.0,43,32,1947393.0,44799.0
2023-04-11,MCM3,16370.0,17148.0,16226.0,16606.0,1986,813,33148477.0,16630.0
2023-04-11,MCU3,20254.0,20254.0,16921.0,17723.0,7,5,125628.0,17705.0
2023-04-11,MEM3,10985.0,10995.0,10856.0,10900.0,2963,1475,32333642.0,10865.0
2023-04-11,MEU3,11155.0,11155.0,11052.0,11059.0,10,7,110954.0,11046.0
2023-04-11,MGM3,41673.0,42300.0,40512.0,41249.0,1593,861,65942633.0,41250.0
2023-04-11,MGU3,42713.0,42713.0,41500.0,41817.0,8,8,335798.0,41935.0
2023-04-11,MLM3,4807.0,4905.0,4721.0,4764.0,7342,1696,35461658.0,4756.0
2023-04-11,MLU3,4923.0,4941.0,4850.0,4882.0,225,53,1103850.0,4871.0
2023-04-11,MMH4,2570.0,2570.0,2570.0,2570.0,1,1,25700.0,2570.0
2023-04-11,MMM3,2534.3,2562.0,2508.4,2515.25,105379,24761,2671262915.5,2515.85
2023-04-11,MMM4,2580.8,2587.2,2546.3,2549.05,27,10,692779.5,2549.05
2023-04-11,MMU3,2529.4,2555.45,2505.15,2515.0,740,373,18752886.5,2515.0
2023-04-11,MMU4,2572.1,2572.15,2521.05,2521.05,29,12,732933.0,2521.05
2023-04-11,MMU5,2879.65,2879.65,2758.6,2857.3,4,4,113752.0,2860.9
2023-04-11,MMZ3,2524.05,2579.8,2524.05,2525.5,28,19,712524.5,2525.5
2023-04-11,MMZ4,2718.2,2718.2,2718.2,2718.2,1,1,27182.0,2718.2
2023-04-11,MMZ5,2880.3,2880.3,2880.3,2880.3,1,1,28803.0,2863.45
2023-04-11,MNM3,4645.0,4686.0,4577.0,4610.0,13709,3678,63485366.0,4589.0
2023-04-11,MNU3,4619.0,4650.0,4566.0,4575.0,237,75,1092810.0,4581.0
2023-04-11,MTM3,26198.0,26659.0,26050.0,26151.0,2487,1122,65305044.0,26239.0
2023-04-11,MTU3,24400.0,25110.0,24400.0,24701.0,7,7,173789.0,24701.0
2023-04-11,MXM3,253450.0,256250.0,251025.0,251775.0,35917,23237,9114585050.0,251700.0
2023-04-11,MXU3,253650.0,256000.0,250950.0,251500.0,60,56,15242400.0,251525.0
2023-04-11,MXZ3,258300.0,258300.0,255300.0,255300.0,9,7,2317150.0,255300.0
2023-04-11,N2H4,30453.0,30453.0,30453.0,30453.0,1,1,1875.9,29555.0
2023-04-11,N2M3,27342.0,28969.0,27342.0,28894.0,130,14,231030.39,28894.0
2023-04-11,N2Z3,30509.0,30509.0,30509.0,30509.0,1,1,1879.35,30143.0
2023-04-11,NAM3,12850.0,12991.0,12805.0,12909.0,43944,5141,465881728.99,12887.0
2023-04-11,NAU3,12779.0,12933.0,12779.0,12868.0,294,125,3106358.05,12868.0
2023-04-11,NAZ3,12847.0,12896.0,12785.0,12817.0,47,13,496668.74,12817.0
2023-04-11,NGJ3,2.195,2.293,2.195,2.259,1287898,189762,23634583260.12,2.256
2023-04-11,NGK3,2.462,2.541,2.459,2.499,68306,36376,1396788608.5,2.497
2023-04-11,NGM3,2.827,2.868,2.8,2.83,9159,4185,213088378.61,2.83
2023-04-11,NGN3,2.993,3.063,2.964,2.995,489,214,12046495.45,2.994
2023-04-11,NGQ3,3.072,3.114,3.062,3.08,355,181,8972295.84,3.08
2023-04-11,NGU3,3.2,3.269,3.168,3.2,45,40,1185081.52,3.2
2023-04-11,NKM3,121377.0,122479.0,118500.0,118700.0,411,386,49465024.0,118698.0
2023-04-11,NKU3,121001.0,121001.0,121001.0,121001.0,2,2,242002.0,121001.0
2023-04-11,NMM3,13250.0,13398.0,12981.0,13036.0,3699,1281,48684232.0,13038.0
2023-04-11,NMU3,13475.0,13508.0,13300.0,13300.0,36,14,485287.0,13272.0
2023-04-11,OGM3,6362.0,6450.0,6361.0,6361.0,4,4,25535.0,6521.0
2023-04-11,OZM3,17962.0,18189.0,17266.0,17500.0,3196,1193,56623594.0,17494.0
2023-04-11,PDM3,1495.0,1521.0,1485.57,1516.0,608,302,74860607.69,1516.0
2023-04-11,PDU3,1571.94,1587.21,1571.94,1587.21,4,4,517836.97,1587.21
2023-04-11,PHM3,7261.0,7299.0,7166.0,7205.0,698,159,5049793.0,7205.0
2023-04-11,PIM3,6698.0,6830.0,6665.0,6691.0,545,195,3680256.0,6695.0
2023-04-11,POM3,6228.0,6695.0,6226.0,6510.0,53114,9207,345390921.0,6506.0
2023-04-11,POU3,6339.0,6760.0,6339.0,6590.0,320,188,2107587.0,6598.0
2023-04-11,PSM3,1729.0,1750.0,1716.0,1723.0,1689,183,2920187.0,1724.0
2023-04-11,PSU3,1840.0,1840.0,1840.0,1840.0,1,1,1840.0,1830.0
2023-04-11,PTM3,1014.2,1027.0,1013.1,1020.7,279,170,23312557.66,1020.7
2023-04-11,PTU3,1045.2,1045.2,1045.2,1045.2,1,1,85722.5,1045.7
2023-04-11,PZM3,96600.0,99000.0,95999.0,96821.0,877,700,85744961.0,96956.0
2023-04-11,RIH4,101280.0,101280.0,100760.0,100760.0,2,2,331408.24,100220.0
2023-04-11,RIM3,98550.0,99250.0,96670.0,97130.0,131998,81370,21231063745.59,97100.0
2023-04-11,RIU3,99200.0,99580.0,97200.0,97530.0,315,302,50851545.71,97530.0
2023-04-11,RIZ3,99850.0,99850.0,98000.0,98040.0,14,14,2273026.78,98040.0
2023-04-11,RIZ4,98840.0,98840.0,98840.0,98840.0,1,1,162128.24,105010.0
2023-04-11,RLM3,4253.0,4356.0,4194.0,4272.0,5412,993,23161739.0,4262.0
2023-04-11,RLU3,4411.0,4411.0,4046.0,4336.0,4,3,17204.0,4336.0
2023-04-11,RMM3,986.0,992.5,967.5,971.5,22346,6987,359374459.39,972.0
2023-04-11,RMU3,990.5,996.5,974.0,977.0,872,185,14084447.06,977.0
2023-04-11,RMZ3,986.5,998.5,986.5,998.5,2,2,32560.12,998.5
2023-04-11,RNH4,39007.0,39815.0,36084.0,39000.0,9,9,347703.0,39623.0
2023-04-11,RNM3,39202.0,39479.0,38321.0,38425.0,2908,1878,113082786.0,38500.0
2023-04-11,RNM4,38702.0,42501.0,38702.0,39555.0,36,22,1478693.0,40402.0
2023-04-11,RNU3,39402.0,39981.0,38676.0,38774.0,211,149,8317279.0,38880.0
2023-04-11,RNU4,39345.0,39345.0,34199.0,38791.0,98,74,3641798.0,38794.0
2023-04-11,RNZ3,40100.0,42500.0,39400.0,39402.0,136,64,5578993.0,40001.0
2023-04-11,RNZ4,39496.0,40877.0,39494.0,39599.0,14,13,559993.0,39603.0
2023-04-11,RTM3,6276.0,6324.0,6151.0,6210.0,474,148,2965763.0,6206.0
2023-04-11,RTU3,6112.0,6112.0,6112.0,6112.0,3,1,18336.0,6112.0
2023-04-11,SAK3,40.74,43.75,40.71,42.6,26,18,1124092.24,41.34
2023-04-11,SFH4,404.99,408.7,404.99,408.7,15,8,498775.0,407.0
2023-04-11,SFM3,405.05,408.8,404.6,407.72,46158,8617,1542751773.42,407.77
2023-04-11,SFU3,402.31,406.28,402.31,405.28,974,376,32376593.22,405.28
2023-04-11,SFZ3,404.03,406.95,403.35,405.1,68,45,2260369.5,405.1
2023-04-11,SGM3,34851.0,35306.0,34365.0,34657.0,568,381,19795304.0,34657.0
2023-04-11,SGU3,32900.0,33478.0,32900.0,33478.0,2,2,66378.0,32932.0
2023-04-11,SNM3,25480.0,26176.0,25041.0,25220.0,4107,2218,105114339.0,25289.0
2023-04-11,SOM3,4953.0,4970.0,4863.0,4888.0,900,162,4443262.0,4888.0
2023-04-11,SPM3,20453.0,20664.0,20062.0,20123.0,15429,6643,314650374.0,20123.0
2023-04-11,SPU3,20637.0,20775.0,20257.0,20318.0,79,73,1623207.0,20306.0
2023-04-11,SRH4,21443.0,21665.0,21169.0,21169.0,140,84,2991864.0,21169.0
2023-04-11,SRM3,20635.0,20868.0,20160.0,20230.0,526879,113947,10817745204.0,20212.0
2023-04-11,SRU3,20927.0,21135.0,20462.0,20548.0,6925,2772,144137356.0,20526.0
2023-04-11,SRZ3,21104.0,21773.0,20850.0,20850.0,549,242,11678307.0,20889.0
2023-04-11,SSM3,2669.0,2703.0,2581.0,2620.0,2262,282,5967121.0,2621.0
2023-04-11,SVH4,26.27,26.27,25.91,25.91,32,12,684763.04,25.91
2023-04-11,SVM3,24.89,25.22,24.86,25.21,54445,9305,1121054420.31,25.21
2023-04-11,SVU3,25.14,25.49,25.14,25.47,1462,595,30455901.01,25.47
2023-04-11,SVZ3,25.42,26.2,25.38,25.78,149,72,3155050.43,25.78
2023-04-11,SXM3,4249.6,4292.9,4233.3,4280.0,263,26,1009609.94,4285.0
2023-04-11,SXU3,4159.5,4170.0,4159.5,4170.0,2,2,7461.57,4170.0
2023-04-11,SXZ3,4203.9,4345.0,3985.1,4200.0,50,24,185935.77,4190.0
2023-04-11,SiH4,81894.0,82201.0,81198.0,82002.0,46,39,3765825.0,82002.0
2023-04-11,SiH5,84741.0,85500.0,84741.0,85500.0,3,3,255740.0,85500.0
2023-04-11,SiM3,81241.0,82450.0,81159.0,81934.0,948025,257692,77629268529.0,81953.0
2023-04-11,SiM4,82719.0,83300.0,82591.0,82865.0,20,16,1659080.0,82867.0
2023-04-11,SiU3,81080.0,82244.0,81080.0,81840.0,14688,8727,1201654313.0,81849.0
2023-04-11,SiU4,82501.0,82501.0,82501.0,82501.0,1,1,82501.0,82501.0
2023-04-11,SiZ3,81377.0,82379.0,81377.0,82000.0,583,364,47729339.0,82000.0
2023-04-11,SiZ4,84391.0,84500.0,84391.0,84500.0,2,2,168891.0,84500.0
2023-04-11,TIM3,27693.0,28034.0,26431.0,26760.0,2264,1047,61651678.0,26785.0
2023-04-11,TIU3,28231.0,28231.0,27100.0,27100.0,7,7,192827.0,27099.0
2023-04-11,TNM3,125700.0,127645.0,120661.0,121619.0,36,33,4456670.0,121619.0
2023-04-11,TRM3,19.85,19.8795,19.85,19.85,25,3,2118575.0,19.85
2023-04-11,TTM3,40690.0,40850.0,39527.0,39843.0,1617,861,64994607.0,39800.0
2023-04-11,TTU3,40436.0,40436.0,38918.0,38918.0,52,39,2069057.0,38918.0
2023-04-11,TYM3,4.132,4.206,4.132,4.159,928,52,3882405.0,4.159
2023-04-11,TYU3,4.009,4.009,3.928,3.928,8,8,31764.0,3.928
2023-04-11,TYZ3,4.15,4.15,3.751,3.751,2,2,7901.0,3.837
2023-04-11,UCM3,6.836,6.856,6.83,6.85,2993,1642,243972908.17,6.85
2023-04-11,USDRUBF,81.55,82.62,81.3,82.06,33175,7330,2725521710.0,82.02
2023-04-11,VBM3,1920.0,1939.0,1857.0,1883.0,273055,18669,519404546.0,1882.0
2023-04-11,VBU3,1933.0,1950.0,1875.0,1894.0,4428,638,8470060.0,1894.0
2023-04-11,VBZ3,1984.0,1997.0,1946.0,1962.0,20,18,39392.0,1960.0
2023-04-11,VIJ3,36.0,36.0,34.8,34.8,11,10,64127.85,34.95
2023-04-11,VIK3,42.8,42.8,42.8,42.8,1,1,7020.52,37.2
2023-04-11,W4J3,13610.0,13620.0,13540.0,13620.0,6,6,81560.0,13620.0
2023-04-11,W4K3,13790.0,13790.0,13750.0,13750.0,4,3,55120.0,13750.0
2023-04-11,W4M3,13970.0,14080.0,13930.0,13930.0,1501,14,21018100.0,13940.0
2023-04-11,W4U3,14660.0,14680.0,14660.0,14680.0,5,2,73380.0,14680.0
2023-04-11,YNM3,20217.0,20535.0,19557.0,19774.0,13915,4678,279443734.0,19726.0
2023-04-11,YNU3,20614.0,20890.0,20000.0,20100.0,355,246,7287504.0,20100.0
2023-04-11,YNZ3,21033.0,21033.0,20700.0,20700.0,4,4,83466.0,20700.0
2023-04-12,AEM3,22.5,22.54,22.297,22.319,2770,78,62013191.0,22.36
2023-04-12,AFM3,3409.0,3487.0,3401.0,3450.0,7146,1074,24620090.0,3456.0
2023-04-12,AFU3,3409.0,3490.0,3367.0,3466.0,537,137,1839014.0,3466.0
2023-04-12,AFZ3,3499.0,3500.0,3433.0,3471.0,7,6,24392.0,3471.0
2023-04-12,AKM3,14830.0,14841.0,14601.0,14700.0,1059,240,15575023.0,14742.0
2023-04-12,ALM3,6776.0,6853.0,6700.0,6758.0,7732,1898,52281111.0,6750.0
2023-04-12,ALU3,6775.0,6823.0,6680.0,6730.0,163,81,1100498.0,6730.0
2023-04-12,ALZ3,6849.0,6857.0,6838.0,6839.0,14,8,95780.0,6839.0
2023-04-12,AUM3,0.664,0.6695,0.664,0.6695,2,2,109332.46,0.6695
2023-04-12,BRF4,95.5,95.5,95.5,95.5,1,1,78299.59,95.5
2023-04-12,BRG4,97.72,98.12,97.72,98.12,2,2,160567.45,98.12
2023-04-12,BRH4,99.67,99.67,99.67,99.67,2,2,163437.08,99.67
2023-04-12,BRK3,85.69,87.68,85.57,87.32,176636,58382,12558761062.39,87.33
2023-04-12,BRM3,86.15,88.03,86.11,87.72,9438,7084,673751118.89,87.76
2023-04-12,BRN3,86.67,88.15,86.67,87.83,513,300,36735872.34,87.83
2023-04-12,BRQ3,88.11,89.13,88.0,89.0,145,95,10539313.39,88.99
2023-04-12,BRU3,90.3,90.3,89.77,90.15,32,30,2363901.51,90.15
2023-04-12,BRV3,90.6,92.5,90.6,92.5,3,3,225961.96,92.3
2023-04-12,BRX3,93.5,93.5,93.5,93.5,3,3,229979.43,93.5
2023-04-12,BRZ3,94.28,94.28,93.48,93.48,6,6,461319.87,93.48
2023-04-12,CFM3,0.8856,0.9099,0.8855,0.8958,21,6,1705259.9,0.8955
2023-04-12,CHM3,102703.0,103818.0,101765.0,102561.0,213,164,21898205.0,102834.0
2023-04-12,CHU3,103800.0,104398.0,103800.0,104398.0,2,2,208198.0,104398.0
2023-04-12,CNYRUBF,11.93,11.97,11.88,11.9,21771,1058,259700170.0,11.89
2023-04-12,CRH4,12.402,12.402,12.165,12.4,315,14,3862337.0,12.399
2023-04-12,CRM3,11.975,12.037,11.926,11.953,1847053,53920,22118425524.0,11.953
2023-04-12,CRM4,12.73,12.75,12.6,12.6,6,6,76290.0,12.6
2023-04-12,CRU3,12.063,12.114,12.006,12.032,12796,1499,154340647.0,12.032
2023-04-12,CRZ3,12.27,12.27,12.001,12.101,280,15,3395685.0,12.157
2023-04-12,DXM3,13026.0,13114.0,13010.0,13010.0,134,8,1570847.97,13010.0
2023-04-12,DXZ3,12506.0,12506.0,12506.0,12506.0,1,1,11249.52,12550.0
2023-04-12,EDM3,1.083,1.0914,1.0822,1.0893,43933,10911,3914563749.12,1.0894
2023-04-12,EDU3,1.0829,1.09,1.0824,1.0882,2065,1026,183683688.17,1.0883
2023-04-12,EDZ3,1.0728,1.1059,1.0728,1.1059,2,2,178629.66,1.0791
2023-04-12,EURRUBF,89.44,90.33,89.41,89.76,1982,1054,178057590.0,89.96
2023-04-12,EuM3,88923.0,89725.0,88799.0,89261.0,63687,19356,5683991067.0,89268.0
2023-04-12,EuU3,88850.0,89457.0,88761.0,89046.0,5803,2061,516520172.0,89046.0
2023-04-12,EuZ3,89810.0,90682.0,89616.0,89616.0,8,5,720209.0,89616.0
2023-04-12,FSM3,10580.0,10764.0,10347.0,10461.0,663,142,6944689.0,10461.0
2023-04-12,FSU3,10529.0,10530.0,10529.0,10530.0,2,2,21059.0,10530.0
2023-04-12,FVM3,14464.0,14692.0,14410.0,14577.0,942,402,13726366.0,14583.0
2023-04-12,GDH4,2056.2,2072.4,2055.0,2059.4,21,17,3552399.13,2059.4
2023-04-12,GDM3,2022.1,2040.9,2017.0,2021.9,177817,51408,29563756635.81,2021.3
2023-04-12,GDU3,2031.4,2047.8,2025.0,2028.8,2020,1443,337138646.15,2028.8
2023-04-12,GDZ3,2037.0,2055.0,2034.1,2040.5,124,83,20791132.2,2040.5
2023-04-12,GKM3,15401.0,15533.0,15221.0,15433.0,12770,5001,196730109.0,15440.0
2023-04-12,GKU3,15423.0,15543.0,15340.0,15543.0,64,38,986781.0,15527.0
2023-04-12,GKZ3,15879.0,15899.0,15547.0,15800.0,11,11,173288.0,15800.0
2023-04-12,GUM3,1.2331,1.2475,1.2331,1.2475,8,8,815201.22,1.2475
2023-04-12,GZH4,18672.0,18672.0,18672.0,18672.0,1,1,18672.0,18765.0
2023-04-12,GZM3,17873.0,18222.0,17780.0,18074.0,193615,46174,3482428066.0,18068.0
2023-04-12,GZM4,19120.0,19120.0,19120.0,19120.0,2,2,38240.0,19134.0
2023-04-12,GZU3,17506.0,17790.0,17440.0,17733.0,1120,612,19739770.0,17733.0
2023-04-12,GZZ3,18196.0,18224.0,18196.0,18224.0,5,3,91014.0,18224.0
2023-04-12,GZZ4,19700.0,19700.0,19700.0,19700.0,1,1,19700.0,19700.0
2023-04-12,GZZ5,20198.0,20198.0,20198.0,20198.0,1,1,20198.0,20189.0
2023-04-12,HKM3,10.459,10.506,10.303,10.428,80,35,835077.0,10.42
2023-04-12,HKU3,10.7,10.7,10.628,10.628,6,4,64025.0,10.64
2023-04-12,HOM3,25490.0,25510.0,25400.0,25510.0,46,6,1169690.0,25510.0
2023-04-12,HOZ3,27200.0,27200.0,26100.0,26140.0,24,9,634300.0,26450.0
2023-04-12,HSM3,21021.0,21050.0,20529.0,20600.0,11137,699,24186533.06,20600.0
2023-04-12,HSU3,21871.0,21968.0,21521.0,21521.0,22,15,49986.31,21521.0
2023-04-12,HSZ3,22119.0,23400.0,22119.0,22751.0,199,18,485654.48,22751.0
2023-04-12,HYM3,8444.0,8444.0,8350.0,8423.0,322,103,2704108.0,8421.0
2023-04-12,I2M3,1.0005,1.0005,0.9941,0.9941,12,4,119821.0,0.9941
2023-04-12,IRM3,36765.0,36765.0,36300.0,36565.0,209,79,7637399.0,36506.0
2023-04-12,IRU3,37100.0,37100.0,37100.0,37100.0,3,2,111300.0,37100.0
2023-04-12,JPM3,133.7,133.84,133.01,133.84,39,31,3194209.38,133.63
2023-04-12,LKH4,46915.0,46915.0,46915.0,46915.0,1,1,46915.0,46915.0
2023-04-12,LKM3,46900.0,47859.0,46680.0,47036.0,11732,6620,554267105.0,47186.0
2023-04-12,LKU3,44659.0,45237.0,44463.0,44709.0,238,166,10696241.0,44804.0
2023-04-12,LKZ3,45472.0,45973.0,45432.0,45973.0,9,9,411036.0,45598.0
2023-04-12,MCM3,16699.0,17230.0,16630.0,17140.0,1691,678,28650465.0,17080.0
2023-04-12,MCU3,17679.0,17800.0,17500.0,17800.0,19,12,335695.0,17800.0
2023-04-12,MEM3,10879.0,10919.0,10750.0,10844.0,3591,1154,38844527.0,10820.0
2023-04-12,MEU3,11052.0,11068.0,11003.0,11006.0,13,13,143417.0,11006.0
2023-04-12,MGM3,41227.0,41441.0,40794.0,41242.0,642,429,26390013.0,41058.0
2023-04-12,MGU3,41788.0,41873.0,41593.0,41593.0,3,3,125254.0,41593.0
2023-04-12,MLM3,4770.0,4859.0,4711.0,4813.0,4808,871,23037179.0,4809.0
2023-04-12,MLU3,4874.0,4947.0,4814.0,4947.0,140,51,681280.0,4918.0
2023-04-12,MMH5,2776.45,3006.65,2674.4,2884.0,16,10,466709.0,2834.65
2023-04-12,MMM3,2516.0,2537.0,2501.7,2527.45,84595,20867,2132985662.5,2527.9
2023-04-12,MMM4,2555.0,2577.6,2555.0,2574.85,6,4,153964.5,2574.85
2023-04-12,MMM5,2797.5,2797.5,2797.5,2797.5,1,1,27975.0,2805.0
2023-04-12,MMU3,2521.0,2533.65,2502.15,2521.9,516,277,13001648.5,2521.9
2023-04-12,MMU4,2519.35,2559.7,2519.35,2559.7,4,4,101938.0,2559.7
2023-04-12,MMZ3,2526.0,2550.0,2488.95,2520.55,22,18,554530.0,2520.55
2023-04-12,MMZ5,2817.25,2817.25,2817.25,2817.25,1,1,28172.5,2824.45
2023-04-12,MNM3,4605.0,4641.0,4565.0,4619.0,9164,2018,42232913.0,4629.0
2023-04-12,MNU3,4576.0,4609.0,4552.0,4609.0,125,43,571951.0,4603.0
2023-04-12,MTM3,26175.0,26587.0,26008.0,26428.0,1811,594,47584653.0,26428.0
2023-04-12,MTU3,24659.0,25123.0,24659.0,25123.0,4,4,99416.0,25123.0
2023-04-12,MXM3,251850.0,253900.0,250375.0,252925.0,27394,18114,6908789800.0,252875.0
2023-04-12,MXU3,251650.0,253625.0,250750.0,252250.0,37,37,9323425.0,252650.0
2023-04-12,MXZ3,256225.0,258425.0,256225.0,258000.0,5,5,1288125.0,258000.0
2023-04-12,N2M3,27555.0,29083.0,27555.0,28905.0,1015,21,1806064.52,28945.0
2023-04-12,N2U3,29190.0,29190.0,29190.0,29190.0,1,1,1791.68,29189.0
2023-04-12,N2Z3,30568.0,30568.0,30200.0,30200.0,2,2,3729.94,30200.0
2023-04-12,NAM3,12910.0,13037.0,12792.0,12869.0,60047,7120,635488372.74,12868.0
2023-04-12,NAU3,12880.0,13000.0,12780.0,12844.0,508,171,5359687.97,12844.0
2023-04-12,NAZ3,12793.0,12870.0,12737.0,12800.0,46,27,483757.09,12800.0
2023-04-12,NGJ3,2.254,2.28,2.175,2.175,1085464,165357,19913748861.71,2.178
2023-04-12,NGK3,2.492,2.528,2.427,2.432,75572,32996,1539739279.32,2.433
2023-04-12,NGM3,2.829,2.846,2.756,2.766,8674,4144,199361880.9,2.767
2023-04-12,NGN3,2.983,2.999,2.916,2.925,619,272,15012474.58,2.92
2023-04-12,NGQ3,3.072,3.096,3.011,3.011,720,220,17978046.04,3.011
2023-04-12,NGU3,3.229,3.242,3.135,3.135,85,58,2215353.6,3.135
2023-04-12,NKM3,118700.0,121000.0,117094.0,120999.0,677,581,80695827.0,120740.0
2023-04-12,NKU3,119694.0,119694.0,119694.0,119694.0,2,2,239388.0,119694.0
2023-04-12,NMM3,13093.0,13208.0,12961.0,13157.0,2656,1033,34803730.0,13170.0
2023-04-12,NMU3,13292.0,13390.0,13127.0,13388.0,12,12,159246.0,13380.0
2023-04-12,OGM3,6542.0,6946.0,6542.0,6699.0,15,12,101254.0,6699.0
2023-04-12,OZM3,17512.0,17692.0,17291.0,17387.0,1708,684,29876319.0,17384.0
2023-04-12,OZU3,17769.0,17793.0,17769.0,17793.0,3,2,53355.0,17691.0
2023-04-12,PDM3,1516.0,1522.01,1509.81,1516.0,255,122,31659451.22,1516.05
2023-04-12,PDU3,1585.81,1588.51,1585.81,1588.51,3,3,390383.25,1588.51
2023-04-12,PHM3,7201.0,7257.0,7200.0,7240.0,259,74,1872465.0,7245.0
2023-04-12,PIM3,6748.0,6748.0,6633.0,6698.0,734,136,4907505.0,6705.0
2023-04-12,POM3,6509.0,6627.0,6420.0,6532.0,25431,4970,166291043.0,6532.0
2023-04-12,POU3,6633.0,6699.0,6515.0,6623.0,135,91,895157.0,6624.0
2023-04-12,PSM3,1724.0,1751.0,1715.0,1722.0,2048,202,3544271.0,1722.0
2023-04-12,PTM3,1020.7,1039.0,1017.3,1033.6,367,220,30966618.81,1033.6
2023-04-12,PZM3,97123.0,97999.0,96086.0,97014.0,743,552,72241482.0,97014.0
2023-04-12,RIH4,99910.0,100320.0,99910.0,100320.0,2,2,328333.15,100320.0
2023-04-12,RIM3,97120.0,97860.0,96630.0,97770.0,107656,68185,17182396222.74,97760.0
2023-04-12,RIU3,97820.0,98240.0,97190.0,98200.0,186,176,29809167.18,98200.0
2023-04-12,RIZ3,97790.0,98610.0,97760.0,97970.0,8,8,1286997.75,98060.0
2023-04-12,RLM3,4284.0,4321.0,4217.0,4250.0,2195,476,9343836.0,4250.0
2023-04-12,RLU3,4426.0,4504.0,4413.0,4413.0,35,10,155985.0,4413.0
2023-04-12,RMM3,973.0,978.5,966.5,977.0,16801,4988,268119243.57,977.0
2023-04-12,RMU3,979.0,982.0,973.5,982.0,656,120,10513118.05,982.0
2023-04-12,RMZ3,998.5,998.5,998.5,998.5,1,1,16373.22,998.5
2023-04-12,RNM3,38520.0,39008.0,38432.0,38703.0,8937,1671,344412962.0,38857.0
2023-04-12,RNM4,39203.0,42101.0,39020.0,40800.0,58,43,2361004.0,40806.0
2023-04-12,RNU3,38887.0,39317.0,38887.0,39225.0,48,34,1877916.0,39226.0
2023-04-12,RNU4,39417.0,41301.0,39417.0,40434.0,39,26,1587628.0,40442.0
2023-04-12,RNZ3,39898.0,40099.0,38400.0,40099.0,59,32,2298117.0,40102.0
2023-04-12,RNZ4,40055.0,41069.0,39560.0,39560.0,6,6,243569.0,39814.0
2023-04-12,RTM3,6181.0,6202.0,6159.0,6180.0,313,67,1935560.0,6180.0
2023-04-12,RTU3,6017.0,6017.0,6017.0,6017.0,1,1,6017.0,6038.0
2023-04-12,SAK3,42.0,43.44,41.12,42.6,90,79,3900952.32,42.6
2023-04-12,SEM3,1507.0,1507.0,1507.0,1507.0,1,1,1507.0,1511.0
2023-04-12,SEU3,1670.0,1670.0,1230.0,1487.0,20,7,30007.0,1488.0
2023-04-12,SFH4,395.04,407.0,395.0,404.9,16,11,527547.55,396.91
2023-04-12,SFM3,407.99,411.77,405.7,407.44,80940,15317,2711607929.48,407.56
2023-04-12,SFU3,405.8,409.2,403.29,405.18,1969,707,65571849.37,405.12
2023-04-12,SFZ3,404.77,406.0,400.04,401.99,88,45,2912759.27,401.99
2023-04-12,SGM3,34657.0,34791.0,34265.0,34393.0,587,390,20284751.0,34311.0
2023-04-12,SGU3,32283.0,32283.0,32283.0,32283.0,1,1,32283.0,32283.0
2023-04-12,SNM3,25249.0,25290.0,24788.0,25025.0,1778,1014,44569559.0,25012.0
2023-04-12,SOM3,4888.0,4924.0,4855.0,4924.0,472,75,2307809.0,4921.0
2023-04-12,SPM3,20142.0,20290.0,19956.0,20180.0,7990,3730,160986763.0,20166.0
2023-04-12,SPU3,20377.0,20392.0,20193.0,20349.0,34,23,692036.0,20343.0
2023-04-12,SRH4,21130.0,21243.0,21035.0,21242.0,13,11,274613.0,21242.0
2023-04-12,SRM3,20245.0,20384.0,20015.0,20269.0,320523,87172,6479620621.0,20239.0
2023-04-12,SRU3,20548.0,20700.0,20350.0,20592.0,4469,1684,91724532.0,20563.0
2023-04-12,SRZ3,20923.0,21069.0,20712.0,21009.0,205,93,4291494.0,20993.0
2023-04-12,SSM3,2621.0,2654.0,2604.0,2615.0,1119,155,2934532.0,2615.0
2023-04-12,SVH4,26.29,26.44,26.12,26.12,8,6,172185.29,26.55
2023-04-12,SVM3,25.22,25.7,25.11,25.32,92185,16816,1918173038.0,25.34
2023-04-12,SVU3,25.49,25.92,25.37,25.64,3475,1492,73162392.88,25.64
2023-04-12,SVZ3,25.82,26.26,25.71,26.15,183,104,3911782.43,26.14
2023-04-12,SXM3,4280.0,4302.0,4205.2,4283.8,168,47,648134.14,4281.0
2023-04-12,SXU3,4160.0,4160.0,4149.0,4149.0,9,4,33601.76,4149.0
2023-04-12,SXZ3,4005.0,4149.9,4005.0,4040.0,3,3,10969.32,4040.0
2023-04-12,SiH4,82187.0,82534.0,81659.0,81837.0,50,47,4109988.0,81837.0
2023-04-12,SiM3,81905.0,82337.0,81507.0,81728.0,687717,198483,56326887013.0,81724.0
2023-04-12,SiM4,83478.0,83487.0,81100.0,81934.0,27,21,2220541.0,81934.0
2023-04-12,SiU3,81829.0,82209.0,81500.0,81630.0,14336,7649,1173106505.0,81634.0
2023-04-12,SiU4,82701.0,82882.0,82500.0,82556.0,7,7,578344.0,82556.0
2023-04-12,SiZ3,82083.0,82337.0,81701.0,81882.0,410,210,33629844.0,81882.0
2023-04-12,SiZ4,84648.0,84776.0,84648.0,84746.0,7,7,593219.0,84746.0
2023-04-12,TIM3,26837.0,27314.0,26562.0,27035.0,1024,446,27630723.0,26992.0
2023-04-12,TIU3,27100.0,27100.0,27100.0,27100.0,1,1,27100.0,27160.0
2023-04-12,TNM3,121700.0,123696.0,121700.0,122105.0,29,28,3560336.0,122105.0
2023-04-12,TTM3,39843.0,40093.0,39150.0,39800.0,1243,697,49329818.0,39931.0
2023-04-12,TTU3,38708.0,39719.0,38573.0,39021.0,27,25,1052179.0,39102.0
2023-04-12,TYM3,4.121,4.175,4.12,4.14,361,31,1497070.0,4.14
2023-04-12,TYU3,3.963,4.003,3.963,4.003,5,5,19915.0,4.003
2023-04-12,UCM3,6.843,6.855,6.834,6.847,2106,1129,171471369.94,6.847
2023-04-12,USDRUBF,82.06,82.44,81.81,81.92,21818,5040,1791874360.0,81.99
2023-04-12,VBM3,1881.0,1898.0,1867.0,1887.0,130310,9299,245416096.0,1887.0
2023-04-12,VBU3,1898.0,1915.0,1889.0,1907.0,939,262,1786223.0,1904.0
2023-04-12,VBZ3,1859.0,1950.0,1859.0,1950.0,29,13,56071.0,1950.0
2023-04-12,VIJ3,35.45,36.0,34.55,34.55,122,32,703007.46,34.6
2023-04-12,VIK3,37.2,37.2,37.0,37.0,12,3,72863.68,34.6
2023-04-12,W4G4,14020.0,14020.0,14020.0,14020.0,4,1,56080.0,14020.0
2023-04-12,W4J3,13620.0,13790.0,13620.0,13730.0,9,8,123250.0,13730.0
2023-04-12,W4K3,13780.0,13990.0,13660.0,13920.0,202,28,2803090.0,13920.0
2023-04-12,W4M3,14060.0,14250.0,14060.0,14120.0,3041,39,43044770.0,14130.0
2023-04-12,W4N3,14350.0,14350.0,14350.0,14350.0,100,1,1435000.0,14350.0
2023-04-12,W4Q3,14350.0,14350.0,14350.0,14350.0,100,1,1435000.0,14350.0
2023-04-12,W4U3,14690.0,14690.0,14690.0,14690.0,100,1,1469000.0,14690.0
2023-04-12,YNM3,19782.0,20126.0,19606.0,19740.0,6846,2678,135584518.0,19748.0
2023-04-12,YNU3,20140.0,20478.0,20019.0,20199.0,189,105,3815725.0,20166.0
2023-04-12,YNZ3,21033.0,21033.0,21033.0,21033.0,2,2,42066.0,20844.0
2023-04-13,AEM3,22.27,22.453,21.0,22.236,1866,100,41430702.0,22.214
2023-04-13,AFM3,3456.0,3472.0,3423.0,3423.0,3774,441,12996118.0,3423.0
2023-04-13,AFU3,3459.0,3469.0,3440.0,3440.0,105,32,362657.0,3440.0
2023-04-13,AKM3,14767.0,14787.0,14520.0,14563.0,802,209,11748024.0,14559.0
2023-04-13,AKU3,14895.0,14895.0,14895.0,14895.0,10,3,148950.0,14832.0
2023-04-13,ALM3,6764.0,6771.0,6623.0,6670.0,6287,1139,42040205.0,6661.0
2023-04-13,ALU3,6693.0,6734.0,6624.0,6625.0,122,38,811518.0,6625.0
2023-04-13,ALZ3,6765.0,6840.0,6741.0,6760.0,13,11,88224.0,6741.0
2023-04-13,BRF4,95.5,95.5,94.19,94.8,5,5,387130.94,94.8
2023-04-13,BRG4,98.0,98.0,97.58,97.58,4,4,318615.15,97.58
2023-04-13,BRK3,87.35,88.14,87.17,87.22,120840,40819,8638303283.53,87.24
2023-04-13,BRM3,87.95,88.48,87.56,87.58,4499,3673,322892085.17,87.59
2023-04-13,BRN3,88.04,88.46,87.54,87.64,332,200,23835880.19,87.64
2023-04-13,BRQ3,89.4,89.4,88.51,88.51,25,21,1812924.76,88.51
2023-04-13,BRU3,89.83,90.25,89.5,89.5,7,7,513195.76,89.5
2023-04-13,BRV3,92.45,92.45,91.52,91.99,4,4,299714.8,91.99
2023-04-13,BRZ3,94.99,94.99,93.59,94.8,3,3,231060.4,94.29
2023-04-13,CFM3,0.8977,0.8977,0.8844,0.885,33,14,2686214.47,0.8895
2023-04-13,CHM3,102646.0,103573.0,102238.0,102424.0,143,95,14690982.0,102424.0
2023-04-13,CNYRUBF,11.9,11.91,11.82,11.85,33011,1446,391371810.0,11.85
2023-04-13,CRH4,12.319,12.324,12.222,12.225,20,13,244945.0,12.225
2023-04-13,CRM3,11.95,11.969,11.851,11.883,2590477,70617,30824838116.0,11.886
2023-04-13,CRM4,12.56,12.56,12.4,12.426,25,12,311151.0,12.426
2023-04-13,CRU3,12.023,12.043,11.934,11.957,15668,1459,187777728.0,11.961
2023-04-13,CRZ3,12.114,12.114,12.054,12.054,89,19,1075422.0,12.054
2023-04-13,CoJ3,9341.0,9341.0,9018.5,9051.5,9,9,673849.53,9082.0
2023-04-13,DXM3,13010.0,13025.0,12995.0,12995.0,7,5,82300.87,12995.0
2023-04-13,EDM3,1.0894,1.0969,1.0885,1.0962,71174,16234,6340497055.99,1.096
2023-04-13,EDU3,1.0889,1.0958,1.0885,1.0951,721,546,64149470.8,1.0951
2023-04-13,EURRUBF,89.88,90.19,89.52,90.13,9885,3072,889167210.0,90.38
2023-04-13,EuM3,89217.0,89400.0,88643.0,89010.0,89933,29137,7999236664.0,88990.0
2023-04-13,EuM4,91892.0,91892.0,91892.0,91892.0,3,3,275676.0,89993.0
2023-04-13,EuU3,88930.0,89199.0,88470.0,88800.0,4072,1624,361437728.0,88761.0
2023-04-13,EuZ3,89172.0,89400.0,89172.0,89366.0,11,6,982124.0,89366.0
2023-04-13,FSM3,10546.0,10636.0,10283.0,10328.0,298,89,3101686.0,10328.0
2023-04-13,FSU3,10500.0,10500.0,10500.0,10500.0,2,1,21000.0,10500.0
2023-04-13,FVM3,14566.0,14576.0,14421.0,14576.0,632,278,9153582.0,14516.0
2023-04-13,GDH4,2059.0,2078.9,2058.9,2073.8,55,26,9279776.41,2074.4
2023-04-13,GDM3,2021.7,2044.0,2020.9,2039.3,195035,46900,32350856610.8,2039.7
2023-04-13,GDU3,2029.9,2051.1,2029.5,2046.1,1679,1301,279515009.21,2046.1
2023-04-13,GDZ3,2040.3,2065.0,2040.0,2053.6,111,74,18585473.53,2053.6
2023-04-13,GKM3,15438.0,15526.0,15357.0,15446.0,8447,3568,130447220.0,15414.0
2023-04-13,GKU3,15451.0,15457.0,15280.0,15450.0,28,18,432081.0,15446.0
2023-04-13,GKZ3,15810.0,15900.0,15616.0,15885.0,4,4,63211.0,15885.0
2023-04-13,GUM3,1.2511,1.2532,1.2511,1.2532,8,4,817003.75,1.2532
2023-04-13,GZH4,18790.0,18790.0,18632.0,18632.0,35,10,653162.0,18632.0
2023-04-13,GZH5,19993.0,19993.0,19993.0,19993.0,1,1,19993.0,19947.0
2023-04-13,GZM3,18072.0,18293.0,17915.0,18090.0,98550,30337,1784713530.0,18067.0
2023-04-13,GZM4,19132.0,19318.0,19132.0,19257.0,18,11,346722.0,19281.0
2023-04-13,GZM5,19855.0,19855.0,19855.0,19855.0,1,1,19855.0,19855.0
2023-04-13,GZU3,17744.0,17911.0,17595.0,17669.0,596,364,10584489.0,17652.0
2023-04-13,GZU4,19514.0,19740.0,19404.0,19740.0,5,5,97777.0,19499.0
2023-04-13,GZZ3,18326.0,18326.0,18326.0,18326.0,1,1,18326.0,18300.0
2023-04-13,GZZ5,20150.0,20150.0,20150.0,20150.0,1,1,20150.0,20149.0
2023-04-13,HKM3,10.411,10.419,10.313,10.365,207,33,2145174.0,10.365
2023-04-13,HKU3,10.661,10.661,10.526,10.55,7,7,74132.0,10.55
2023-04-13,HSM3,20600.0,20954.0,20350.0,20909.0,8142,552,17561406.19,20909.0
2023-04-13,HSU3,21521.0,21700.0,21377.0,21700.0,19,10,42703.54,21700.0
2023-04-13,HSZ3,22750.0,23000.0,22555.0,22777.0,180,35,429476.31,22777.0
2023-04-13,HYM3,8423.0,8440.0,8351.0,8364.0,337,100,2825129.0,8364.0
2023-04-13,I2M3,1.0497,1.0497,0.9205,0.9851,46,18,446374.0,0.9851
2023-04-13,I2U3,1.0899,1.0899,0.96,0.96,2,2,20499.0,1.0016
2023-04-13,I2Z3,1.0,1.0,1.0,1.0,1,1,10000.0,1.0164
2023-04-13,IRM3,36504.0,37090.0,36437.0,37090.0,155,74,5679955.0,37014.0
2023-04-13,JPM3,133.35,133.61,132.18,132.4,14,11,1142799.79,132.4
2023-04-13,LKH4,46660.0,46660.0,45902.0,46349.0,6,6,277277.0,46556.0
2023-04-13,LKM3,47212.0,47539.0,46385.0,46881.0,9716,5677,455649288.0,46829.0
2023-04-13,LKU3,44909.0,45121.0,44200.0,44491.0,344,231,15357269.0,44470.0
2023-04-13,LKZ3,45698.0,45698.0,45138.0,45138.0,4,4,181130.0,45138.0
2023-04-13,MAM3,6510.0,6510.0,6510.0,6510.0,1,1,6510.0,6852.0
2023-04-13,MCM3,17113.0,17890.0,17000.0,17449.0,2294,1260,40348024.0,17449.0
2023-04-13,MCU3,17798.0,18700.0,17798.0,18580.0,36,10,666397.0,18500.0
2023-04-13,MEM3,10842.0,10842.0,10758.0,10794.0,1296,529,13984644.0,10785.0
2023-04-13,MEU3,10997.0,10997.0,10980.0,10980.0,11,8,120826.0,10980.0
2023-04-13,MGM3,41165.0,41576.0,40791.0,40871.0,661,426,27207835.0,40871.0
2023-04-13,MGU3,41988.0,42001.0,41607.0,41607.0,5,5,209083.0,41607.0
2023-04-13,MLM3,4806.0,4840.0,4744.0,4750.0,1819,334,8715867.0,4762.0
2023-04-13,MMH5,2684.3,2736.05,2636.1,2649.8,11,10,293892.5,2781.6
2023-04-13,MMM3,2528.65,2537.5,2506.2,2519.8,46543,12266,1172077900.0,2520.0
2023-04-13,MMU3,2523.1,2527.55,2507.0,2516.35,162,96,4079202.0,2517.25
2023-04-13,MMU4,2530.0,2530.0,2530.0,2530.0,1,1,25300.0,2530.0
2023-04-13,MMU5,2814.35,2823.35,2814.35,2823.35,5,5,140955.0,2857.7
2023-04-13,MMZ3,2556.85,2556.85,2556.85,2556.85,1,1,25568.5,2544.95
2023-04-13,MMZ4,2715.65,2715.65,2715.65,2715.65,1,1,27156.5,2705.75
2023-04-13,MMZ5,2812.6,2819.85,2800.0,2800.0,4,4,112477.0,2800.0
2023-04-13,MNM3,4626.0,4651.0,4574.0,4578.0,8109,2158,37386513.0,4579.0
2023-04-13,MNU3,4594.0,4637.0,4558.0,4560.0,523,67,2398292.0,4564.0
2023-04-13,MTM3,26433.0,26648.0,26160.0,26349.0,1217,536,32077544.0,26337.0
2023-04-13,MTU3,24794.0,25066.0,24794.0,24970.0,3,3,74830.0,24970.0
2023-04-13,MXM3,252950.0,253800.0,250700.0,252150.0,17358,12299,4374653825.0,252150.0
2023-04-13,MXU3,252675.0,252750.0,251100.0,251925.0,20,16,5043225.0,251950.0
2023-04-13,MXZ3,258425.0,258425.0,258425.0,258425.0,1,1,258425.0,258300.0
2023-04-13,N2M3,28970.0,29262.0,28948.0,29147.0,141,18,252574.17,29147.0
2023-04-13,N2Z3,30945.0,30945.0,30945.0,30945.0,1,1,1897.24,30927.0
2023-04-13,NAM3,12870.0,12929.0,12790.0,12921.0,40799,4994,427591161.96,12922.0
2023-04-13,NAU3,12844.0,12881.0,12788.0,12854.0,281,67,2937524.27,12854.0
2023-04-13,NGJ3,2.175,2.197,2.103,2.12,1246958,175893,21916922628.64,2.118
2023-04-13,NGK3,2.431,2.457,2.364,2.376,83713,38805,1643650811.77,2.374
2023-04-13,NGM3,2.767,2.776,2.701,2.705,8224,3830,183621703.67,2.706
2023-04-13,NGN3,2.913,2.934,2.865,2.869,445,229,10537651.83,2.869
2023-04-13,NGQ3,3.02,3.027,2.977,2.977,410,243,10020713.89,2.977
2023-04-13,NGU3,3.155,3.184,3.123,3.128,100,70,2562350.42,3.128
2023-04-13,NKM3,120842.0,121498.0,119750.0,121498.0,287,252,34602264.0,121313.0
2023-04-13,NKU3,123598.0,123598.0,123598.0,123598.0,1,1,123598.0,124008.0
2023-04-13,NMM3,13156.0,13269.0,13025.0,13098.0,1691,1041,22150497.0,13041.0
2023-04-13,NMU3,13384.0,13384.0,13314.0,13340.0,4,3,53378.0,13247.0
2023-04-13,OGM3,6699.0,6700.0,6699.0,6700.0,3,3,20098.0,6699.0
2023-04-13,OZM3,17384.0,17470.0,17020.0,17099.0,1068,440,18460872.0,17197.0
2023-04-13,PDM3,1515.0,1533.36,1511.92,1524.0,174,97,21604413.59,1524.0
2023-04-13,PDU3,1598.77,1598.77,1586.22,1586.22,7,5,908948.4,1587.93
2023-04-13,PHM3,7245.0,7274.0,7221.0,7246.0,485,66,3511609.0,7246.0
2023-04-13,PIM3,6681.0,6704.0,6552.0,6569.0,690,143,4563374.0,6583.0
2023-04-13,POM3,6545.0,6800.0,6505.0,6729.0,19453,3655,129468123.0,6754.0
2023-04-13,POU3,6620.0,6880.0,6620.0,6833.0,206,137,1396677.0,6844.0
2023-04-13,PSM3,1723.0,1740.0,1710.0,1726.0,2290,319,3954356.0,1727.0
2023-04-13,PSU3,1725.0,1725.0,1725.0,1725.0,1,1,1725.0,1725.0
2023-04-13,PTM3,1036.5,1066.9,1034.0,1066.9,596,354,51011186.19,1066.9
2023-04-13,PTU3,1072.0,1081.0,1059.7,1081.0,10,10,877479.95,1083.8
2023-04-13,PZM3,96976.0,98848.0,96686.0,98745.0,572,426,55994273.0,98749.0
2023-04-13,PZU3,97653.0,97653.0,97653.0,97653.0,1,1,97653.0,98057.0
2023-04-13,RIM3,97800.0,98460.0,97460.0,98370.0,96401,58005,15404923817.49,98350.0
2023-04-13,RIU3,98300.0,98840.0,98020.0,98800.0,120,118,19262680.05,98800.0
2023-04-13,RIZ3,98430.0,99270.0,98420.0,99270.0,11,11,1774663.7,99270.0
2023-04-13,RLM3,4261.0,4307.0,4223.0,4254.0,1701,301,7264301.0,4254.0
2023-04-13,RMM3,978.0,984.0,974.5,982.5,11490,4056,183559679.16,983.0
2023-04-13,RMU3,982.0,989.5,981.5,989.5,234,80,3756293.05,989.5
2023-04-13,RNM3,38979.0,39100.0,38495.0,38807.0,19596,5053,762844436.0,38689.0
2023-04-13,RNU4,40444.0,40444.0,40444.0,40444.0,1,1,40444.0,40445.0
2023-04-13,RNZ3,40522.0,40522.0,40522.0,40522.0,2,2,81044.0,40455.0
2023-04-13,RTM3,6178.0,6207.0,6149.0,6149.0,481,92,2972334.0,6174.0
2023-04-13,SAK3,43.28,43.29,41.83,42.3,18,15,775817.6,42.3
2023-04-13,SFH4,407.5,410.0,403.01,403.01,52,19,1729754.46,403.01
2023-04-13,SFM3,407.6,408.67,404.97,408.24,63138,12166,2094261129.89,408.26
2023-04-13,SFU3,405.39,408.8,402.87,408.8,3904,3067,129352803.89,408.7
2023-04-13,SFZ3,403.0,407.86,401.0,407.0,125,91,4130423.76,407.0
2023-04-13,SGM3,34396.0,34471.0,34030.0,34151.0,572,380,19563438.0,34057.0
2023-04-13,SGU3,32283.0,32283.0,32283.0,32283.0,1,1,32283.0,32283.0
2023-04-13,SNM3,24994.0,25242.0,24592.0,25068.0,1455,726,36250552.0,24998.0
2023-04-13,SNU3,24900.0,24900.0,24900.0,24900.0,2,2,49800.0,24900.0
2023-04-13,SOM3,4925.0,4951.0,4853.0,4873.0,665,123,3254040.0,4883.0
2023-04-13,SPM3,20188.0,20355.0,20021.0,20071.0,7908,3140,159310705.0,20068.0
2023-04-13,SPU3,20359.0,20430.0,20165.0,20299.0,35,30,709301.0,20244.0
2023-04-13,SRH4,21080.0,21080.0,21080.0,21080.0,1,1,21080.0,21101.0
2023-04-13,SRM3,20270.0,20463.0,20047.0,20134.0,271246,71382,5481106697.0,20120.0
2023-04-13,SRU3,20593.0,20793.0,20360.0,20416.0,5035,1614,103181625.0,20411.0
2023-04-13,SRZ3,20950.0,21042.0,20849.0,20900.0,116,53,2429547.0,20900.0
2023-04-13,SSM3,2612.0,2619.0,2600.0,2603.0,381,43,994069.0,2603.0
2023-04-13,SVH4,26.26,26.26,26.26,26.26,1,1,21411.69,26.76
2023-04-13,SVM3,25.34,25.84,25.33,25.75,66364,12817,1386354618.88,25.75
2023-04-13,SVU3,25.65,26.07,25.65,25.99,2713,1160,57291687.05,25.99
2023-04-13,SVZ3,26.15,26.53,26.14,26.36,171,79,3678375.77,26.38
2023-04-13,SXM3,4280.9,4312.6,4277.0,4298.5,98,47,380173.78,4298.6
2023-04-13,SXZ3,4012.1,4012.1,4012.0,4012.0,5,2,18128.47,4139.9
2023-04-13,SiH4,82093.0,82093.0,81235.0,81250.0,21,17,1711422.0,81251.0
2023-04-13,SiM3,81740.0,81825.0,80831.0,81018.0,935506,239221,76004831862.0,81025.0
2023-04-13,SiM4,81822.0,81822.0,81347.0,81347.0,2,2,163169.0,81347.0
2023-04-13,SiU3,81619.0,81705.0,80830.0,80921.0,13257,7414,1077009441.0,80923.0
2023-04-13,SiU4,82556.0,82704.0,82004.0,82004.0,4,4,329823.0,82004.0
2023-04-13,SiZ3,81700.0,81890.0,80965.0,81155.0,404,218,32874568.0,81155.0
2023-04-13,SiZ4,83900.0,84809.0,83900.0,84809.0,4,4,337529.0,84488.0
2023-04-13,TIM3,27038.0,27155.0,26700.0,26700.0,286,142,7692291.0,26776.0
2023-04-13,TIU3,27156.0,27156.0,27156.0,27156.0,1,1,27156.0,27156.0
2023-04-13,TNM3,122160.0,122983.0,113810.0,115400.0,31,30,3693805.0,117190.0
2023-04-13,TTM3,39880.0,40093.0,39636.0,39809.0,607,303,24227515.0,39763.0
2023-04-13,TTU3,39294.0,39948.0,39102.0,39485.0,38,18,1500471.0,39485.0
2023-04-13,TTZ3,40000.0,40000.0,40000.0,40000.0,1,1,40000.0,40500.0
2023-04-13,TYH4,3.9,4.071,3.511,3.589,4,4,15071.0,3.813
2023-04-13,TYM3,4.135,4.136,4.085,4.085,514,31,2109018.0,4.085
2023-04-13,TYU3,3.913,3.966,3.896,3.896,4,4,15734.0,3.896
2023-04-13,UCM3,6.846,6.852,6.822,6.827,3534,2042,286337166.76,6.827
2023-04-13,USDRUBF,81.93,82.04,81.22,81.48,29733,7156,2426306780.0,81.54
2023-04-13,VBM3,1887.0,1900.0,1863.0,1877.0,103909,6786,195298643.0,1876.0
2023-04-13,VBU3,1903.0,1918.0,1885.0,1897.0,1242,264,2365579.0,1897.0
2023-04-13,VBZ3,1960.0,1960.0,1920.0,1933.0,23,9,44466.0,1933.0
2023-04-13,VIJ3,34.7,37.0,34.55,35.9,112,31,654614.05,35.9
2023-04-13,VIK3,36.4,36.4,36.4,36.4,1,1,5935.92,36.0
2023-04-13,W4J3,13780.0,13780.0,13700.0,13710.0,7,7,96100.0,13750.0
2023-04-13,W4K3,13980.0,14000.0,13680.0,13920.0,86,19,1190560.0,13920.0
2023-04-13,W4M3,14130.0,14230.0,14110.0,14110.0,19,13,269140.0,14130.0
2023-04-13,YNM3,19800.0,19909.0,19697.0,19776.0,2521,1054,49850869.0,19755.0
2023-04-13,YNU3,20146.0,20250.0,20102.0,20171.0,107,48,2158407.0,20151.0
2023-04-14,AEM3,22.172,22.31,22.152,22.31,2464,51,54726065.0,22.31
2023-04-14,AFM3,3430.0,3466.0,3420.0,3442.0,3870,409,13316012.0,3457.0
2023-04-14,AFU3,3444.0,3485.0,3435.0,3485.0,101,28,348730.0,3482.0
2023-04-14,AFZ3,3520.0,3520.0,3520.0,3520.0,5,2,17600.0,3520.0
2023-04-14,AKM3,14585.0,14884.0,14568.0,14830.0,749,179,11030425.0,14780.0
2023-04-14,ALM3,6676.0,6736.0,6640.0,6734.0,6145,1545,41156374.0,6731.0
2023-04-14,ALU3,6646.0,6720.0,6625.0,6638.0,86,43,574824.0,6649.0
2023-04-14,ALZ3,6780.0,6790.0,6758.0,6758.0,9,9,61029.0,6758.0
2023-04-14,AUM3,0.6774,0.6774,0.6717,0.6717,5,3,276700.73,0.6717
2023-04-14,BRF4,93.29,94.18,93.29,94.18,3,3,229834.91,94.18
2023-04-14,BRG4,96.11,96.11,96.11,96.11,1,1,78677.28,96.17
2023-04-14,BRK3,87.2,87.26,86.1,86.79,164998,53153,11714443769.11,86.77
2023-04-14,BRM3,87.55,87.64,86.58,87.22,6189,4738,441336766.54,87.21
2023-04-14,BRN3,87.56,87.71,86.82,87.31,499,297,35626973.29,87.31
2023-04-14,BRQ3,88.39,88.39,87.88,87.88,62,43,4469092.12,88.1
2023-04-14,BRU3,89.31,89.4,88.63,88.63,26,21,1893477.54,88.88
2023-04-14,BRX3,92.0,92.0,90.08,91.87,11,11,820147.81,91.87
2023-04-14,BRZ3,92.61,93.3,91.8,93.3,11,11,832042.33,93.15
2023-04-14,CFM3,0.8871,0.8871,0.8871,0.8871,2,1,162807.16,0.8908
2023-04-14,CHM3,102451.0,102912.0,102254.0,102542.0,56,49,5745785.0,102542.0
2023-04-14,CNYRUBF,11.85,11.9,11.84,11.9,19019,1044,225939180.0,11.89
2023-04-14,CRH4,12.259,12.3,12.246,12.285,13,13,159384.0,12.285
2023-04-14,CRM3,11.875,11.938,11.873,11.932,1615300,54827,19238566393.0,11.934
2023-04-14,CRM4,12.38,12.624,12.22,12.445,46,32,569244.0,12.445
2023-04-14,CRU3,11.952,12.013,11.952,12.009,10122,724,121264158.0,12.007
2023-04-14,CRU4,12.35,12.35,12.35,12.35,1,1,12350.0,12.481
2023-04-14,CRZ3,12.05,12.104,12.05,12.073,4,4,48305.0,12.079
2023-04-14,CSM3,6095.0,6095.0,5758.0,6000.0,3,3,17853.0,5805.0
2023-04-14,CoJ3,9322.5,9324.5,8889.5,9275.0,12,11,900119.62,9274.0
2023-04-14,DXM3,12999.0,13050.0,12999.0,13050.0,6,2,70439.75,13050.0
2023-04-14,EDM3,1.0958,1.0974,1.0883,1.0885,66194,14879,5924479894.66,1.0886
2023-04-14,EDU3,1.094,1.096,1.0879,1.0879,316,253,28285984.18,1.0879
2023-04-14,EURRUBF,90.0,90.21,89.66,89.86,7430,2337,668164040.0,90.04
2023-04-14,EuM3,88894.0,89349.0,88536.0,88771.0,74133,24880,6592670691.0,88778.0
2023-04-14,EuM4,91895.0,91895.0,91895.0,91895.0,1,1,91895.0,90129.0
2023-04-14,EuU3,88789.0,89123.0,88200.0,88410.0,5674,2083,503381115.0,88414.0
2023-04-14,EuZ3,89498.0,89498.0,89184.0,89214.0,11,8,983176.0,89214.0
2023-04-14,FSM3,10340.0,10586.0,10340.0,10549.0,240,64,2516134.0,10549.0
2023-04-14,FSU3,10749.0,10749.0,10565.0,10565.0,3,2,32063.0,10595.0
2023-04-14,FVM3,14580.0,14640.0,14426.0,14603.0,362,176,5263695.0,14619.0
2023-04-14,GDH4,2079.4,2084.5,2066.4,2066.4,81,40,13774295.17,2066.4
2023-04-14,GDM3,2038.9,2046.6,2017.9,2018.0,198970,50935,33135660133.85,2018.8
2023-04-14,GDU3,2044.1,2052.7,2024.9,2025.7,2272,1957,379609034.73,2026.1
2023-04-14,GDZ3,2053.8,2061.0,2039.0,2039.0,184,113,30880459.87,2039.0
2023-04-14,GKM3,15450.0,15931.0,15431.0,15900.0,16151,5440,253599448.0,15881.0
2023-04-14,GKU3,15492.0,16000.0,15492.0,15901.0,239,152,3757573.0,15900.0
2023-04-14,GKZ3,15930.0,16272.0,15758.0,16272.0,6,6,95972.0,16272.0
2023-04-14,GZH4,18726.0,18726.0,18726.0,18726.0,1,1,18726.0,18726.0
2023-04-14,GZH5,19929.0,19929.0,19929.0,19929.0,2,2,39858.0,19929.0
2023-04-14,GZM3,18098.0,18152.0,17926.0,18075.0,52181,18360,941557751.0,18097.0
2023-04-14,GZM4,19239.0,19419.0,19010.0,19100.0,49,22,941751.0,19100.0
2023-04-14,GZU3,17669.0,17736.0,17532.0,17630.0,578,277,10188586.0,17667.0
2023-04-14,GZU4,19302.0,19302.0,19302.0,19302.0,1,1,19302.0,19350.0
2023-04-14,GZU5,20029.0,20029.0,20029.0,20029.0,1,1,20029.0,20100.0
2023-04-14,GZZ3,18300.0,18387.0,18300.0,18374.0,26,9,477453.0,18331.0
2023-04-14,HKM3,10.329,10.374,10.304,10.322,1218,58,12588903.0,10.324
2023-04-14,HKU3,10.55,10.621,10.55,10.621,2,2,21171.0,10.612
2023-04-14,HOM3,25400.0,25400.0,25400.0,25400.0,1,1,25400.0,25500.0
2023-04-14,HOU3,25380.0,25380.0,25380.0,25380.0,1,1,25380.0,25650.0
2023-04-14,HSM3,20909.0,20945.0,20655.0,20655.0,2272,256,4919158.85,20655.0
2023-04-14,HSU3,21777.0,21793.0,21550.0,21705.0,34,14,76602.14,21704.0
2023-04-14,HSZ3,22900.0,22900.0,22234.0,22240.0,32,15,75336.46,22240.0
2023-04-14,HYM3,8361.0,8400.0,8359.0,8391.0,156,58,1307300.0,8387.0
2023-04-14,I2M3,0.9903,0.9928,0.9857,0.9928,14,4,138253.0,0.9925
2023-04-14,IRM3,36821.0,37197.0,36821.0,37111.0,78,47,2887535.0,37111.0
2023-04-14,JPM3,132.33,133.88,132.2,133.88,20,16,1635566.09,133.8
2023-04-14,JPU3,133.5,133.5,133.5,133.5,1,1,82138.55,133.41
2023-04-14,LKH4,46124.0,46124.0,46070.0,46070.0,2,2,92194.0,46070.0
2023-04-14,LKM3,46846.0,46875.0,46101.0,46521.0,5957,3353,276556791.0,46453.0
2023-04-14,LKU3,44584.0,44586.0,43597.0,43864.0,295,238,12986981.0,43754.0
2023-04-14,LKZ3,45090.0,45090.0,44600.0,44600.0,5,5,223670.0,44699.0
2023-04-14,MAM3,7319.0,7319.0,7298.0,7298.0,2,2,14617.0,6852.0
2023-04-14,MCM3,17507.0,17939.0,17385.0,17465.0,1693,919,29804082.0,17450.0
2023-04-14,MEM3,10794.0,10960.0,10711.0,10934.0,5570,1725,60378086.0,10914.0
2023-04-14,MEU3,11041.0,11097.0,10982.0,11097.0,8,8,88198.0,11097.0
2023-04-14,MGM3,41000.0,41281.0,40419.0,40735.0,798,512,32544363.0,40735.0
2023-04-14,MGU3,41835.0,41835.0,41725.0,41725.0,2,2,83560.0,41475.0
2023-04-14,MLM3,4765.0,4802.0,4740.0,4742.0,615,141,2927129.0,4756.0
2023-04-14,MMH5,2771.05,2771.05,2610.8,2726.95,11,11,293621.0,2726.95
2023-04-14,MMM3,2519.4,2535.0,2505.65,2531.8,48943,12673,1233150333.0,2530.95
2023-04-14,MMM4,2550.0,2550.0,2533.85,2533.85,7,3,178018.5,2533.85
2023-04-14,MMU3,2521.75,2530.0,2505.45,2527.8,242,121,6097349.5,2527.8
2023-04-14,MMU4,2558.0,2558.0,2525.55,2525.55,2,2,50835.5,2526.05
2023-04-14,MMZ3,2522.05,2522.05,2522.05,2522.05,1,1,25220.5,2529.0
2023-04-14,MMZ4,2717.1,2721.2,2709.2,2721.2,7,7,190114.0,2724.2
2023-04-14,MNM3,4595.0,4628.0,4575.0,4614.0,6401,1741,29472951.0,4613.0
2023-04-14,MNU3,4571.0,4577.0,4531.0,4565.0,289,77,1314775.0,4564.0
2023-04-14,MTM3,26342.0,26402.0,26181.0,26299.0,746,364,19607460.0,26215.0
2023-04-14,MTU3,25100.0,25100.0,25070.0,25070.0,10,10,250748.0,24973.0
2023-04-14,MXM3,252175.0,253700.0,250650.0,253325.0,16681,11486,4205864525.0,253275.0
2023-04-14,MXU3,252075.0,253475.0,250725.0,253475.0,29,29,7309700.0,253200.0
2023-04-14,MXZ3,256500.0,256500.0,256500.0,256500.0,1,1,256500.0,257500.0
2023-04-14,N2M3,29259.0,29622.0,29259.0,29408.0,1721,38,3116992.39,29408.0
2023-04-14,N2U3,29195.0,29195.0,29189.0,29190.0,4,4,7184.49,29190.0
2023-04-14,N2Z3,30120.0,30120.0,30120.0,30120.0,1,1,1853.28,30350.0
2023-04-14,NAM3,12923.0,13035.0,12901.0,12923.0,61535,5854,652218319.05,12941.0
2023-04-14,NAU3,12857.0,13042.0,12854.0,12945.0,317,170,3355336.69,12945.0
2023-04-14,NAZ3,12958.0,12980.0,12480.0,12900.0,54,42,563579.77,12900.0
2023-04-14,NGJ3,2.119,2.13,2.042,2.129,1283630,178491,21987028961.77,2.125
2023-04-14,NGK3,2.373,2.385,2.311,2.376,81608,37550,1572030727.61,2.374
2023-04-14,NGM3,2.705,2.741,2.643,2.727,10091,4973,222750351.44,2.728
2023-04-14,NGN3,2.868,2.968,2.827,2.863,739,423,17360238.66,2.863
2023-04-14,NGQ3,2.977,2.993,2.953,2.985,230,152,5603261.22,2.976
2023-04-14,NGU3,3.106,3.153,3.103,3.137,77,48,1969518.87,3.137
2023-04-14,NKM3,121797.0,125804.0,121745.0,125023.0,799,700,99108972.0,124770.0
2023-04-14,NKU3,124114.0,127350.0,124114.0,127350.0,3,3,376416.0,126996.0
2023-04-14,NMM3,13102.0,13223.0,13075.0,13181.0,1468,939,19310627.0,13189.0
2023-04-14,NMU3,13307.0,13387.0,13307.0,13387.0,11,6,146856.0,13387.0
2023-04-14,OGM3,6928.0,6928.0,6584.0,6913.0,3,3,20425.0,6913.0
2023-04-14,OZM3,17027.0,17177.0,16800.0,16986.0,1723,712,29243132.0,16980.0
2023-04-14,PDM3,1525.0,1585.21,1525.0,1551.98,756,354,96108568.97,1551.98
2023-04-14,PDU3,1603.66,1628.19,1603.66,1615.3,14,14,1854008.11,1616.38
2023-04-14,PHM3,7251.0,7275.0,7201.0,7211.0,178,70,1287614.0,7211.0
2023-04-14,PHU3,7199.0,7199.0,7199.0,7199.0,1,1,7199.0,7200.0
2023-04-14,PIM3,6589.0,6656.0,6547.0,6631.0,467,124,3083899.0,6632.0
2023-04-14,POM3,6745.0,6953.0,6745.0,6796.0,45509,8993,311966613.0,6809.0
2023-04-14,POU3,6845.0,7032.0,6845.0,6887.0,517,308,3590764.0,6889.0
2023-04-14,PSM3,1728.0,1745.0,1720.0,1726.0,824,93,1424743.0,1727.0
2023-04-14,PSU3,2050.0,2050.0,2050.0,2050.0,1,1,2050.0,1827.0
2023-04-14,PTM3,1064.3,1073.7,1054.5,1058.4,541,314,47090304.35,1058.4
2023-04-14,PTU3,1083.3,1098.0,1083.3,1085.0,20,20,1785043.48,1085.0
2023-04-14,PZM3,98490.0,100000.0,97506.0,97999.0,1060,773,104964387.0,97764.0
2023-04-14,PZU3,98205.0,98205.0,98205.0,98205.0,1,1,98205.0,98205.0
2023-04-14,RIH4,100970.0,100970.0,100970.0,100970.0,1,1,165311.11,100970.0
2023-04-14,RIM3,98370.0,98910.0,97550.0,98310.0,93306,54356,15010750674.57,98320.0
2023-04-14,RIM4,100000.0,100000.0,100000.0,100000.0,1,1,163723.0,102670.0
2023-04-14,RIU3,98840.0,99340.0,98040.0,98800.0,137,129,22164852.49,98800.0
2023-04-14,RIZ3,98850.0,98980.0,98700.0,98860.0,4,4,647344.38,98950.0
2023-04-14,RLM3,4256.0,4282.0,4235.0,4276.0,1032,203,4394809.0,4276.0
2023-04-14,RMM3,983.0,989.0,975.5,983.0,13729,4334,220894060.5,982.5
2023-04-14,RMU3,987.0,995.0,983.0,991.0,589,122,9528185.26,990.5
2023-04-14,RNH4,39700.0,39700.0,39700.0,39700.0,1,1,39700.0,39701.0
2023-04-14,RNH5,40945.0,41016.0,40945.0,41016.0,2,2,81961.0,40950.0
2023-04-14,RNM3,38717.0,39350.0,38202.0,39264.0,2569,1070,99149765.0,39079.0
2023-04-14,RNM4,40722.0,41300.0,40722.0,41300.0,7,6,287619.0,41302.0
2023-04-14,RNU3,38999.0,39610.0,38600.0,39610.0,26,19,1017842.0,39346.0
2023-04-14,RNU4,40673.0,43501.0,40673.0,41900.0,56,35,2356023.0,41503.0
2023-04-14,RNZ3,38854.0,39100.0,37549.0,38900.0,53,30,2025119.0,38901.0
2023-04-14,RNZ4,41138.0,41138.0,41100.0,41100.0,8,2,328838.0,41104.0
2023-04-14,RTM3,6173.0,6227.0,6173.0,6214.0,232,78,1438293.0,6214.0
2023-04-14,SAK3,42.09,42.72,41.42,41.42,38,30,1622013.52,41.5
2023-04-14,SEM3,1549.0,1550.0,1549.0,1550.0,10,3,15499.0,1550.0
2023-04-14,SFH4,408.0,414.87,403.0,414.87,19,17,637488.04,413.2
2023-04-14,SFM3,408.3,412.79,408.09,410.01,105964,16601,3559159165.89,410.22
2023-04-14,SFU3,408.8,414.08,407.84,412.52,5568,3980,187379524.05,412.52
2023-04-14,SFZ3,406.35,412.58,406.35,411.13,194,122,6518146.17,411.13
2023-04-14,SGM3,34145.0,34389.0,33851.0,34389.0,208,157,7098479.0,34298.0
2023-04-14,SNM3,25088.0,25121.0,24840.0,24982.0,732,402,18270837.0,24958.0
2023-04-14,SNU3,24690.0,24690.0,24690.0,24690.0,1,1,24690.0,24690.0
2023-04-14,SOM3,4880.0,4978.0,4872.0,4970.0,802,115,3958774.0,4952.0
2023-04-14,SPM3,20072.0,20380.0,20012.0,20376.0,7249,3222,146364972.0,20348.0
2023-04-14,SPU3,20269.0,20500.0,20175.0,20500.0,79,49,1614585.0,20500.0
2023-04-14,SRH4,21102.0,21280.0,21100.0,21280.0,4,3,84582.0,21357.0
2023-04-14,SRM3,20109.0,20475.0,20053.0,20459.0,255348,70474,5172160341.0,20422.0
2023-04-14,SRU3,20441.0,20783.0,20380.0,20770.0,4642,1770,95284233.0,20735.0
2023-04-14,SRZ3,20891.0,21150.0,20850.0,21150.0,74,52,1552383.0,21150.0
2023-04-14,SSM3,2600.0,2628.0,2595.0,2611.0,1359,108,3554157.0,2614.0
2023-04-14,SVH4,26.31,26.89,26.22,26.45,44,11,956807.72,26.45
2023-04-14,SVM3,25.73,26.0,25.22,25.28,109719,18972,2308022736.47,25.31
2023-04-14,SVU3,25.99,26.23,25.47,25.57,3438,1559,72934279.7,25.59
2023-04-14,SVZ3,26.49,26.68,25.85,25.99,273,159,5881255.67,25.99
2023-04-14,SXM3,4301.7,4338.7,4301.7,4327.0,172,58,669828.17,4327.0
2023-04-14,SXU3,4190.1,4200.0,4172.9,4200.0,8,5,30204.32,4200.0
2023-04-14,SiH4,81400.0,81672.0,81151.0,81209.0,10,9,813104.0,81452.0
2023-04-14,SiM3,81000.0,81470.0,80831.0,81416.0,839515,203884,68125451263.0,81412.0
2023-04-14,SiM4,81347.0,82100.0,81347.0,81476.0,7,7,571713.0,81476.0
2023-04-14,SiU3,80949.0,81395.0,80784.0,81316.0,10157,4774,823621674.0,81300.0
2023-04-14,SiU4,82050.0,82050.0,81220.0,81323.0,11,11,896606.0,81401.0
2023-04-14,SiZ3,81188.0,81551.0,81000.0,81460.0,428,203,34760250.0,81478.0
2023-04-14,SiZ4,83800.0,84000.0,83283.0,83500.0,6,6,501633.0,83500.0
2023-04-14,TIM3,26700.0,27011.0,26592.0,26882.0,283,169,7575330.0,26881.0
2023-04-14,TNM3,119499.0,120000.0,117001.0,118002.0,12,12,1426290.0,119661.0
2023-04-14,TTM3,39892.0,39914.0,39483.0,39854.0,288,209,11438631.0,39914.0
2023-04-14,TTU3,39634.0,39635.0,39231.0,39322.0,9,8,354389.0,39322.0
2023-04-14,TTZ3,40500.0,40500.0,40000.0,40000.0,6,5,242001.0,40000.0
2023-04-14,TYH4,4.04,4.046,3.626,3.632,14,10,54030.0,3.802
2023-04-14,TYM3,4.022,4.099,4.022,4.093,435,37,1775221.0,4.093
2023-04-14,TYU3,3.959,3.981,3.916,3.916,7,6,27716.0,3.916
2023-04-14,TYZ3,3.952,3.952,3.952,3.952,1,1,3952.0,3.816
2023-04-14,UCM3,6.826,6.84,6.81,6.836,2024,1219,164261906.91,6.836
2023-04-14,USDRUBF,81.44,81.84,81.27,81.84,28750,5602,2343189400.0,81.86
2023-04-14,VBM3,1877.0,1887.0,1858.0,1883.0,85981,5770,161196121.0,1883.0
2023-04-14,VBU3,1901.0,1907.0,1881.0,1901.0,1673,289,3170340.0,1901.0
2023-04-14,VBZ3,1963.0,1963.0,1940.0,1950.0,10,9,19553.0,1951.0
2023-04-14,VIJ3,35.7,35.7,34.55,34.55,51,14,290723.53,34.8
2023-04-14,W4J3,13800.0,13910.0,13660.0,13780.0,62,36,856680.0,13730.0
2023-04-14,W4K3,13850.0,14020.0,13850.0,13890.0,65,22,908710.0,13890.0
2023-04-14,W4M3,14160.0,14310.0,14160.0,14170.0,13,10,185600.0,14170.0
2023-04-14,YNM3,19775.0,19863.0,19596.0,19770.0,3354,1232,66124350.0,19710.0
2023-04-14,YNU3,20171.0,20214.0,20002.0,20002.0,37,22,744717.0,20105.0
2026-09-07,92U6,73370.0,73370.0,71460.0,71510.0,12,12,861420.0,71460.0
2026-09-07,92V6,70770.0,71000.0,70770.0,71000.0,2,2,141770.0,71000.0
2026-09-07,95U6,76030.0,76030.0,75310.0,75310.0,15,15,1135300.0,75410.0
2026-09-07,95V6,76360.0,76360.0,75990.0,75990.0,5,5,381140.0,75990.0
2026-09-07,95X6,77310.0,77310.0,73830.0,76000.0,21,13,1585560.0,74040.0
2026-09-07,A2U6,1784.9,1784.9,1779.7,1779.7,4,3,61461.93,1717.2
2026-09-07,ABZ6,2229.0,2243.0,2179.0,2235.0,192,18,422454.0,2243.0
2026-09-07,AFU6,3411.0,3445.0,3292.0,3372.0,114443,11795,383893360.0,3357.0
2026-09-07,AFZ6,3499.0,3552.0,3390.0,3451.0,12392,3381,42745667.0,3447.0
2026-09-07,AGU6,94.37,94.37,94.37,94.37,5,2,40669.2,97.25
2026-09-07,AKU6,7796.0,7998.0,7523.0,7931.0,28835,5827,223588237.0,7852.0
2026-09-07,AKZ6,8024.0,8222.0,7777.0,8187.0,2517,1112,20147137.0,8093.0
2026-09-07,ALU6,2089.0,2130.0,2019.0,2102.0,82428,5610,171037883.0,2090.0
2026-09-07,ALZ6,2170.0,2200.0,2088.0,2176.0,17668,2376,37788284.0,2159.0
2026-09-07,ANU6,3307.5,3344.5,3306.0,3336.0,2381,752,68224215.61,3331.0
2026-09-07,ANZ6,3310.0,3341.5,3304.5,3336.0,403,226,11542600.12,3330.5
2026-09-07,APZ6,233.35,233.35,209.08,209.27,3,3,56170.67,209.27
2026-09-07,ARZ6,24.3,24.3,24.3,24.3,1,1,24300.0,24.3
2026-09-07,ASU6,219.0,220.0,212.0,219.0,63761,1113,13796561.0,219.0
2026-09-07,ASZ6,226.0,227.0,219.0,225.0,9729,318,2166861.0,225.0
2026-09-07,AUU6,0.7195,0.7224,0.7195,0.7224,3,3,186379.2,0.7221
2026-09-07,BBU6,114.32,114.33,106.5,112.67,1468,289,14136705.35,112.68
2026-09-07,BBZ6,116.99,117.0,110.19,115.32,317,128,3140082.26,115.65
2026-09-07,BDU6,99.9,100.0,93.78,95.5,1786,274,14669433.09,95.0
2026-09-07,BDZ6,101.41,102.36,95.7,97.97,109,74,922197.91,97.63
2026-09-07,BMF7,87.1,88.36,87.1,88.09,404,168,3055542.28,88.03
2026-09-07,BMG7,85.38,86.52,85.3,86.05,119,54,880412.74,85.85
2026-09-07,BMH7,85.19,85.6,84.51,84.61,53,39,387918.97,84.56
2026-09-07,BMJ7,85.5,85.75,83.96,84.01,42,21,306603.0,85.07
2026-09-07,BMV6,95.9,98.08,95.86,97.27,148743,26394,1245094565.71,97.73
2026-09-07,BMX6,92.06,94.05,92.02,93.69,5818,2456,46794469.58,93.85
2026-09-07,BMZ6,89.17,90.65,89.17,90.28,1396,655,10841297.63,90.48
2026-09-07,BNU6,1220.0,1251.0,1215.0,1239.0,2306,154,2837582.0,1244.0
2026-09-07,BNZ6,1228.0,1269.0,1225.0,1259.0,908,104,1133569.0,1251.0
2026-09-07,BRF7,86.75,88.34,86.75,88.24,424,351,32089863.18,88.03
2026-09-07,BRG7,85.25,86.47,84.83,85.9,311,242,22962488.19,85.82
2026-09-07,BRH7,84.59,85.64,84.05,84.86,98,92,7155508.2,84.52
2026-09-07,BRJ7,84.54,85.2,83.98,84.4,39,30,2847368.18,84.16
2026-09-07,BRV6,95.98,98.1,95.8,97.26,435972,79277,36530563632.93,97.74
2026-09-07,BRX6,92.25,94.08,92.08,93.62,17283,8627,1392180176.82,93.85
2026-09-07,BRZ6,89.2,90.73,88.88,90.63,1747,1007,135893089.58,90.65
2026-09-07,BSU6,2517.0,2574.0,2517.0,2558.0,7990,584,20427035.0,2564.0
2026-09-07,BSZ6,2425.0,2674.0,2392.0,2450.0,5054,493,12428601.0,2458.0
2026-09-07,BTU6,80071.0,80426.0,79001.0,79567.0,136838,8083,940582105.28,79129.0
2026-09-07,BTV6,80500.0,80890.0,79428.0,79971.0,16625,3165,114993011.16,79568.0
2026-09-07,BTX6,81013.0,81378.0,79946.0,80500.0,2358,507,16408315.17,80122.0
2026-09-07,BYU6,27.83,28.65,27.83,28.65,2,2,56480.0,28.21
2026-09-07,BZU6,37.03,37.04,37.03,37.04,2,2,6384.16,38.11
2026-09-07,BZZ6,36.65,36.68,36.65,36.68,7,4,22116.61,38.4
2026-09-07,CCG7,553.2,558.6,550.9,557.3,12703,2136,70446494.0,556.2
2026-09-07,CCX6,535.7,540.9,533.0,539.5,610309,35446,3278250207.0,538.3
2026-09-07,CEU6,14445.0,14645.0,14330.0,14633.0,25592,2751,321042086.8,14596.0
2026-09-07,CEZ6,14457.0,14616.0,14329.0,14604.0,4391,988,55051399.29,14601.0
2026-09-07,CFU6,0.811,0.811,0.8082,0.8084,11,9,948727.74,0.8084
2026-09-07,CFZ6,0.8143,0.8143,0.8055,0.8055,2,2,172466.91,0.8139
2026-09-07,CIU6,53.36,55.26,53.36,54.25,14,12,65262.07,54.25
2026-09-07,CIZ6,56.0,56.0,55.27,55.9,14,5,67433.3,55.27
2026-09-07,CKU6,6702.0,6800.0,6496.0,6746.0,11788,2121,78282738.0,6775.0
2026-09-07,CKZ6,6942.0,7032.0,6726.0,6978.0,1656,796,11392285.0,7003.0
2026-09-07,CMU6,10019.0,10087.0,9845.0,9892.0,3693,1521,36560402.0,9935.0
2026-09-07,CMZ6,9985.0,10037.0,9760.0,9853.0,285,139,2824156.0,9878.0
2026-09-07,CNYRUBF,12.801,12.942,12.75,12.937,3947463,87726,50747546214.0,12.899
2026-09-07,CRH7,13.284,13.408,13.23,13.391,13310,1509,177348547.0,13.376
2026-09-07,CRM7,13.493,13.62,13.451,13.613,706,245,9566163.0,13.594
2026-09-07,CRU6,12.837,12.971,12.774,12.964,10044325,279678,129447026642.0,12.936
2026-09-07,CRU7,13.737,13.897,13.695,13.866,153,65,2111538.0,13.841
2026-09-07,CRZ6,13.07,13.201,13.004,13.193,1127326,40647,14772712528.0,13.166
2026-09-07,CRZ7,13.949,14.1,13.949,14.1,67,11,942143.0,14.066
2026-09-07,CSU6,5075.0,5136.0,5075.0,5136.0,9,3,45891.0,5115.0
2026-09-07,CSZ6,5093.0,5093.0,5082.0,5082.0,3,2,15257.0,5211.0
2026-09-07,DDZ6,82.51,82.51,82.51,82.51,59,1,419585.58,82.98
2026-09-07,DJU6,524.2,544.7,524.2,534.3,70,29,3256654.34,537.8
2026-09-07,DJZ6,540.0,540.0,535.3,539.3,3,3,139163.83,538.0
2026-09-07,DLU6,70100.0,70190.0,69730.0,70000.0,52,27,3645510.0,69990.0
2026-09-07,DLV6,70190.0,70800.0,68530.0,69140.0,43,29,3003980.0,69950.0
2026-09-07,DLX6,68670.0,68670.0,68670.0,68670.0,1,1,68670.0,68670.0
2026-09-07,DRU6,2180.0,2186.0,2148.0,2183.0,5567,534,12080533.0,2179.0
2026-09-07,DRZ6,2260.0,2261.0,2222.0,2258.0,1771,257,3970146.0,2256.0
2026-09-07,DXU6,21550.0,21550.0,21287.0,21389.0,90,17,1932806.66,21389.0
2026-09-07,DXZ6,21167.0,21474.0,21167.0,21307.0,40,7,856725.35,21307.0
2026-09-07,EAU6,3170.0,3173.0,3076.0,3147.0,2287,258,7130423.0,3161.0
2026-09-07,EAZ6,3283.0,3288.0,3202.0,3267.0,289,79,935002.0,3273.0
2026-09-07,EDH7,1.1612,1.1657,1.1603,1.1603,5,5,501001.84,1.1603
2026-09-07,EDM7,1.1524,1.1614,1.1524,1.1614,2,2,199428.5,1.1602
2026-09-07,EDU6,1.1604,1.1627,1.1593,1.1614,66346,24400,6640864218.37,1.1619
2026-09-07,EDZ6,1.1609,1.1625,1.1588,1.1606,50718,23817,5071423879.44,1.1603
2026-09-07,EHU6,2467.6,2540.0,2460.0,2501.5,63662,3057,137173020.2,2477.7
2026-09-07,EHV6,2481.9,2533.0,2475.9,2505.7,11452,1116,24747233.43,2485.9
2026-09-07,EHX6,2498.5,2548.8,2492.6,2517.7,3143,99,6852844.02,2501.0
2026-09-07,EMU6,68.36,69.06,68.36,69.06,30,8,178356.74,68.83
2026-09-07,EMZ6,70.3,71.05,70.3,71.05,11,3,67292.76,70.3
2026-09-07,ERU6,99.7,100.87,99.37,100.74,114,45,1141919.0,100.69
2026-09-07,ERZ6,101.31,102.0,101.02,102.0,34,17,344857.0,102.0
2026-09-07,ETU6,18.6,19.03,18.57,18.81,66288,694,107532841.58,18.69
2026-09-07,ETZ6,19.12,19.48,19.02,19.28,2499,193,4142781.0,19.12
2026-09-07,EURRUBF,99.66,100.83,99.35,100.79,20499,4826,2056109570.0,100.17
2026-09-07,EuH7,102954.0,103838.0,102954.0,103838.0,17,15,1755272.0,103741.0
2026-09-07,EuU6,99713.0,100912.0,99278.0,100778.0,95560,42727,9578352792.0,100684.0
2026-09-07,EuZ6,101275.0,102206.0,100798.0,102108.0,97109,50116,9860444177.0,101988.0
2026-09-07,FEU6,6180.0,6214.0,6076.0,6185.0,1306,348,8002077.0,6193.0
2026-09-07,FEZ6,6393.0,6400.0,6279.0,6390.0,377,144,2384391.0,6397.0
2026-09-07,FFU6,73.455,76.315,73.455,75.0,47575,8630,356130401.38,74.99
2026-09-07,FFV6,74.435,77.44,74.435,76.145,9870,3312,75216996.98,76.16
2026-09-07,FIU6,4098.0,4113.0,4041.0,4094.0,359,39,1469487.0,4091.0
2026-09-07,FIZ6,4191.0,4212.0,4145.0,4189.0,29,29,121478.0,4189.0
2026-09-07,FLU6,8156.0,8235.0,7987.0,8133.0,2581,744,20979928.0,8175.0
2026-09-07,FLZ6,8268.0,8322.0,8140.0,8237.0,364,178,3003573.0,8268.0
2026-09-07,FNU6,8517.0,8554.0,8448.0,8464.0,8,6,67935.0,8464.0
2026-09-07,FNZ6,9035.0,9084.0,8900.0,8981.0,103,8,934849.0,8981.0
2026-09-07,FSU6,5011.0,5248.0,4880.0,5200.0,15163,3540,77484367.0,5202.0
2026-09-07,FSZ6,5171.0,5430.0,5070.0,5402.0,4509,1960,23889319.0,5386.0
2026-09-07,GAZPF,91.92,91.95,89.59,91.27,99795,10359,906581219.0,91.1
2026-09-07,GDH7,4536.7,4537.2,4489.4,4514.5,127,101,49305306.03,4519.4
2026-09-07,GDM7,4587.8,4587.8,4547.8,4573.8,14,13,5508951.72,4573.8
2026-09-07,GDU6,4439.7,4448.3,4393.3,4424.0,148932,42084,56729368369.69,4424.4
2026-09-07,GDZ6,4483.6,4490.0,4435.3,4467.5,12138,7187,4667068120.33,4466.3
2026-09-07,GKU6,1305.0,1327.0,1280.0,1322.0,293334,9242,383051204.0,1325.0
2026-09-07,GKZ6,1328.0,1357.0,1311.0,1353.0,26476,2528,35402753.0,1357.0
2026-09-07,GLDRUBF,12168.0,12204.0,12007.7,12200.4,444911,31296,5394649763.1,12171.0
2026-09-07,GLH7,12935.7,12991.8,12771.8,12980.0,384,177,4958941.3,12965.6
2026-09-07,GLM7,13268.6,13303.2,13071.9,13295.1,145,73,1918539.5,13292.5
2026-09-07,GLU6,12183.1,12236.4,12034.1,12234.2,217990,18981,2651153890.6,12211.5
2026-09-07,GLZ6,12600.0,12627.4,12411.3,12616.1,37294,6912,467882848.6,12599.4
2026-09-07,GNH7,4541.0,4541.3,4500.0,4524.0,31,28,1207415.22,4519.2
2026-09-07,GNM7,4582.6,4625.6,4577.8,4591.7,15,13,593400.91,4582.4
2026-09-07,GNU6,4438.4,4448.7,4393.7,4423.5,30324,11088,1154018334.65,4423.8
2026-09-07,GNZ6,4481.7,4490.9,4437.2,4469.3,2478,1406,95273839.77,4468.1
2026-09-07,GUU6,1.3504,1.3524,1.3503,1.3524,9,8,1048098.55,1.3511
2026-09-07,GUZ6,1.348,1.348,1.3368,1.3453,11,11,1271350.26,1.3368
2026-09-07,GZH7,9810.0,10072.0,9612.0,9813.0,893,412,8740143.0,9789.0
2026-09-07,GZM7,10123.0,10423.0,9945.0,10178.0,853,315,8653545.0,10152.0
2026-09-07,GZU6,9230.0,9248.0,8989.0,9164.0,294960,41308,2687950416.0,9164.0
2026-09-07,GZZ6,9535.0,9561.0,9320.0,9485.0,48372,9966,456243675.0,9481.0
2026-09-07,HDU6,2799.0,2820.0,2763.0,2814.0,3152,313,8803338.0,2810.0
2026-09-07,HDZ6,2706.0,2737.0,2646.0,2719.0,1139,179,3069968.0,2714.0
2026-09-07,HKU6,10.85,10.85,10.85,10.85,1,1,10850.0,11.032
2026-09-07,HOU6,39450.0,39450.0,39350.0,39370.0,6,4,236520.0,39370.0
2026-09-07,HOZ6,41050.0,41050.0,40800.0,40800.0,5,3,204270.0,40800.0
2026-09-07,HSU6,26269.0,26441.0,25884.0,25936.0,3117,99,8895276.98,25932.0
2026-09-07,HSZ6,26420.0,26677.0,26140.0,26180.0,134,56,388350.66,26178.0
2026-09-07,HXU6,1238.3,1347.8,1238.2,1343.9,815,227,9288507.85,1331.0
2026-09-07,HXZ6,1291.4,1350.0,1262.0,1350.0,58,23,654180.25,1325.0
2026-09-07,HYU6,3691.0,3740.0,3632.0,3690.0,6655,746,24519069.0,3740.0
2026-09-07,HYZ6,3814.0,3864.0,3754.0,3812.0,617,187,2354237.0,3860.0
2026-09-07,I2H7,1.0491,1.0491,0.8495,0.8495,10,2,94930.0,0.948
2026-09-07,IBH7,52.83,52.83,52.83,52.83,1,1,4553.47,46.02
2026-09-07,IBU6,45.19,45.45,44.54,44.9,55269,2095,214056919.04,44.63
2026-09-07,IBZ6,46.03,46.19,45.49,45.8,9243,497,36551131.12,45.56
2026-09-07,IMOEXF,2267.5,2278.5,2225.0,2272.0,1970316,114049,44386400655.0,2265.5
2026-09-07,IPH7,545.0,545.0,544.5,544.5,2,2,1089.5,527.5
2026-09-07,IPU6,486.0,504.5,462.5,496.0,411,142,200804.5,482.5
2026-09-07,IPZ6,497.5,514.5,497.5,509.0,64,45,32475.0,509.0
2026-09-07,IRU6,24137.0,24541.0,23540.0,24096.0,1721,842,41208385.0,24153.0
2026-09-07,IRZ6,25010.0,25010.0,24378.0,24960.0,250,173,6180860.0,24960.0
2026-09-07,ISU6,465.0,470.0,456.0,463.0,417,37,192296.0,458.0
2026-09-07,ISZ6,478.0,480.0,468.0,473.0,65,19,30841.0,468.0
2026-09-07,IVU6,6926.0,7000.0,6731.0,6993.0,447,125,3095307.0,6943.0
2026-09-07,IVZ6,6936.0,7174.0,6833.0,7129.0,271,68,1889577.0,7102.0
2026-09-07,JPU6,157.77,157.77,154.49,154.8,1373,164,117988664.38,154.78
2026-09-07,JPZ6,157.04,157.27,154.88,155.82,65,46,5602095.42,154.98
2026-09-07,KCG7,3.015,3.036,2.945,2.989,6992,1227,18069518.45,2.992
2026-09-07,KCX6,3.009,3.021,2.912,2.973,286189,14552,735536236.13,2.976
2026-09-07,KMU6,558.0,561.0,541.0,551.0,8722,458,4809927.0,555.0
2026-09-07,KMZ6,555.0,568.0,539.0,552.0,2909,210,1603859.0,551.0
2026-09-07,KRU6,185.11,189.06,185.02,189.06,104,36,1685563.28,187.42
2026-09-07,KRZ6,186.5,190.03,184.85,187.51,39,23,632460.95,187.52
2026-09-07,KZU6,18.89,18.89,18.89,18.89,3,1,56670.0,18.89
2026-09-07,LDH7,1460.9,1472.0,1454.0,1460.0,34,21,429211.31,1457.6
2026-09-07,LDM7,1491.0,1508.9,1487.7,1487.7,10,7,129118.43,1508.9
2026-09-07,LDU6,1391.7,1401.5,1379.6,1395.4,1862,769,22319447.64,1390.1
2026-09-07,LDZ6,1442.3,1447.7,1426.0,1442.1,511,294,6333253.27,1438.6
2026-09-07,LEU6,651.0,673.0,651.0,667.0,1938,97,1295641.0,672.0
2026-09-07,LEZ6,658.0,671.0,655.0,668.0,62,13,40934.0,659.0
2026-09-07,LKH7,49213.0,50371.0,48231.0,50351.0,373,316,18397096.0,49785.0
2026-09-07,LKM7,49000.0,50426.0,47905.0,50313.0,347,233,17119770.0,49810.0
2026-09-07,LKU6,50685.0,51850.0,49900.0,51670.0,32888,13928,1666296541.0,50900.0
2026-09-07,LKZ6,47951.0,48999.0,46800.0,48866.0,5440,3311,260145607.0,48395.0
2026-09-07,LNU6,1773.0,1792.0,1728.0,1777.0,5028,518,8855453.0,1774.0
2026-09-07,LNZ6,1735.0,1765.0,1675.0,1745.0,1422,244,2456030.0,1739.0
2026-09-07,LTH7,1892.5,1979.1,1889.3,1916.0,14,14,231228.93,1912.2
2026-09-07,LTM7,1967.9,2069.1,1958.4,1958.4,26,10,442146.92,1969.6
2026-09-07,LTU6,1839.9,1853.8,1807.8,1844.8,1570,813,24792724.61,1844.1
2026-09-07,LTZ6,1880.0,1890.0,1845.3,1881.4,391,259,6287350.85,1882.4
2026-09-07,MAU6,4582.0,4582.0,4508.0,4581.0,88,15,397776.0,4630.0
2026-09-07,MAZ6,4861.0,5089.0,4809.0,4932.0,122,20,608234.0,4813.0
2026-09-07,MCU6,3969.0,4050.0,3800.0,3988.0,25753,4065,101837659.0,4030.0
2026-09-07,MCZ6,3974.0,4000.0,3850.0,3970.0,3719,1071,14720019.0,4000.0
2026-09-07,MDU6,13283.0,13325.0,13082.0,13293.0,539,211,7139125.0,13287.0
2026-09-07,MDZ6,13423.0,13541.0,13284.0,13541.0,200,172,2689971.0,13489.0
2026-09-07,MEU6,15674.0,15712.0,15228.0,15487.0,8064,2317,124841870.0,15528.0
2026-09-07,MEZ6,16201.0,16219.0,15750.0,16031.0,1377,618,22058885.0,16051.0
2026-09-07,MGU6,23928.0,23969.0,23189.0,23805.0,4940,2340,116410186.0,23785.0
2026-09-07,MGZ6,24700.0,24728.0,24021.0,24598.0,1212,706,29537001.0,24567.0
2026-09-07,MMH7,2365.0,2371.0,2320.0,2369.1,729,496,17128512.0,2361.0
2026-09-07,MMH8,2655.0,2655.0,2655.0,2655.0,1,1,26550.0,2656.6
2026-09-07,MMM7,2426.25,2445.3,2404.85,2445.3,31,27,749922.0,2426.1
2026-09-07,MMM8,2740.0,2740.0,2738.2,2740.0,3,3,82182.0,2737.0
2026-09-07,MMU6,2277.0,2284.55,2228.55,2278.45,628820,127292,14196456307.0,2273.65
2026-09-07,MMU7,2525.2,2551.9,2417.4,2481.95,116,61,2853533.0,2440.0
2026-09-07,MMZ6,2299.95,2305.0,2250.0,2299.2,79219,26974,1803287360.0,2292.9
2026-09-07,MMZ7,2600.0,2600.0,2510.3,2566.45,115,51,2918164.5,2554.35
2026-09-07,MNU6,1690.0,1715.0,1630.0,1699.0,160122,7855,267587600.0,1698.0
2026-09-07,MNZ6,1736.0,1771.0,1684.0,1754.0,25705,3472,44344571.0,1754.0
2026-09-07,MTU6,19038.0,19101.0,18677.0,18889.0,2072,787,39198713.0,19093.0
2026-09-07,MTZ6,19607.0,19682.0,19250.0,19500.0,370,188,7216879.0,19650.0
2026-09-07,MVU6,464.0,465.0,443.0,452.0,14462,669,6570740.0,454.0
2026-09-07,MVZ6,452.0,454.0,438.0,442.0,3139,141,1393964.0,442.0
2026-09-07,MXH7,235875.0,237275.0,232075.0,237100.0,260,232,61115650.0,236225.0
2026-09-07,MXM7,243625.0,243625.0,239725.0,242775.0,25,25,6049275.0,242625.0
2026-09-07,MXM8,270000.0,270000.0,270000.0,270000.0,1,1,270000.0,270000.0
2026-09-07,MXU6,227275.0,228450.0,223125.0,227750.0,373860,129452,84436872525.0,227375.0
2026-09-07,MXU7,245000.0,245175.0,243100.0,244125.0,17,14,4153725.0,244125.0
2026-09-07,MXZ6,229600.0,230600.0,225125.0,230025.0,26011,16205,5929724775.0,229300.0
2026-09-07,MXZ7,254150.0,254175.0,253550.0,254175.0,7,7,1778525.0,254175.0
2026-09-07,MYU6,826.0,829.4,797.8,812.3,11353,126,118321890.28,812.3
2026-09-07,MYZ6,830.5,830.9,803.7,815.2,22,22,231803.69,815.2
2026-09-07,N2U6,66971.0,68751.0,66971.0,67782.0,567,138,2141196.02,68429.0
2026-09-07,N2Z6,66137.0,67635.0,66137.0,66962.0,257,84,950218.0,67470.0
2026-09-07,NAH7,29619.0,29731.0,29348.0,29682.0,89,69,2274628.72,29648.0
2026-09-07,NAM7,29731.0,29817.0,29458.0,29794.0,29,21,742792.31,29764.0
2026-09-07,NAU6,29425.0,29587.0,29419.0,29503.0,56276,7158,1431292893.15,29490.0
2026-09-07,NAZ6,29513.0,29666.0,29499.0,29577.0,12032,2383,306827663.87,29561.0
2026-09-07,NBU6,255.0,259.0,249.0,255.0,105837,742,26964862.0,258.0
2026-09-07,NBZ6,253.0,270.0,250.0,258.0,20059,534,5189138.0,259.0
2026-09-07,NCU6,16840.0,16880.0,16515.0,16650.0,252,53,3620918.66,16640.0
2026-09-07,NCZ6,17125.0,17195.0,17110.0,17190.0,23,12,340122.59,17190.0
2026-09-07,NDU6,8.866,8.866,8.721,8.721,39,16,296206.59,8.826
2026-09-07,NDZ6,9.198,9.198,9.116,9.116,3,3,23670.63,9.2
2026-09-07,NEH7,2619.0,2619.0,2581.0,2581.0,15,4,39247.0,2592.0
2026-09-07,NEZ6,2513.0,2592.0,2513.0,2565.0,245,25,626899.0,2581.0
2026-09-07,NGF7,3.7,3.72,3.66,3.715,84,56,2672969.42,3.707
2026-09-07,NGG7,3.101,3.133,3.085,3.13,72,33,1926314.9,3.105
2026-09-07,NGH7,3.031,3.04,2.995,3.04,24,19,624280.67,3.032
2026-09-07,NGU6,2.952,3.004,2.928,2.978,448244,46013,11493061297.41,2.966
2026-09-07,NGV6,3.084,3.134,3.065,3.113,25510,6243,682991503.62,3.104
2026-09-07,NGX6,3.527,3.566,3.527,3.555,1647,540,50318237.33,3.544
2026-09-07,NGZ6,3.937,3.966,3.918,3.944,380,254,12917843.58,3.94
2026-09-07,NMU6,7500.0,7588.0,7370.0,7534.0,18688,2881,139919683.0,7519.0
2026-09-07,NMZ6,7745.0,8149.0,7632.0,7801.0,3942,973,30677854.0,7780.0
2026-09-07,NOU6,164.99,164.99,151.35,153.75,65,34,872139.2,159.0
2026-09-07,NOZ6,162.0,170.94,153.93,156.31,40,17,559057.26,156.31
2026-09-07,NRF7,3.71,3.749,3.667,3.718,3223,860,1029775.7,3.717
2026-09-07,NRG7,3.115,3.147,3.089,3.137,1381,453,371339.4,3.113
2026-09-07,NRH7,3.07,3.078,3.029,3.068,234,62,61903.7,3.074
2026-09-07,NRU6,2.951,3.003,2.929,2.975,1478357,19336,378252407.04,2.967
2026-09-07,NRV6,3.088,3.15,3.069,3.123,108269,3166,29040694.19,3.106
2026-09-07,NRX6,3.573,3.573,3.531,3.556,6167,549,1885397.09,3.552
2026-09-07,NRZ6,3.946,3.97,3.923,3.944,4686,873,1593278.42,3.958
2026-09-07,NVU6,10225.0,10310.0,9967.0,10294.0,23344,5565,236521003.0,10229.0
2026-09-07,NVZ6,10242.0,10338.0,10005.0,10337.0,7740,2274,78767986.0,10244.0
2026-09-07,OGU6,6148.0,6315.0,5954.0,6211.0,89,48,546254.0,6054.0
2026-09-07,OGZ6,6297.0,6464.0,6203.0,6351.0,28,23,178058.0,6253.0
2026-09-07,OJF7,1.634,1.664,1.634,1.642,60,48,852591.76,1.661
2026-09-07,OJX6,1.569,1.591,1.554,1.578,2727,1077,37083624.5,1.585
2026-09-07,ONU6,2735.0,2778.0,2665.0,2700.0,896891,60109,2430438954.0,2707.0
2026-09-07,ONZ6,2828.0,2861.0,2753.0,2791.0,144171,13995,403669141.0,2797.0
2026-09-07,PDH7,1467.51,1467.51,1454.0,1463.97,14,14,1759919.36,1458.19
2026-09-07,PDM7,1486.19,1491.62,1485.5,1491.62,4,4,512793.35,1486.62
2026-09-07,PDU6,1392.4,1401.78,1380.17,1393.06,8958,4134,1073202692.53,1390.0
2026-09-07,PDZ6,1440.0,1445.48,1424.58,1442.0,424,370,52481599.81,1436.35
2026-09-07,PHU6,5873.0,5881.0,5562.0,5603.0,14784,2424,83699984.0,5627.0
2026-09-07,PHZ6,5952.0,5980.0,5700.0,5773.0,1999,579,11593922.0,5784.0
2026-09-07,PIU6,5494.0,5511.0,5296.0,5392.0,15092,2294,81745677.0,5387.0
2026-09-07,PSU6,1002.0,1020.0,977.0,1018.0,49144,1694,49135532.0,1011.0
2026-09-07,PSZ6,1030.0,1051.0,1007.0,1050.0,7724,689,7993470.0,1041.0
2026-09-07,PTH7,1895.4,1917.4,1891.2,1917.4,14,8,2307735.47,1912.9
2026-09-07,PTM7,1935.6,1953.4,1935.6,1953.4,3,3,503389.33,1944.3
2026-09-07,PTU6,1836.7,1845.1,1808.2,1843.9,8230,3759,1299682583.82,1843.6
2026-09-07,PTZ6,1875.3,1882.0,1845.4,1876.6,1379,411,222284787.1,1880.5
2026-09-07,PXU6,10124.0,10124.0,9860.0,9965.0,28974,6193,288347331.0,9979.0
2026-09-07,PXZ6,10401.0,10450.0,10205.0,10314.0,7286,2700,75047272.0,10324.0
2026-09-07,QQQF,720.9,721.5,718.4,718.9,331,41,20515167.37,719.0
2026-09-07,R2U6,294.9,295.5,294.5,294.5,20,7,508767.65,294.5
2026-09-07,R2Z6,295.0,295.0,294.1,294.1,9,5,228535.18,294.2
2026-09-07,RAU6,1335.0,1372.0,1283.0,1367.0,7458,349,9953966.0,1359.0
2026-09-07,RAZ6,1356.0,1384.0,1325.0,1384.0,2262,275,3065940.0,1375.0
2026-09-07,RBH7,11547.0,11564.0,11536.0,11546.0,1295,312,14954720.0,11544.0
2026-09-07,RBM7,11640.0,11640.0,11600.0,11600.0,17,12,197567.0,11606.0
2026-09-07,RBU7,11690.0,11690.0,11633.0,11633.0,2,2,23323.0,11633.0
2026-09-07,RBZ6,11467.0,11480.0,11446.0,11458.0,33343,3996,382109311.0,11455.0
2026-09-07,RDU6,7112.0,7227.0,6937.0,7135.0,446,88,3158220.0,7203.0
2026-09-07,RDZ6,7367.0,7459.0,7175.0,7459.0,61,40,445572.0,7431.0
2026-09-07,RFH7,4.784,4.784,4.784,4.784,1,1,47840.0,4.784
2026-09-07,RFU7,5.1099,5.1099,5.1099,5.1099,2,1,102198.0,5.1099
2026-09-07,RGBIF,113.56,113.79,113.44,113.6,8795,1191,99906235.0,113.52
2026-09-07,RIH7,83840.0,84350.0,82350.0,82870.0,212,198,30345885.91,83000.0
2026-09-07,RIM7,84870.0,84870.0,83240.0,83670.0,39,39,5613619.78,83670.0
2026-09-07,RIU6,83560.0,83850.0,81960.0,82700.0,76587,41446,10907553780.16,82760.0
2026-09-07,RIZ6,83120.0,83440.0,81490.0,82420.0,3930,2820,557642290.5,82470.0
2026-09-07,RLU6,2739.0,2747.0,2647.0,2712.0,33473,3192,90215536.0,2734.0
2026-09-07,RLZ6,2833.0,2840.0,2749.0,2796.0,16034,1817,44790796.0,2826.0
2026-09-07,RMU6,833.5,836.5,819.5,828.0,13696,2632,195219393.58,828.0
2026-09-07,RMZ6,830.0,833.0,807.0,826.0,1776,566,25242376.53,825.0
2026-09-07,RNH7,33966.0,36089.0,33965.0,35468.0,322,211,11348154.0,35292.0
2026-09-07,RNM7,35977.0,37737.0,35534.0,36932.0,285,124,10433227.0,36492.0
2026-09-07,RNU6,32402.0,34070.0,32250.0,33551.0,40874,12776,1367462074.0,33600.0
2026-09-07,RNZ6,33537.0,35239.0,33402.0,34728.0,5811,3015,201204095.0,34766.0
2026-09-07,RQU6,4304.0,4335.0,4243.0,4319.0,287,31,1227189.0,4299.0
2026-09-07,RQZ6,4386.0,4443.0,4365.0,4410.0,53,14,234362.0,4416.0
2026-09-07,RTU6,4183.0,4242.0,4054.0,4217.0,5271,823,21949476.0,4195.0
2026-09-07,RTZ6,4320.0,4387.0,4200.0,4381.0,2578,366,11082044.0,4341.0
2026-09-07,RUU6,836.0,860.0,828.0,845.0,89673,1741,75773391.0,846.0
2026-09-07,RUZ6,849.0,872.0,842.0,867.0,3219,455,2767319.0,865.0
2026-09-07,RZU6,7175.0,7292.0,7027.0,7100.0,2010,291,14367715.0,7104.0
2026-09-07,RZZ6,7434.0,7525.0,7295.0,7370.0,574,147,4253831.0,7366.0
2026-09-07,S0U6,522.0,523.0,508.0,514.0,15106,382,7769385.0,515.0
2026-09-07,S0Z6,543.0,543.0,529.0,530.0,1450,122,775608.0,535.0
2026-09-07,S1H7,69.93,70.1,69.06,69.76,448,270,2685535.46,69.7
2026-09-07,S1M7,71.52,71.52,70.77,71.1,30,19,183516.21,71.1
2026-09-07,S1U6,66.35,66.82,65.55,66.44,90234,11048,513857171.18,66.43
2026-09-07,S1Z6,68.09,68.35,67.21,68.01,7332,2574,42811925.41,67.96
2026-09-07,S2U6,178.51,181.47,176.87,180.77,1204,382,21645513.0,180.57
2026-09-07,S2Z6,186.44,188.86,184.35,188.86,143,117,2662968.0,187.89
2026-09-07,S3U6,103.12,107.49,102.67,104.18,1899,152,17373714.79,103.75
2026-09-07,S3V6,108.58,110.27,105.22,108.5,49,41,461566.55,106.75
2026-09-07,S3X6,106.93,111.0,106.93,110.79,4,4,37856.81,110.79
2026-09-07,SAH7,39.07,40.11,39.07,39.86,52,39,2103241.92,40.1
2026-09-07,SAV6,34.71,35.4,34.71,35.25,839,305,29939213.68,35.17
2026-09-07,SBERF,281.0,281.62,276.95,280.1,15635,3116,436969113.0,279.61
2026-09-07,SCU6,1067.0,1068.0,1028.0,1045.0,106595,2496,111364773.0,1041.0
2026-09-07,SCZ6,1104.0,1105.0,1066.0,1081.0,40209,1139,43444203.0,1077.0
2026-09-07,SDU6,39.7,39.7,38.0,38.1,13,11,43755.74,38.75
2026-09-07,SDZ6,38.63,39.95,38.44,39.9,38,18,128197.04,39.04
2026-09-07,SEU6,1460.0,1478.0,1338.0,1445.0,16300,951,23138179.0,1429.0
2026-09-07,SEZ6,1520.0,1620.0,1389.0,1493.0,8650,562,12893631.0,1485.0
2026-09-07,SFH7,772.88,774.41,769.41,770.5,214,123,14223107.04,770.05
2026-09-07,SFM7,774.93,775.84,770.12,772.03,52,46,3462151.1,771.14
2026-09-07,SFU6,770.36,773.07,767.69,768.45,21902,5669,1451875485.26,767.93
2026-09-07,SFZ6,771.76,774.0,769.22,770.22,7242,2805,480943219.4,769.49
2026-09-07,SGU6,41700.0,42164.0,41220.0,42139.0,3264,1508,136449006.0,41997.0
2026-09-07,SGZ6,43183.0,43662.0,42700.0,43623.0,669,468,28939534.0,43430.0
2026-09-07,SHU6,585.0,598.6,573.2,591.2,45158,1745,26535018.2,588.6
2026-09-07,SHZ6,572.2,587.4,560.8,574.0,7357,443,4224384.0,573.6
2026-09-07,SKU6,199.0,203.5,196.81,202.71,292,87,5049387.23,200.92
2026-09-07,SKZ6,199.8,202.9,197.17,201.0,23,18,396949.22,200.0
2026-09-07,SLVRUBF,178.17,180.1,175.94,179.67,5913,2125,105247988.0,179.3
2026-09-07,SNU6,15767.0,16081.0,15523.0,15944.0,3482,1255,54954372.0,15957.0
2026-09-07,SNZ6,16300.0,16620.0,16050.0,16500.0,1006,460,16419939.0,16499.0
2026-09-07,SOU6,5442.0,5500.0,5381.0,5482.0,7520,1397,40886527.0,5490.0
2026-09-07,SOZ6,5200.0,5509.0,5162.0,5255.0,5389,1157,28172161.0,5274.0
2026-09-07,SP500F,770.6,771.9,768.4,769.6,380,114,25208873.98,770.2
2026-09-07,SPH7,30014.0,30047.0,29863.0,30047.0,3,3,89924.0,29953.0
2026-09-07,SPM7,30787.0,30787.0,30101.0,30712.0,8,6,243433.0,30712.0
2026-09-07,SPU6,28252.0,28337.0,27854.0,28143.0,3406,1511,95689727.0,28185.0
2026-09-07,SPZ6,29226.0,29262.0,28856.0,29150.0,275,220,7997028.0,29145.0
2026-09-07,SQU6,92.58,93.77,92.5,93.77,2177,581,17478823.6,93.64
2026-09-07,SQZ6,94.67,95.32,94.16,95.09,2349,395,19157988.18,95.17
2026-09-07,SRH7,30189.0,30205.0,29792.0,30139.0,304,178,9123291.0,30115.0
2026-09-07,SRM7,30799.0,31071.0,30596.0,31071.0,55,31,1696596.0,30856.0
2026-09-07,SRU6,28219.0,28292.0,27821.0,28145.0,92975,26542,2609667510.0,28155.0
2026-09-07,SRZ6,29195.0,29270.0,28797.0,29122.0,11113,4826,322790397.0,29130.0
2026-09-07,SSU6,380.0,383.0,365.0,371.0,744584,5613,276875174.0,371.0
2026-09-07,SSZ6,392.0,395.0,376.0,383.0,108950,1716,41930051.0,383.0
2026-09-07,SVH7,69.7,70.15,69.0,69.57,253,202,15167495.08,69.71
2026-09-07,SVM7,71.22,71.22,70.77,71.01,28,15,1710820.44,71.17
2026-09-07,SVU6,66.36,66.85,65.54,66.43,142526,24048,8115567835.11,66.43
2026-09-07,SVZ6,67.95,68.38,67.12,67.89,15789,5691,921766723.77,67.98
2026-09-07,SXU6,6552.5,6552.5,6450.0,6498.5,288,17,1872625.55,6472.8
2026-09-07,SXZ6,6499.7,6500.0,6450.0,6469.1,13,6,84271.25,6469.1
2026-09-07,SYU6,24.6,24.6,23.36,23.36,2,2,41337.15,23.66
2026-09-07,SZU6,697.0,707.0,674.0,700.0,140631,7823,96938045.0,694.0
2026-09-07,SZZ6,676.0,678.0,646.0,674.0,19991,1207,13223877.0,667.0
2026-09-07,SiH7,88940.0,89661.0,88502.0,89655.0,2427,908,216530657.0,89500.0
2026-09-07,SiM7,90622.0,91412.0,90352.0,91412.0,175,115,15921229.0,91410.0
2026-09-07,SiU6,85938.0,86897.0,85562.0,86872.0,1389495,247221,119912382266.0,86670.0
2026-09-07,SiU7,93000.0,93704.0,92889.0,93410.0,20,19,1864990.0,93411.0
2026-09-07,SiZ6,87050.0,88036.0,86810.0,88025.0,302253,53529,26388973261.0,87827.0
2026-09-07,SiZ7,94552.0,95736.0,94418.0,95279.0,66,53,6270138.0,95251.0
2026-09-07,SuU6,52000.0,52460.0,51500.0,51600.0,158,85,820069.0,51600.0
2026-09-07,SuV6,58040.0,58850.0,58000.0,58260.0,86,36,501845.0,58000.0
2026-09-07,TBU6,2653.0,2725.0,2605.0,2650.0,117795,5802,311439766.0,2655.0
2026-09-07,TBZ6,2711.0,2770.0,2651.0,2703.0,17172,1814,46243757.0,2706.0
2026-09-07,TCU6,440.4,440.4,438.6,438.6,2,2,96622.32,440.4
2026-09-07,TCZ6,449.8,449.8,449.8,449.8,1,1,49443.37,449.7
2026-09-07,TLU6,82.16,82.6,81.84,81.98,15,14,1061268.54,81.97
2026-09-07,TLZ6,82.25,83.07,82.1,82.16,13,13,926465.97,82.87
2026-09-07,TNU6,1070.0,1073.0,1049.0,1065.0,37302,1371,39655114.0,1071.0
2026-09-07,TNZ6,1107.0,1111.0,1088.0,1104.0,12171,1174,13375350.0,1110.0
2026-09-07,TOU6,197.81,199.8,193.2,195.4,7,6,118912.54,195.4
2026-09-07,TOZ6,203.0,204.0,193.81,204.0,6,6,102996.52,202.6
2026-09-07,TPU6,5771.0,5845.0,5706.0,5753.0,1213,367,6985906.0,5782.0
2026-09-07,TPZ6,5677.0,5726.0,5593.0,5640.0,370,157,2084611.0,5660.0
2026-09-07,TSU6,442.3,442.3,420.4,435.4,13,10,486004.64,420.4
2026-09-07,TSZ6,464.5,464.5,435.6,435.6,3,3,115745.76,435.6
2026-09-07,TTU6,59466.0,60300.0,58721.0,59438.0,1560,917,92473729.0,59577.0
2026-09-07,TTZ6,58237.0,58969.0,57701.0,58210.0,380,211,22100763.0,58508.0
2026-09-07,TXU6,0.3341,0.3385,0.3338,0.3358,20,12,57909.18,0.3349
2026-09-07,TXV6,0.3357,0.3357,0.3357,0.3357,1,1,2893.43,0.336
2026-09-07,TYU6,1.682,1.749,1.674,1.694,103,8,173125.0,1.7
2026-09-07,TYZ6,1.663,1.67,1.63,1.64,190,6,311673.0,1.641
2026-09-07,UCH7,6.684,6.684,6.684,6.684,1,1,86184.16,6.677
2026-09-07,UCU6,6.696,6.705,6.692,6.697,18295,2868,1580688586.2,6.7
2026-09-07,UCZ6,6.676,6.682,6.666,6.669,933,428,80257378.28,6.67
2026-09-07,UMU6,85.92,86.89,85.47,86.82,8635,1487,74434502.0,86.69
2026-09-07,UMZ6,87.1,88.13,86.79,87.97,1658,481,14498534.0,87.8
2026-09-07,UNU6,10410.0,10476.0,10134.0,10420.0,2447,791,25182664.0,10422.0
2026-09-07,UNZ6,10826.0,10845.0,10487.0,10794.0,755,374,8081454.0,10790.0
2026-09-07,USDRUBF,85.8,86.79,85.52,86.74,269830,33701,23276673040.0,86.19
2026-09-07,VBU6,5326.0,5332.0,5182.0,5295.0,185836,23264,976961094.0,5287.0
2026-09-07,VBZ6,5511.0,5519.0,5374.0,5476.0,68290,9177,371869233.0,5472.0
2026-09-07,VIU6,40.5,40.5,39.5,39.55,987,91,6783237.19,39.95
2026-09-07,VIV6,39.3,39.95,39.3,39.9,96,64,654749.09,39.55
2026-09-07,VKU6,1219.0,1228.0,1182.0,1211.0,220430,6876,266629913.0,1218.0
2026-09-07,VKZ6,1260.0,1269.0,1222.0,1250.0,31944,2269,39855961.0,1262.0
2026-09-07,W4F7,17200.0,17320.0,16890.0,17190.0,281,125,4807380.0,17170.0
2026-09-07,W4G7,18020.0,18390.0,17840.0,18040.0,66,49,1191000.0,18060.0
2026-09-07,W4H7,18990.0,19130.0,18990.0,19130.0,95,8,1805110.0,19110.0
2026-09-07,W4J7,19150.0,19900.0,19150.0,19810.0,19,18,372170.0,19900.0
2026-09-07,W4K7,19700.0,20500.0,19700.0,20200.0,83,36,1674170.0,20500.0
2026-09-07,W4M7,20180.0,20690.0,19870.0,20250.0,46,36,943660.0,20680.0
2026-09-07,W4N7,20000.0,20560.0,20000.0,20490.0,40,28,813020.0,20490.0
2026-09-07,W4Q7,19290.0,20680.0,19290.0,20030.0,10,10,201810.0,20030.0
2026-09-07,W4U6,12740.0,12790.0,12530.0,12620.0,4173,1468,52761690.0,12590.0
2026-09-07,W4V6,14010.0,14120.0,13890.0,13990.0,2242,1049,31334360.0,13940.0
2026-09-07,W4X6,15070.0,15130.0,14960.0,15110.0,394,270,5930950.0,15060.0
2026-09-07,W4Z6,16090.0,16150.0,15900.0,16110.0,265,175,4247380.0,16060.0
2026-09-07,WTF7,79.6,86.45,79.6,86.45,2,2,143119.99,86.45
2026-09-07,WTG7,83.0,84.9,79.85,84.9,7,7,497536.95,84.9
2026-09-07,WTU6,92.29,93.08,91.4,92.65,164,37,13083434.1,93.02
2026-09-07,WTV6,89.0,91.24,89.0,89.85,7,7,541778.75,89.85
2026-09-07,WTX6,90.0,90.0,86.23,87.0,13,4,999969.58,87.0
2026-09-07,WUU6,433.0,435.0,413.0,427.0,113330,1902,47903792.0,423.0
2026-09-07,WUZ6,448.0,450.0,428.0,442.0,14623,546,6469694.0,438.0
2026-09-07,X5U6,1832.0,1836.0,1802.0,1822.0,38690,2614,70391682.0,1823.0
2026-09-07,X5Z6,1897.0,1900.0,1866.0,1887.0,16462,1566,30988568.0,1889.0
2026-09-07,XIU6,29.05,29.14,27.48,27.78,343,60,10473309.32,27.63
2026-09-07,XIZ6,28.52,28.96,28.52,28.58,6,6,189188.46,28.58
2026-09-07,XRU6,1.4252,1.4426,1.3972,1.4153,1002,207,12294549.82,1.4006
2026-09-07,XRV6,1.4466,1.4692,1.4088,1.43,109,73,1358433.05,1.4159
2026-09-07,XRX6,1.4657,1.4657,1.4657,1.4657,2,2,25266.02,1.4657
2026-09-07,YDU6,3853.0,3900.0,3738.0,3882.0,135594,9168,517291551.0,3887.0
2026-09-07,YDZ6,3886.0,3926.0,3752.0,3909.0,21417,3078,82160018.0,3913.0
2026-09-07,ZCH7,3919.0,3919.0,3919.0,3919.0,1,1,33778.25,4044.5
2026-09-07,ZCU6,4017.0,4139.5,4015.0,4139.5,455,95,16128943.57,4111.0
2026-09-07,ZCZ6,4021.5,4079.0,3983.0,4050.0,34,30,1188694.53,4077.0
